E,1,U,U,0,29, 12/14/2018 01:29:04, 12/14/2018 01:29:33 ,,
E,2,5, W,30,59, 12/14/2018 01:29:34, 12/14/2018 01:30:03 ,,
E,3,5, W,60,89, 12/14/2018 01:30:04, 12/14/2018 01:30:33 ,,
E,4,5, W,90,119, 12/14/2018 01:30:34, 12/14/2018 01:31:03 ,,
E,5,5, W,120,149, 12/14/2018 01:31:04, 12/14/2018 01:31:33 ,,
E,6,5, W,150,179, 12/14/2018 01:31:34, 12/14/2018 01:32:03 ,,
E,7,5, W,180,209, 12/14/2018 01:32:04, 12/14/2018 01:32:33 ,,
E,8,5, W,210,239, 12/14/2018 01:32:34, 12/14/2018 01:33:03 ,,
E,9,5, W,240,269, 12/14/2018 01:33:04, 12/14/2018 01:33:33 ,,
E,10,5, W,270,299, 12/14/2018 01:33:34, 12/14/2018 01:34:03 ,,
E,11,5, W,300,329, 12/14/2018 01:34:04, 12/14/2018 01:34:33 ,,
E,12,5, W,330,359, 12/14/2018 01:34:34, 12/14/2018 01:35:03 ,,
E,13,5, W,360,389, 12/14/2018 01:35:04, 12/14/2018 01:35:33 ,,
E,14,5, W,390,419, 12/14/2018 01:35:34, 12/14/2018 01:36:03 ,,
E,15,5, W,420,449, 12/14/2018 01:36:04, 12/14/2018 01:36:33 ,,
E,16,5, W,450,479, 12/14/2018 01:36:34, 12/14/2018 01:37:03 ,,
E,17,U,U,480,509, 12/14/2018 01:37:04, 12/14/2018 01:37:33 ,,
E,18,U,U,510,539, 12/14/2018 01:37:34, 12/14/2018 01:38:03 ,,
E,19,1, N1,540,569, 12/14/2018 01:38:04, 12/14/2018 01:38:33 ,,
E,20,1, N1,570,599, 12/14/2018 01:38:34, 12/14/2018 01:39:03 ,,
E,21,1, N1,600,629, 12/14/2018 01:39:04, 12/14/2018 01:39:33 ,,
E,22,U,U,630,659, 12/14/2018 01:39:34, 12/14/2018 01:40:03 ,,
E,23,5, W,660,689, 12/14/2018 01:40:04, 12/14/2018 01:40:33 ,,
E,24,1, N1,690,719, 12/14/2018 01:40:34, 12/14/2018 01:41:03 ,,
E,25,U,U,720,749, 12/14/2018 01:41:04, 12/14/2018 01:41:33 ,,
E,26,U,U,750,779, 12/14/2018 01:41:34, 12/14/2018 01:42:03 ,,
E,27,U,U,780,809, 12/14/2018 01:42:04, 12/14/2018 01:42:33 ,,
E,28,1, N1,810,839, 12/14/2018 01:42:34, 12/14/2018 01:43:03 ,,
E,29,U,U,840,869, 12/14/2018 01:43:04, 12/14/2018 01:43:33 ,,
E,30,2, N2,870,899, 12/14/2018 01:43:34, 12/14/2018 01:44:03 ,,
E,31,2, N2,900,929, 12/14/2018 01:44:04, 12/14/2018 01:44:33 ,,
E,32,2, N2,930,959, 12/14/2018 01:44:34, 12/14/2018 01:45:03 ,,
E,33,2, N2,960,989, 12/14/2018 01:45:04, 12/14/2018 01:45:33 ,,
E,34,2, N2,990,1019, 12/14/2018 01:45:34, 12/14/2018 01:46:03 ,,
E,35,2, N2,1020,1049, 12/14/2018 01:46:04, 12/14/2018 01:46:33 ,,
E,36,U,U,1050,1079, 12/14/2018 01:46:34, 12/14/2018 01:47:03 ,,
E,37,2, N2,1080,1109, 12/14/2018 01:47:04, 12/14/2018 01:47:33 ,,
E,38,2, N2,1110,1139, 12/14/2018 01:47:34, 12/14/2018 01:48:03 ,,
E,39,2, N2,1140,1169, 12/14/2018 01:48:04, 12/14/2018 01:48:33 ,,
E,40,2, N2,1170,1199, 12/14/2018 01:48:34, 12/14/2018 01:49:03 ,,
E,41,U,U,1200,1229, 12/14/2018 01:49:04, 12/14/2018 01:49:33 ,,
E,42,2, N2,1230,1259, 12/14/2018 01:49:34, 12/14/2018 01:50:03 ,,
E,43,2, N2,1260,1289, 12/14/2018 01:50:04, 12/14/2018 01:50:33 ,,
E,44,2, N2,1290,1319, 12/14/2018 01:50:34, 12/14/2018 01:51:03 ,,
E,45,U,U,1320,1349, 12/14/2018 01:51:04, 12/14/2018 01:51:33 ,,
E,46,2, N2,1350,1379, 12/14/2018 01:51:34, 12/14/2018 01:52:03 ,,
E,47,2, N2,1380,1409, 12/14/2018 01:52:04, 12/14/2018 01:52:33 ,,
E,48,2, N2,1410,1439, 12/14/2018 01:52:34, 12/14/2018 01:53:03 ,,
E,49,2, N2,1440,1469, 12/14/2018 01:53:04, 12/14/2018 01:53:33 ,,
E,50,2, N2,1470,1499, 12/14/2018 01:53:34, 12/14/2018 01:54:03 ,,
E,51,U,U,1500,1529, 12/14/2018 01:54:04, 12/14/2018 01:54:33 ,,
E,52,2, N2,1530,1559, 12/14/2018 01:54:34, 12/14/2018 01:55:03 ,,
E,53,U,U,1560,1589, 12/14/2018 01:55:04, 12/14/2018 01:55:33 ,,
E,54,2, N2,1590,1619, 12/14/2018 01:55:34, 12/14/2018 01:56:03 ,,
E,55,2, N2,1620,1649, 12/14/2018 01:56:04, 12/14/2018 01:56:33 ,,
E,56,2, N2,1650,1679, 12/14/2018 01:56:34, 12/14/2018 01:57:03 ,,
E,57,2, N2,1680,1709, 12/14/2018 01:57:04, 12/14/2018 01:57:33 ,,
E,58,U,U,1710,1739, 12/14/2018 01:57:34, 12/14/2018 01:58:03 ,,
E,59,U,U,1740,1769, 12/14/2018 01:58:04, 12/14/2018 01:58:33 ,,
E,60,U,U,1770,1799, 12/14/2018 01:58:34, 12/14/2018 01:59:03 ,,
E,61,U,U,1800,1829, 12/14/2018 01:59:04, 12/14/2018 01:59:33 ,,
E,62,U,U,1830,1859, 12/14/2018 01:59:34, 12/14/2018 02:00:03 ,,
E,63,U,U,1860,1889, 12/14/2018 02:00:04, 12/14/2018 02:00:33 ,,
E,64,U,U,1890,1919, 12/14/2018 02:00:34, 12/14/2018 02:01:03 ,,
E,65,U,U,1920,1949, 12/14/2018 02:01:04, 12/14/2018 02:01:33 ,,
E,66,U,U,1950,1979, 12/14/2018 02:01:34, 12/14/2018 02:02:03 ,,
E,67,3, N3,1980,2009, 12/14/2018 02:02:04, 12/14/2018 02:02:33 ,,
E,68,U,U,2010,2039, 12/14/2018 02:02:34, 12/14/2018 02:03:03 ,,
E,69,3, N3,2040,2069, 12/14/2018 02:03:04, 12/14/2018 02:03:33 ,,
E,70,3, N3,2070,2099, 12/14/2018 02:03:34, 12/14/2018 02:04:03 ,,
E,71,3, N3,2100,2129, 12/14/2018 02:04:04, 12/14/2018 02:04:33 ,,
E,72,U,U,2130,2159, 12/14/2018 02:04:34, 12/14/2018 02:05:03 ,,
E,73,3, N3,2160,2189, 12/14/2018 02:05:04, 12/14/2018 02:05:33 ,,
E,74,3, N3,2190,2219, 12/14/2018 02:05:34, 12/14/2018 02:06:03 ,,
E,75,U,U,2220,2249, 12/14/2018 02:06:04, 12/14/2018 02:06:33 ,,
E,76,U,U,2250,2279, 12/14/2018 02:06:34, 12/14/2018 02:07:03 ,,
E,77,U,U,2280,2309, 12/14/2018 02:07:04, 12/14/2018 02:07:33 ,,
E,78,3, N3,2310,2339, 12/14/2018 02:07:34, 12/14/2018 02:08:03 ,,
E,79,3, N3,2340,2369, 12/14/2018 02:08:04, 12/14/2018 02:08:33 ,,
E,80,3, N3,2370,2399, 12/14/2018 02:08:34, 12/14/2018 02:09:03 ,,
E,81,3, N3,2400,2429, 12/14/2018 02:09:04, 12/14/2018 02:09:33 ,,
E,82,3, N3,2430,2459, 12/14/2018 02:09:34, 12/14/2018 02:10:03 ,,
E,83,3, N3,2460,2489, 12/14/2018 02:10:04, 12/14/2018 02:10:33 ,,
E,84,3, N3,2490,2519, 12/14/2018 02:10:34, 12/14/2018 02:11:03 ,,
E,85,3, N3,2520,2549, 12/14/2018 02:11:04, 12/14/2018 02:11:33 ,,
E,86,3, N3,2550,2579, 12/14/2018 02:11:34, 12/14/2018 02:12:03 ,,
E,87,3, N3,2580,2609, 12/14/2018 02:12:04, 12/14/2018 02:12:33 ,,
E,88,3, N3,2610,2639, 12/14/2018 02:12:34, 12/14/2018 02:13:03 ,,
E,89,3, N3,2640,2669, 12/14/2018 02:13:04, 12/14/2018 02:13:33 ,,
E,90,3, N3,2670,2699, 12/14/2018 02:13:34, 12/14/2018 02:14:03 ,,
E,91,3, N3,2700,2729, 12/14/2018 02:14:04, 12/14/2018 02:14:33 ,,
E,92,5, W,2730,2759, 12/14/2018 02:14:34, 12/14/2018 02:15:03 ,,
E,93,U,U,2760,2789, 12/14/2018 02:15:04, 12/14/2018 02:15:33 ,,
E,94,3, N3,2790,2819, 12/14/2018 02:15:34, 12/14/2018 02:16:03 ,,
E,95,U,U,2820,2849, 12/14/2018 02:16:04, 12/14/2018 02:16:33 ,,
E,96,3, N3,2850,2879, 12/14/2018 02:16:34, 12/14/2018 02:17:03 ,,
E,97,U,U,2880,2909, 12/14/2018 02:17:04, 12/14/2018 02:17:33 ,,
E,98,U,U,2910,2939, 12/14/2018 02:17:34, 12/14/2018 02:18:03 ,,
E,99,U,U,2940,2969, 12/14/2018 02:18:04, 12/14/2018 02:18:33 ,,
E,100,2, N2,2970,2999, 12/14/2018 02:18:34, 12/14/2018 02:19:03 ,,
E,101,U,U,3000,3029, 12/14/2018 02:19:04, 12/14/2018 02:19:33 ,,
E,102,U,U,3030,3059, 12/14/2018 02:19:34, 12/14/2018 02:20:03 ,,
E,103,2, N2,3060,3089, 12/14/2018 02:20:04, 12/14/2018 02:20:33 ,,
E,104,2, N2,3090,3119, 12/14/2018 02:20:34, 12/14/2018 02:21:03 ,,
E,105,2, N2,3120,3149, 12/14/2018 02:21:04, 12/14/2018 02:21:33 ,,
E,106,2, N2,3150,3179, 12/14/2018 02:21:34, 12/14/2018 02:22:03 ,,
E,107,2, N2,3180,3209, 12/14/2018 02:22:04, 12/14/2018 02:22:33 ,,
E,108,2, N2,3210,3239, 12/14/2018 02:22:34, 12/14/2018 02:23:03 ,,
E,109,2, N2,3240,3269, 12/14/2018 02:23:04, 12/14/2018 02:23:33 ,,
E,110,2, N2,3270,3299, 12/14/2018 02:23:34, 12/14/2018 02:24:03 ,,
E,111,2, N2,3300,3329, 12/14/2018 02:24:04, 12/14/2018 02:24:33 ,,
E,112,2, N2,3330,3359, 12/14/2018 02:24:34, 12/14/2018 02:25:03 ,,
E,113,2, N2,3360,3389, 12/14/2018 02:25:04, 12/14/2018 02:25:33 ,,
E,114,2, N2,3390,3419, 12/14/2018 02:25:34, 12/14/2018 02:26:03 ,,
E,115,2, N2,3420,3449, 12/14/2018 02:26:04, 12/14/2018 02:26:33 ,,
E,116,2, N2,3450,3479, 12/14/2018 02:26:34, 12/14/2018 02:27:03 ,,
E,117,2, N2,3480,3509, 12/14/2018 02:27:04, 12/14/2018 02:27:33 ,,
E,118,2, N2,3510,3539, 12/14/2018 02:27:34, 12/14/2018 02:28:03 ,,
E,119,2, N2,3540,3569, 12/14/2018 02:28:04, 12/14/2018 02:28:33 ,,
E,120,2, N2,3570,3599, 12/14/2018 02:28:34, 12/14/2018 02:29:03 ,,
E,121,2, N2,3600,3629, 12/14/2018 02:29:04, 12/14/2018 02:29:33 ,,
E,122,2, N2,3630,3659, 12/14/2018 02:29:34, 12/14/2018 02:30:03 ,,
E,123,U,U,3660,3689, 12/14/2018 02:30:04, 12/14/2018 02:30:33 ,,
E,124,5, W,3690,3719, 12/14/2018 02:30:34, 12/14/2018 02:31:03 ,,
E,125,U,U,3720,3749, 12/14/2018 02:31:04, 12/14/2018 02:31:33 ,,
E,126,U,U,3750,3779, 12/14/2018 02:31:34, 12/14/2018 02:32:03 ,,
E,127,2, N2,3780,3809, 12/14/2018 02:32:04, 12/14/2018 02:32:33 ,,
E,128,2, N2,3810,3839, 12/14/2018 02:32:34, 12/14/2018 02:33:03 ,,
E,129,2, N2,3840,3869, 12/14/2018 02:33:04, 12/14/2018 02:33:33 ,,
E,130,2, N2,3870,3899, 12/14/2018 02:33:34, 12/14/2018 02:34:03 ,,
E,131,2, N2,3900,3929, 12/14/2018 02:34:04, 12/14/2018 02:34:33 ,,
E,132,2, N2,3930,3959, 12/14/2018 02:34:34, 12/14/2018 02:35:03 ,,
E,133,2, N2,3960,3989, 12/14/2018 02:35:04, 12/14/2018 02:35:33 ,,
E,134,2, N2,3990,4019, 12/14/2018 02:35:34, 12/14/2018 02:36:03 ,,
E,135,2, N2,4020,4049, 12/14/2018 02:36:04, 12/14/2018 02:36:33 ,,
E,136,U,U,4050,4079, 12/14/2018 02:36:34, 12/14/2018 02:37:03 ,,
E,137,2, N2,4080,4109, 12/14/2018 02:37:04, 12/14/2018 02:37:33 ,,
E,138,2, N2,4110,4139, 12/14/2018 02:37:34, 12/14/2018 02:38:03 ,,
E,139,2, N2,4140,4169, 12/14/2018 02:38:04, 12/14/2018 02:38:33 ,,
E,140,2, N2,4170,4199, 12/14/2018 02:38:34, 12/14/2018 02:39:03 ,,
E,141,2, N2,4200,4229, 12/14/2018 02:39:04, 12/14/2018 02:39:33 ,,
E,142,2, N2,4230,4259, 12/14/2018 02:39:34, 12/14/2018 02:40:03 ,,
E,143,2, N2,4260,4289, 12/14/2018 02:40:04, 12/14/2018 02:40:33 ,,
E,144,2, N2,4290,4319, 12/14/2018 02:40:34, 12/14/2018 02:41:03 ,,
E,145,2, N2,4320,4349, 12/14/2018 02:41:04, 12/14/2018 02:41:33 ,,
E,146,2, N2,4350,4379, 12/14/2018 02:41:34, 12/14/2018 02:42:03 ,,
E,147,2, N2,4380,4409, 12/14/2018 02:42:04, 12/14/2018 02:42:33 ,,
E,148,2, N2,4410,4439, 12/14/2018 02:42:34, 12/14/2018 02:43:03 ,,
E,149,2, N2,4440,4469, 12/14/2018 02:43:04, 12/14/2018 02:43:33 ,,
E,150,2, N2,4470,4499, 12/14/2018 02:43:34, 12/14/2018 02:44:03 ,,
E,151,2, N2,4500,4529, 12/14/2018 02:44:04, 12/14/2018 02:44:33 ,,
E,152,U,U,4530,4559, 12/14/2018 02:44:34, 12/14/2018 02:45:03 ,,
E,153,U,U,4560,4589, 12/14/2018 02:45:04, 12/14/2018 02:45:33 ,,
E,154,U,U,4590,4619, 12/14/2018 02:45:34, 12/14/2018 02:46:03 ,,
E,155,U,U,4620,4649, 12/14/2018 02:46:04, 12/14/2018 02:46:33 ,,
E,156,U,U,4650,4679, 12/14/2018 02:46:34, 12/14/2018 02:47:03 ,,
E,157,U,U,4680,4709, 12/14/2018 02:47:04, 12/14/2018 02:47:33 ,,
E,158,U,U,4710,4739, 12/14/2018 02:47:34, 12/14/2018 02:48:03 ,,
E,159,U,U,4740,4769, 12/14/2018 02:48:04, 12/14/2018 02:48:33 ,,
E,160,U,U,4770,4799, 12/14/2018 02:48:34, 12/14/2018 02:49:03 ,,
E,161,U,U,4800,4829, 12/14/2018 02:49:04, 12/14/2018 02:49:33 ,,
E,162,U,U,4830,4859, 12/14/2018 02:49:34, 12/14/2018 02:50:03 ,,
E,163,U,U,4860,4889, 12/14/2018 02:50:04, 12/14/2018 02:50:33 ,,
E,164,3, N3,4890,4919, 12/14/2018 02:50:34, 12/14/2018 02:51:03 ,,
E,165,3, N3,4920,4949, 12/14/2018 02:51:04, 12/14/2018 02:51:33 ,,
E,166,U,U,4950,4979, 12/14/2018 02:51:34, 12/14/2018 02:52:03 ,,
E,167,U,U,4980,5009, 12/14/2018 02:52:04, 12/14/2018 02:52:33 ,,
E,168,U,U,5010,5039, 12/14/2018 02:52:34, 12/14/2018 02:53:03 ,,
E,169,U,U,5040,5069, 12/14/2018 02:53:04, 12/14/2018 02:53:33 ,,
E,170,U,U,5070,5099, 12/14/2018 02:53:34, 12/14/2018 02:54:03 ,,
E,171,U,U,5100,5129, 12/14/2018 02:54:04, 12/14/2018 02:54:33 ,,
E,172,U,U,5130,5159, 12/14/2018 02:54:34, 12/14/2018 02:55:03 ,,
E,173,3, N3,5160,5189, 12/14/2018 02:55:04, 12/14/2018 02:55:33 ,,
E,174,3, N3,5190,5219, 12/14/2018 02:55:34, 12/14/2018 02:56:03 ,,
E,175,5, W,5220,5249, 12/14/2018 02:56:04, 12/14/2018 02:56:33 ,,
E,176,U,U,5250,5279, 12/14/2018 02:56:34, 12/14/2018 02:57:03 ,,
E,177,U,U,5280,5309, 12/14/2018 02:57:04, 12/14/2018 02:57:33 ,,
E,178,U,U,5310,5339, 12/14/2018 02:57:34, 12/14/2018 02:58:03 ,,
E,179,U,U,5340,5369, 12/14/2018 02:58:04, 12/14/2018 02:58:33 ,,
E,180,U,U,5370,5399, 12/14/2018 02:58:34, 12/14/2018 02:59:03 ,,
E,181,U,U,5400,5429, 12/14/2018 02:59:04, 12/14/2018 02:59:33 ,,
E,182,U,U,5430,5459, 12/14/2018 02:59:34, 12/14/2018 03:00:03 ,,
E,183,3, N3,5460,5489, 12/14/2018 03:00:04, 12/14/2018 03:00:33 ,,
E,184,U,U,5490,5519, 12/14/2018 03:00:34, 12/14/2018 03:01:03 ,,
E,185,3, N3,5520,5549, 12/14/2018 03:01:04, 12/14/2018 03:01:33 ,,
E,186,3, N3,5550,5579, 12/14/2018 03:01:34, 12/14/2018 03:02:03 ,,
E,187,3, N3,5580,5609, 12/14/2018 03:02:04, 12/14/2018 03:02:33 ,,
E,188,3, N3,5610,5639, 12/14/2018 03:02:34, 12/14/2018 03:03:03 ,,
E,189,3, N3,5640,5669, 12/14/2018 03:03:04, 12/14/2018 03:03:33 ,,
E,190,3, N3,5670,5699, 12/14/2018 03:03:34, 12/14/2018 03:04:03 ,,
E,191,U,U,5700,5729, 12/14/2018 03:04:04, 12/14/2018 03:04:33 ,,
E,192,3, N3,5730,5759, 12/14/2018 03:04:34, 12/14/2018 03:05:03 ,,
E,193,3, N3,5760,5789, 12/14/2018 03:05:04, 12/14/2018 03:05:33 ,,
E,194,3, N3,5790,5819, 12/14/2018 03:05:34, 12/14/2018 03:06:03 ,,
E,195,3, N3,5820,5849, 12/14/2018 03:06:04, 12/14/2018 03:06:33 ,,
E,196,3, N3,5850,5879, 12/14/2018 03:06:34, 12/14/2018 03:07:03 ,,
E,197,3, N3,5880,5909, 12/14/2018 03:07:04, 12/14/2018 03:07:33 ,,
E,198,3, N3,5910,5939, 12/14/2018 03:07:34, 12/14/2018 03:08:03 ,,
E,199,3, N3,5940,5969, 12/14/2018 03:08:04, 12/14/2018 03:08:33 ,,
E,200,3, N3,5970,5999, 12/14/2018 03:08:34, 12/14/2018 03:09:03 ,,
E,201,3, N3,6000,6029, 12/14/2018 03:09:04, 12/14/2018 03:09:33 ,,
E,202,3, N3,6030,6059, 12/14/2018 03:09:34, 12/14/2018 03:10:03 ,,
E,203,3, N3,6060,6089, 12/14/2018 03:10:04, 12/14/2018 03:10:33 ,,
E,204,3, N3,6090,6119, 12/14/2018 03:10:34, 12/14/2018 03:11:03 ,,
E,205,3, N3,6120,6149, 12/14/2018 03:11:04, 12/14/2018 03:11:33 ,,
E,206,3, N3,6150,6179, 12/14/2018 03:11:34, 12/14/2018 03:12:03 ,,
E,207,3, N3,6180,6209, 12/14/2018 03:12:04, 12/14/2018 03:12:33 ,,
E,208,3, N3,6210,6239, 12/14/2018 03:12:34, 12/14/2018 03:13:03 ,,
E,209,3, N3,6240,6269, 12/14/2018 03:13:04, 12/14/2018 03:13:33 ,,
E,210,3, N3,6270,6299, 12/14/2018 03:13:34, 12/14/2018 03:14:03 ,,
E,211,3, N3,6300,6329, 12/14/2018 03:14:04, 12/14/2018 03:14:33 ,,
E,212,3, N3,6330,6359, 12/14/2018 03:14:34, 12/14/2018 03:15:03 ,,
E,213,3, N3,6360,6389, 12/14/2018 03:15:04, 12/14/2018 03:15:33 ,,
E,214,3, N3,6390,6419, 12/14/2018 03:15:34, 12/14/2018 03:16:03 ,,
E,215,3, N3,6420,6449, 12/14/2018 03:16:04, 12/14/2018 03:16:33 ,,
E,216,3, N3,6450,6479, 12/14/2018 03:16:34, 12/14/2018 03:17:03 ,,
E,217,3, N3,6480,6509, 12/14/2018 03:17:04, 12/14/2018 03:17:33 ,,
E,218,3, N3,6510,6539, 12/14/2018 03:17:34, 12/14/2018 03:18:03 ,,
E,219,3, N3,6540,6569, 12/14/2018 03:18:04, 12/14/2018 03:18:33 ,,
E,220,3, N3,6570,6599, 12/14/2018 03:18:34, 12/14/2018 03:19:03 ,,
E,221,3, N3,6600,6629, 12/14/2018 03:19:04, 12/14/2018 03:19:33 ,,
E,222,3, N3,6630,6659, 12/14/2018 03:19:34, 12/14/2018 03:20:03 ,,
E,223,U,U,6660,6689, 12/14/2018 03:20:04, 12/14/2018 03:20:33 ,,
E,224,U,U,6690,6719, 12/14/2018 03:20:34, 12/14/2018 03:21:03 ,,
E,225,U,U,6720,6749, 12/14/2018 03:21:04, 12/14/2018 03:21:33 ,,
E,226,U,U,6750,6779, 12/14/2018 03:21:34, 12/14/2018 03:22:03 ,,
E,227,U,U,6780,6809, 12/14/2018 03:22:04, 12/14/2018 03:22:33 ,,
E,228,2, N2,6810,6839, 12/14/2018 03:22:34, 12/14/2018 03:23:03 ,,
E,229,2, N2,6840,6869, 12/14/2018 03:23:04, 12/14/2018 03:23:33 ,,
E,230,2, N2,6870,6899, 12/14/2018 03:23:34, 12/14/2018 03:24:03 ,,
E,231,2, N2,6900,6929, 12/14/2018 03:24:04, 12/14/2018 03:24:33 ,,
E,232,U,U,6930,6959, 12/14/2018 03:24:34, 12/14/2018 03:25:03 ,,
E,233,U,U,6960,6989, 12/14/2018 03:25:04, 12/14/2018 03:25:33 ,,
E,234,U,U,6990,7019, 12/14/2018 03:25:34, 12/14/2018 03:26:03 ,,
E,235,U,U,7020,7049, 12/14/2018 03:26:04, 12/14/2018 03:26:33 ,,
E,236,U,U,7050,7079, 12/14/2018 03:26:34, 12/14/2018 03:27:03 ,,
E,237,U,U,7080,7109, 12/14/2018 03:27:04, 12/14/2018 03:27:33 ,,
E,238,U,U,7110,7139, 12/14/2018 03:27:34, 12/14/2018 03:28:03 ,,
E,239,4, R,7140,7169, 12/14/2018 03:28:04, 12/14/2018 03:28:33 ,,
E,240,4, R,7170,7199, 12/14/2018 03:28:34, 12/14/2018 03:29:03 ,,
E,241,4, R,7200,7229, 12/14/2018 03:29:04, 12/14/2018 03:29:33 ,,
E,242,4, R,7230,7259, 12/14/2018 03:29:34, 12/14/2018 03:30:03 ,,
E,243,4, R,7260,7289, 12/14/2018 03:30:04, 12/14/2018 03:30:33 ,,
E,244,4, R,7290,7319, 12/14/2018 03:30:34, 12/14/2018 03:31:03 ,,
E,245,4, R,7320,7349, 12/14/2018 03:31:04, 12/14/2018 03:31:33 ,,
E,246,4, R,7350,7379, 12/14/2018 03:31:34, 12/14/2018 03:32:03 ,,
E,247,4, R,7380,7409, 12/14/2018 03:32:04, 12/14/2018 03:32:33 ,,
E,248,4, R,7410,7439, 12/14/2018 03:32:34, 12/14/2018 03:33:03 ,,
E,249,4, R,7440,7469, 12/14/2018 03:33:04, 12/14/2018 03:33:33 ,,
E,250,4, R,7470,7499, 12/14/2018 03:33:34, 12/14/2018 03:34:03 ,,
E,251,4, R,7500,7529, 12/14/2018 03:34:04, 12/14/2018 03:34:33 ,,
E,252,4, R,7530,7559, 12/14/2018 03:34:34, 12/14/2018 03:35:03 ,,
E,253,4, R,7560,7589, 12/14/2018 03:35:04, 12/14/2018 03:35:33 ,,
E,254,4, R,7590,7619, 12/14/2018 03:35:34, 12/14/2018 03:36:03 ,,
E,255,4, R,7620,7649, 12/14/2018 03:36:04, 12/14/2018 03:36:33 ,,
E,256,4, R,7650,7679, 12/14/2018 03:36:34, 12/14/2018 03:37:03 ,,
E,257,4, R,7680,7709, 12/14/2018 03:37:04, 12/14/2018 03:37:33 ,,
E,258,4, R,7710,7739, 12/14/2018 03:37:34, 12/14/2018 03:38:03 ,,
E,259,4, R,7740,7769, 12/14/2018 03:38:04, 12/14/2018 03:38:33 ,,
E,260,5, W,7770,7799, 12/14/2018 03:38:34, 12/14/2018 03:39:03 ,,
E,261,5, W,7800,7829, 12/14/2018 03:39:04, 12/14/2018 03:39:33 ,,
E,262,U,U,7830,7859, 12/14/2018 03:39:34, 12/14/2018 03:40:03 ,,
E,263,U,U,7860,7889, 12/14/2018 03:40:04, 12/14/2018 03:40:33 ,,
E,264,2, N2,7890,7919, 12/14/2018 03:40:34, 12/14/2018 03:41:03 ,,
E,265,U,U,7920,7949, 12/14/2018 03:41:04, 12/14/2018 03:41:33 ,,
E,266,U,U,7950,7979, 12/14/2018 03:41:34, 12/14/2018 03:42:03 ,,
E,267,U,U,7980,8009, 12/14/2018 03:42:04, 12/14/2018 03:42:33 ,,
E,268,U,U,8010,8039, 12/14/2018 03:42:34, 12/14/2018 03:43:03 ,,
E,269,U,U,8040,8069, 12/14/2018 03:43:04, 12/14/2018 03:43:33 ,,
E,270,U,U,8070,8099, 12/14/2018 03:43:34, 12/14/2018 03:44:03 ,,
E,271,2, N2,8100,8129, 12/14/2018 03:44:04, 12/14/2018 03:44:33 ,,
E,272,2, N2,8130,8159, 12/14/2018 03:44:34, 12/14/2018 03:45:03 ,,
E,273,2, N2,8160,8189, 12/14/2018 03:45:04, 12/14/2018 03:45:33 ,,
E,274,2, N2,8190,8219, 12/14/2018 03:45:34, 12/14/2018 03:46:03 ,,
E,275,2, N2,8220,8249, 12/14/2018 03:46:04, 12/14/2018 03:46:33 ,,
E,276,2, N2,8250,8279, 12/14/2018 03:46:34, 12/14/2018 03:47:03 ,,
E,277,2, N2,8280,8309, 12/14/2018 03:47:04, 12/14/2018 03:47:33 ,,
E,278,5, W,8310,8339, 12/14/2018 03:47:34, 12/14/2018 03:48:03 ,,
E,279,U,U,8340,8369, 12/14/2018 03:48:04, 12/14/2018 03:48:33 ,,
E,280,U,U,8370,8399, 12/14/2018 03:48:34, 12/14/2018 03:49:03 ,,
E,281,2, N2,8400,8429, 12/14/2018 03:49:04, 12/14/2018 03:49:33 ,,
E,282,2, N2,8430,8459, 12/14/2018 03:49:34, 12/14/2018 03:50:03 ,,
E,283,2, N2,8460,8489, 12/14/2018 03:50:04, 12/14/2018 03:50:33 ,,
E,284,2, N2,8490,8519, 12/14/2018 03:50:34, 12/14/2018 03:51:03 ,,
E,285,2, N2,8520,8549, 12/14/2018 03:51:04, 12/14/2018 03:51:33 ,,
E,286,2, N2,8550,8579, 12/14/2018 03:51:34, 12/14/2018 03:52:03 ,,
E,287,2, N2,8580,8609, 12/14/2018 03:52:04, 12/14/2018 03:52:33 ,,
E,288,2, N2,8610,8639, 12/14/2018 03:52:34, 12/14/2018 03:53:03 ,,
E,289,2, N2,8640,8669, 12/14/2018 03:53:04, 12/14/2018 03:53:33 ,,
E,290,2, N2,8670,8699, 12/14/2018 03:53:34, 12/14/2018 03:54:03 ,,
E,291,2, N2,8700,8729, 12/14/2018 03:54:04, 12/14/2018 03:54:33 ,,
E,292,2, N2,8730,8759, 12/14/2018 03:54:34, 12/14/2018 03:55:03 ,,
E,293,2, N2,8760,8789, 12/14/2018 03:55:04, 12/14/2018 03:55:33 ,,
E,294,2, N2,8790,8819, 12/14/2018 03:55:34, 12/14/2018 03:56:03 ,,
E,295,2, N2,8820,8849, 12/14/2018 03:56:04, 12/14/2018 03:56:33 ,,
E,296,2, N2,8850,8879, 12/14/2018 03:56:34, 12/14/2018 03:57:03 ,,
E,297,2, N2,8880,8909, 12/14/2018 03:57:04, 12/14/2018 03:57:33 ,,
E,298,2, N2,8910,8939, 12/14/2018 03:57:34, 12/14/2018 03:58:03 ,,
E,299,2, N2,8940,8969, 12/14/2018 03:58:04, 12/14/2018 03:58:33 ,,
E,300,2, N2,8970,8999, 12/14/2018 03:58:34, 12/14/2018 03:59:03 ,,
E,301,2, N2,9000,9029, 12/14/2018 03:59:04, 12/14/2018 03:59:33 ,,
E,302,2, N2,9030,9059, 12/14/2018 03:59:34, 12/14/2018 04:00:03 ,,
E,303,2, N2,9060,9089, 12/14/2018 04:00:04, 12/14/2018 04:00:33 ,,
E,304,2, N2,9090,9119, 12/14/2018 04:00:34, 12/14/2018 04:01:03 ,,
E,305,2, N2,9120,9149, 12/14/2018 04:01:04, 12/14/2018 04:01:33 ,,
E,306,2, N2,9150,9179, 12/14/2018 04:01:34, 12/14/2018 04:02:03 ,,
E,307,2, N2,9180,9209, 12/14/2018 04:02:04, 12/14/2018 04:02:33 ,,
E,308,2, N2,9210,9239, 12/14/2018 04:02:34, 12/14/2018 04:03:03 ,,
E,309,2, N2,9240,9269, 12/14/2018 04:03:04, 12/14/2018 04:03:33 ,,
E,310,2, N2,9270,9299, 12/14/2018 04:03:34, 12/14/2018 04:04:03 ,,
E,311,2, N2,9300,9329, 12/14/2018 04:04:04, 12/14/2018 04:04:33 ,,
E,312,2, N2,9330,9359, 12/14/2018 04:04:34, 12/14/2018 04:05:03 ,,
E,313,2, N2,9360,9389, 12/14/2018 04:05:04, 12/14/2018 04:05:33 ,,
E,314,2, N2,9390,9419, 12/14/2018 04:05:34, 12/14/2018 04:06:03 ,,
E,315,2, N2,9420,9449, 12/14/2018 04:06:04, 12/14/2018 04:06:33 ,,
E,316,2, N2,9450,9479, 12/14/2018 04:06:34, 12/14/2018 04:07:03 ,,
E,317,2, N2,9480,9509, 12/14/2018 04:07:04, 12/14/2018 04:07:33 ,,
E,318,5, W,9510,9539, 12/14/2018 04:07:34, 12/14/2018 04:08:03 ,,
E,319,2, N2,9540,9569, 12/14/2018 04:08:04, 12/14/2018 04:08:33 ,,
E,320,2, N2,9570,9599, 12/14/2018 04:08:34, 12/14/2018 04:09:03 ,,
E,321,2, N2,9600,9629, 12/14/2018 04:09:04, 12/14/2018 04:09:33 ,,
E,322,2, N2,9630,9659, 12/14/2018 04:09:34, 12/14/2018 04:10:03 ,,
E,323,2, N2,9660,9689, 12/14/2018 04:10:04, 12/14/2018 04:10:33 ,,
E,324,2, N2,9690,9719, 12/14/2018 04:10:34, 12/14/2018 04:11:03 ,,
E,325,2, N2,9720,9749, 12/14/2018 04:11:04, 12/14/2018 04:11:33 ,,
E,326,5, W,9750,9779, 12/14/2018 04:11:34, 12/14/2018 04:12:03 ,,
E,327,5, W,9780,9809, 12/14/2018 04:12:04, 12/14/2018 04:12:33 ,,
E,328,2, N2,9810,9839, 12/14/2018 04:12:34, 12/14/2018 04:13:03 ,,
E,329,2, N2,9840,9869, 12/14/2018 04:13:04, 12/14/2018 04:13:33 ,,
E,330,2, N2,9870,9899, 12/14/2018 04:13:34, 12/14/2018 04:14:03 ,,
E,331,2, N2,9900,9929, 12/14/2018 04:14:04, 12/14/2018 04:14:33 ,,
E,332,2, N2,9930,9959, 12/14/2018 04:14:34, 12/14/2018 04:15:03 ,,
E,333,2, N2,9960,9989, 12/14/2018 04:15:04, 12/14/2018 04:15:33 ,,
E,334,2, N2,9990,10019, 12/14/2018 04:15:34, 12/14/2018 04:16:03 ,,
E,335,2, N2,10020,10049, 12/14/2018 04:16:04, 12/14/2018 04:16:33 ,,
E,336,2, N2,10050,10079, 12/14/2018 04:16:34, 12/14/2018 04:17:03 ,,
E,337,2, N2,10080,10109, 12/14/2018 04:17:04, 12/14/2018 04:17:33 ,,
E,338,2, N2,10110,10139, 12/14/2018 04:17:34, 12/14/2018 04:18:03 ,,
E,339,2, N2,10140,10169, 12/14/2018 04:18:04, 12/14/2018 04:18:33 ,,
E,340,2, N2,10170,10199, 12/14/2018 04:18:34, 12/14/2018 04:19:03 ,,
E,341,2, N2,10200,10229, 12/14/2018 04:19:04, 12/14/2018 04:19:33 ,,
E,342,2, N2,10230,10259, 12/14/2018 04:19:34, 12/14/2018 04:20:03 ,,
E,343,2, N2,10260,10289, 12/14/2018 04:20:04, 12/14/2018 04:20:33 ,,
E,344,2, N2,10290,10319, 12/14/2018 04:20:34, 12/14/2018 04:21:03 ,,
E,345,2, N2,10320,10349, 12/14/2018 04:21:04, 12/14/2018 04:21:33 ,,
E,346,2, N2,10350,10379, 12/14/2018 04:21:34, 12/14/2018 04:22:03 ,,
E,347,2, N2,10380,10409, 12/14/2018 04:22:04, 12/14/2018 04:22:33 ,,
E,348,U,U,10410,10439, 12/14/2018 04:22:34, 12/14/2018 04:23:03 ,,
E,349,U,U,10440,10469, 12/14/2018 04:23:04, 12/14/2018 04:23:33 ,,
E,350,U,U,10470,10499, 12/14/2018 04:23:34, 12/14/2018 04:24:03 ,,
E,351,5, W,10500,10529, 12/14/2018 04:24:04, 12/14/2018 04:24:33 ,,
E,352,5, W,10530,10559, 12/14/2018 04:24:34, 12/14/2018 04:25:03 ,,
E,353,5, W,10560,10589, 12/14/2018 04:25:04, 12/14/2018 04:25:33 ,,
E,354,U,U,10590,10619, 12/14/2018 04:25:34, 12/14/2018 04:26:03 ,,
E,355,U,U,10620,10649, 12/14/2018 04:26:04, 12/14/2018 04:26:33 ,,
E,356,U,U,10650,10679, 12/14/2018 04:26:34, 12/14/2018 04:27:03 ,,
E,357,U,U,10680,10709, 12/14/2018 04:27:04, 12/14/2018 04:27:33 ,,
E,358,U,U,10710,10739, 12/14/2018 04:27:34, 12/14/2018 04:28:03 ,,
E,359,U,U,10740,10769, 12/14/2018 04:28:04, 12/14/2018 04:28:33 ,,
E,360,U,U,10770,10799, 12/14/2018 04:28:34, 12/14/2018 04:29:03 ,,
E,361,U,U,10800,10829, 12/14/2018 04:29:04, 12/14/2018 04:29:33 ,,
E,362,U,U,10830,10859, 12/14/2018 04:29:34, 12/14/2018 04:30:03 ,,
E,363,U,U,10860,10889, 12/14/2018 04:30:04, 12/14/2018 04:30:33 ,,
E,364,2, N2,10890,10919, 12/14/2018 04:30:34, 12/14/2018 04:31:03 ,,
E,365,2, N2,10920,10949, 12/14/2018 04:31:04, 12/14/2018 04:31:33 ,,
E,366,2, N2,10950,10979, 12/14/2018 04:31:34, 12/14/2018 04:32:03 ,,
E,367,2, N2,10980,11009, 12/14/2018 04:32:04, 12/14/2018 04:32:33 ,,
E,368,2, N2,11010,11039, 12/14/2018 04:32:34, 12/14/2018 04:33:03 ,,
E,369,2, N2,11040,11069, 12/14/2018 04:33:04, 12/14/2018 04:33:33 ,,
E,370,U,U,11070,11099, 12/14/2018 04:33:34, 12/14/2018 04:34:03 ,,
E,371,2, N2,11100,11129, 12/14/2018 04:34:04, 12/14/2018 04:34:33 ,,
E,372,2, N2,11130,11159, 12/14/2018 04:34:34, 12/14/2018 04:35:03 ,,
E,373,2, N2,11160,11189, 12/14/2018 04:35:04, 12/14/2018 04:35:33 ,,
E,374,2, N2,11190,11219, 12/14/2018 04:35:34, 12/14/2018 04:36:03 ,,
E,375,2, N2,11220,11249, 12/14/2018 04:36:04, 12/14/2018 04:36:33 ,,
E,376,2, N2,11250,11279, 12/14/2018 04:36:34, 12/14/2018 04:37:03 ,,
E,377,2, N2,11280,11309, 12/14/2018 04:37:04, 12/14/2018 04:37:33 ,,
E,378,2, N2,11310,11339, 12/14/2018 04:37:34, 12/14/2018 04:38:03 ,,
E,379,2, N2,11340,11369, 12/14/2018 04:38:04, 12/14/2018 04:38:33 ,,
E,380,2, N2,11370,11399, 12/14/2018 04:38:34, 12/14/2018 04:39:03 ,,
E,381,2, N2,11400,11429, 12/14/2018 04:39:04, 12/14/2018 04:39:33 ,,
E,382,2, N2,11430,11459, 12/14/2018 04:39:34, 12/14/2018 04:40:03 ,,
E,383,2, N2,11460,11489, 12/14/2018 04:40:04, 12/14/2018 04:40:33 ,,
E,384,2, N2,11490,11519, 12/14/2018 04:40:34, 12/14/2018 04:41:03 ,,
E,385,2, N2,11520,11549, 12/14/2018 04:41:04, 12/14/2018 04:41:33 ,,
E,386,2, N2,11550,11579, 12/14/2018 04:41:34, 12/14/2018 04:42:03 ,,
E,387,2, N2,11580,11609, 12/14/2018 04:42:04, 12/14/2018 04:42:33 ,,
E,388,2, N2,11610,11639, 12/14/2018 04:42:34, 12/14/2018 04:43:03 ,,
E,389,2, N2,11640,11669, 12/14/2018 04:43:04, 12/14/2018 04:43:33 ,,
E,390,2, N2,11670,11699, 12/14/2018 04:43:34, 12/14/2018 04:44:03 ,,
E,391,2, N2,11700,11729, 12/14/2018 04:44:04, 12/14/2018 04:44:33 ,,
E,392,2, N2,11730,11759, 12/14/2018 04:44:34, 12/14/2018 04:45:03 ,,
E,393,2, N2,11760,11789, 12/14/2018 04:45:04, 12/14/2018 04:45:33 ,,
E,394,2, N2,11790,11819, 12/14/2018 04:45:34, 12/14/2018 04:46:03 ,,
E,395,2, N2,11820,11849, 12/14/2018 04:46:04, 12/14/2018 04:46:33 ,,
E,396,2, N2,11850,11879, 12/14/2018 04:46:34, 12/14/2018 04:47:03 ,,
E,397,2, N2,11880,11909, 12/14/2018 04:47:04, 12/14/2018 04:47:33 ,,
E,398,2, N2,11910,11939, 12/14/2018 04:47:34, 12/14/2018 04:48:03 ,,
E,399,2, N2,11940,11969, 12/14/2018 04:48:04, 12/14/2018 04:48:33 ,,
E,400,2, N2,11970,11999, 12/14/2018 04:48:34, 12/14/2018 04:49:03 ,,
E,401,2, N2,12000,12029, 12/14/2018 04:49:04, 12/14/2018 04:49:33 ,,
E,402,2, N2,12030,12059, 12/14/2018 04:49:34, 12/14/2018 04:50:03 ,,
E,403,2, N2,12060,12089, 12/14/2018 04:50:04, 12/14/2018 04:50:33 ,,
E,404,2, N2,12090,12119, 12/14/2018 04:50:34, 12/14/2018 04:51:03 ,,
E,405,2, N2,12120,12149, 12/14/2018 04:51:04, 12/14/2018 04:51:33 ,,
E,406,2, N2,12150,12179, 12/14/2018 04:51:34, 12/14/2018 04:52:03 ,,
E,407,U,U,12180,12209, 12/14/2018 04:52:04, 12/14/2018 04:52:33 ,,
E,408,2, N2,12210,12239, 12/14/2018 04:52:34, 12/14/2018 04:53:03 ,,
E,409,2, N2,12240,12269, 12/14/2018 04:53:04, 12/14/2018 04:53:33 ,,
E,410,2, N2,12270,12299, 12/14/2018 04:53:34, 12/14/2018 04:54:03 ,,
E,411,2, N2,12300,12329, 12/14/2018 04:54:04, 12/14/2018 04:54:33 ,,
E,412,2, N2,12330,12359, 12/14/2018 04:54:34, 12/14/2018 04:55:03 ,,
E,413,2, N2,12360,12389, 12/14/2018 04:55:04, 12/14/2018 04:55:33 ,,
E,414,2, N2,12390,12419, 12/14/2018 04:55:34, 12/14/2018 04:56:03 ,,
E,415,2, N2,12420,12449, 12/14/2018 04:56:04, 12/14/2018 04:56:33 ,,
E,416,2, N2,12450,12479, 12/14/2018 04:56:34, 12/14/2018 04:57:03 ,,
E,417,2, N2,12480,12509, 12/14/2018 04:57:04, 12/14/2018 04:57:33 ,,
E,418,2, N2,12510,12539, 12/14/2018 04:57:34, 12/14/2018 04:58:03 ,,
E,419,2, N2,12540,12569, 12/14/2018 04:58:04, 12/14/2018 04:58:33 ,,
E,420,2, N2,12570,12599, 12/14/2018 04:58:34, 12/14/2018 04:59:03 ,,
E,421,2, N2,12600,12629, 12/14/2018 04:59:04, 12/14/2018 04:59:33 ,,
E,422,2, N2,12630,12659, 12/14/2018 04:59:34, 12/14/2018 05:00:03 ,,
E,423,U,U,12660,12689, 12/14/2018 05:00:04, 12/14/2018 05:00:33 ,,
E,424,3, N3,12690,12719, 12/14/2018 05:00:34, 12/14/2018 05:01:03 ,,
E,425,U,U,12720,12749, 12/14/2018 05:01:04, 12/14/2018 05:01:33 ,,
E,426,2, N2,12750,12779, 12/14/2018 05:01:34, 12/14/2018 05:02:03 ,,
E,427,2, N2,12780,12809, 12/14/2018 05:02:04, 12/14/2018 05:02:33 ,,
E,428,5, W,12810,12839, 12/14/2018 05:02:34, 12/14/2018 05:03:03 ,,
E,429,5, W,12840,12869, 12/14/2018 05:03:04, 12/14/2018 05:03:33 ,,
E,430,2, N2,12870,12899, 12/14/2018 05:03:34, 12/14/2018 05:04:03 ,,
E,431,2, N2,12900,12929, 12/14/2018 05:04:04, 12/14/2018 05:04:33 ,,
E,432,2, N2,12930,12959, 12/14/2018 05:04:34, 12/14/2018 05:05:03 ,,
E,433,U,U,12960,12989, 12/14/2018 05:05:04, 12/14/2018 05:05:33 ,,
E,434,U,U,12990,13019, 12/14/2018 05:05:34, 12/14/2018 05:06:03 ,,
E,435,U,U,13020,13049, 12/14/2018 05:06:04, 12/14/2018 05:06:33 ,,
E,436,4, R,13050,13079, 12/14/2018 05:06:34, 12/14/2018 05:07:03 ,,
E,437,4, R,13080,13109, 12/14/2018 05:07:04, 12/14/2018 05:07:33 ,,
E,438,4, R,13110,13139, 12/14/2018 05:07:34, 12/14/2018 05:08:03 ,,
E,439,4, R,13140,13169, 12/14/2018 05:08:04, 12/14/2018 05:08:33 ,,
E,440,4, R,13170,13199, 12/14/2018 05:08:34, 12/14/2018 05:09:03 ,,
E,441,4, R,13200,13229, 12/14/2018 05:09:04, 12/14/2018 05:09:33 ,,
E,442,4, R,13230,13259, 12/14/2018 05:09:34, 12/14/2018 05:10:03 ,,
E,443,4, R,13260,13289, 12/14/2018 05:10:04, 12/14/2018 05:10:33 ,,
E,444,4, R,13290,13319, 12/14/2018 05:10:34, 12/14/2018 05:11:03 ,,
E,445,U,U,13320,13349, 12/14/2018 05:11:04, 12/14/2018 05:11:33 ,,
E,446,U,U,13350,13379, 12/14/2018 05:11:34, 12/14/2018 05:12:03 ,,
E,447,4, R,13380,13409, 12/14/2018 05:12:04, 12/14/2018 05:12:33 ,,
E,448,4, R,13410,13439, 12/14/2018 05:12:34, 12/14/2018 05:13:03 ,,
E,449,4, R,13440,13469, 12/14/2018 05:13:04, 12/14/2018 05:13:33 ,,
E,450,4, R,13470,13499, 12/14/2018 05:13:34, 12/14/2018 05:14:03 ,,
E,451,U,U,13500,13529, 12/14/2018 05:14:04, 12/14/2018 05:14:33 ,,
E,452,5, W,13530,13559, 12/14/2018 05:14:34, 12/14/2018 05:15:03 ,,
E,453,5, W,13560,13589, 12/14/2018 05:15:04, 12/14/2018 05:15:33 ,,
E,454,U,U,13590,13619, 12/14/2018 05:15:34, 12/14/2018 05:16:03 ,,
E,455,U,U,13620,13649, 12/14/2018 05:16:04, 12/14/2018 05:16:33 ,,
E,456,U,U,13650,13679, 12/14/2018 05:16:34, 12/14/2018 05:17:03 ,,
E,457,U,U,13680,13709, 12/14/2018 05:17:04, 12/14/2018 05:17:33 ,,
E,458,U,U,13710,13739, 12/14/2018 05:17:34, 12/14/2018 05:18:03 ,,
E,459,U,U,13740,13769, 12/14/2018 05:18:04, 12/14/2018 05:18:33 ,,
E,460,U,U,13770,13799, 12/14/2018 05:18:34, 12/14/2018 05:19:03 ,,
E,461,U,U,13800,13829, 12/14/2018 05:19:04, 12/14/2018 05:19:33 ,,
E,462,U,U,13830,13859, 12/14/2018 05:19:34, 12/14/2018 05:20:03 ,,
E,463,U,U,13860,13889, 12/14/2018 05:20:04, 12/14/2018 05:20:33 ,,
E,464,U,U,13890,13919, 12/14/2018 05:20:34, 12/14/2018 05:21:03 ,,
E,465,U,U,13920,13949, 12/14/2018 05:21:04, 12/14/2018 05:21:33 ,,
E,466,U,U,13950,13979, 12/14/2018 05:21:34, 12/14/2018 05:22:03 ,,
E,467,U,U,13980,14009, 12/14/2018 05:22:04, 12/14/2018 05:22:33 ,,
E,468,U,U,14010,14039, 12/14/2018 05:22:34, 12/14/2018 05:23:03 ,,
E,469,U,U,14040,14069, 12/14/2018 05:23:04, 12/14/2018 05:23:33 ,,
E,470,U,U,14070,14099, 12/14/2018 05:23:34, 12/14/2018 05:24:03 ,,
E,471,U,U,14100,14129, 12/14/2018 05:24:04, 12/14/2018 05:24:33 ,,
E,472,U,U,14130,14159, 12/14/2018 05:24:34, 12/14/2018 05:25:03 ,,
E,473,U,U,14160,14189, 12/14/2018 05:25:04, 12/14/2018 05:25:33 ,,
E,474,U,U,14190,14219, 12/14/2018 05:25:34, 12/14/2018 05:26:03 ,,
E,475,U,U,14220,14249, 12/14/2018 05:26:04, 12/14/2018 05:26:33 ,,
E,476,U,U,14250,14279, 12/14/2018 05:26:34, 12/14/2018 05:27:03 ,,
E,477,U,U,14280,14309, 12/14/2018 05:27:04, 12/14/2018 05:27:33 ,,
E,478,U,U,14310,14339, 12/14/2018 05:27:34, 12/14/2018 05:28:03 ,,
E,479,U,U,14340,14369, 12/14/2018 05:28:04, 12/14/2018 05:28:33 ,,
E,480,U,U,14370,14399, 12/14/2018 05:28:34, 12/14/2018 05:29:03 ,,
E,481,U,U,14400,14429, 12/14/2018 05:29:04, 12/14/2018 05:29:33 ,,
E,482,U,U,14430,14459, 12/14/2018 05:29:34, 12/14/2018 05:30:03 ,,
E,483,U,U,14460,14489, 12/14/2018 05:30:04, 12/14/2018 05:30:33 ,,
E,484,U,U,14490,14519, 12/14/2018 05:30:34, 12/14/2018 05:31:03 ,,
E,485,U,U,14520,14549, 12/14/2018 05:31:04, 12/14/2018 05:31:33 ,,
E,486,U,U,14550,14579, 12/14/2018 05:31:34, 12/14/2018 05:32:03 ,,
E,487,5, W,14580,14609, 12/14/2018 05:32:04, 12/14/2018 05:32:33 ,,
E,488,U,U,14610,14639, 12/14/2018 05:32:34, 12/14/2018 05:33:03 ,,
E,489,U,U,14640,14669, 12/14/2018 05:33:04, 12/14/2018 05:33:33 ,,
E,490,U,U,14670,14699, 12/14/2018 05:33:34, 12/14/2018 05:34:03 ,,
E,491,U,U,14700,14729, 12/14/2018 05:34:04, 12/14/2018 05:34:33 ,,
E,492,5, W,14730,14759, 12/14/2018 05:34:34, 12/14/2018 05:35:03 ,,
E,493,U,U,14760,14789, 12/14/2018 05:35:04, 12/14/2018 05:35:33 ,,
E,494,U,U,14790,14819, 12/14/2018 05:35:34, 12/14/2018 05:36:03 ,,
E,495,U,U,14820,14849, 12/14/2018 05:36:04, 12/14/2018 05:36:33 ,,
E,496,U,U,14850,14879, 12/14/2018 05:36:34, 12/14/2018 05:37:03 ,,
E,497,U,U,14880,14909, 12/14/2018 05:37:04, 12/14/2018 05:37:33 ,,
E,498,U,U,14910,14939, 12/14/2018 05:37:34, 12/14/2018 05:38:03 ,,
E,499,U,U,14940,14969, 12/14/2018 05:38:04, 12/14/2018 05:38:33 ,,
E,500,U,U,14970,14999, 12/14/2018 05:38:34, 12/14/2018 05:39:03 ,,
E,501,U,U,15000,15029, 12/14/2018 05:39:04, 12/14/2018 05:39:33 ,,
E,502,U,U,15030,15059, 12/14/2018 05:39:34, 12/14/2018 05:40:03 ,,
E,503,U,U,15060,15089, 12/14/2018 05:40:04, 12/14/2018 05:40:33 ,,
E,504,U,U,15090,15119, 12/14/2018 05:40:34, 12/14/2018 05:41:03 ,,
E,505,U,U,15120,15149, 12/14/2018 05:41:04, 12/14/2018 05:41:33 ,,
E,506,U,U,15150,15179, 12/14/2018 05:41:34, 12/14/2018 05:42:03 ,,
E,507,U,U,15180,15209, 12/14/2018 05:42:04, 12/14/2018 05:42:33 ,,
E,508,U,U,15210,15239, 12/14/2018 05:42:34, 12/14/2018 05:43:03 ,,
E,509,U,U,15240,15269, 12/14/2018 05:43:04, 12/14/2018 05:43:33 ,,
E,510,U,U,15270,15299, 12/14/2018 05:43:34, 12/14/2018 05:44:03 ,,
E,511,U,U,15300,15329, 12/14/2018 05:44:04, 12/14/2018 05:44:33 ,,
E,512,U,U,15330,15359, 12/14/2018 05:44:34, 12/14/2018 05:45:03 ,,
E,513,U,U,15360,15389, 12/14/2018 05:45:04, 12/14/2018 05:45:33 ,,
E,514,U,U,15390,15419, 12/14/2018 05:45:34, 12/14/2018 05:46:03 ,,
E,515,5, W,15420,15449, 12/14/2018 05:46:04, 12/14/2018 05:46:33 ,,
E,516,U,U,15450,15479, 12/14/2018 05:46:34, 12/14/2018 05:47:03 ,,
E,517,2, N2,15480,15509, 12/14/2018 05:47:04, 12/14/2018 05:47:33 ,,
E,518,2, N2,15510,15539, 12/14/2018 05:47:34, 12/14/2018 05:48:03 ,,
E,519,2, N2,15540,15569, 12/14/2018 05:48:04, 12/14/2018 05:48:33 ,,
E,520,2, N2,15570,15599, 12/14/2018 05:48:34, 12/14/2018 05:49:03 ,,
E,521,2, N2,15600,15629, 12/14/2018 05:49:04, 12/14/2018 05:49:33 ,,
E,522,2, N2,15630,15659, 12/14/2018 05:49:34, 12/14/2018 05:50:03 ,,
E,523,2, N2,15660,15689, 12/14/2018 05:50:04, 12/14/2018 05:50:33 ,,
E,524,2, N2,15690,15719, 12/14/2018 05:50:34, 12/14/2018 05:51:03 ,,
E,525,2, N2,15720,15749, 12/14/2018 05:51:04, 12/14/2018 05:51:33 ,,
E,526,2, N2,15750,15779, 12/14/2018 05:51:34, 12/14/2018 05:52:03 ,,
E,527,2, N2,15780,15809, 12/14/2018 05:52:04, 12/14/2018 05:52:33 ,,
E,528,2, N2,15810,15839, 12/14/2018 05:52:34, 12/14/2018 05:53:03 ,,
E,529,2, N2,15840,15869, 12/14/2018 05:53:04, 12/14/2018 05:53:33 ,,
E,530,2, N2,15870,15899, 12/14/2018 05:53:34, 12/14/2018 05:54:03 ,,
E,531,2, N2,15900,15929, 12/14/2018 05:54:04, 12/14/2018 05:54:33 ,,
E,532,2, N2,15930,15959, 12/14/2018 05:54:34, 12/14/2018 05:55:03 ,,
E,533,2, N2,15960,15989, 12/14/2018 05:55:04, 12/14/2018 05:55:33 ,,
E,534,2, N2,15990,16019, 12/14/2018 05:55:34, 12/14/2018 05:56:03 ,,
E,535,2, N2,16020,16049, 12/14/2018 05:56:04, 12/14/2018 05:56:33 ,,
E,536,2, N2,16050,16079, 12/14/2018 05:56:34, 12/14/2018 05:57:03 ,,
E,537,2, N2,16080,16109, 12/14/2018 05:57:04, 12/14/2018 05:57:33 ,,
E,538,2, N2,16110,16139, 12/14/2018 05:57:34, 12/14/2018 05:58:03 ,,
E,539,2, N2,16140,16169, 12/14/2018 05:58:04, 12/14/2018 05:58:33 ,,
E,540,U,U,16170,16199, 12/14/2018 05:58:34, 12/14/2018 05:59:03 ,,
E,541,2, N2,16200,16229, 12/14/2018 05:59:04, 12/14/2018 05:59:33 ,,
E,542,2, N2,16230,16259, 12/14/2018 05:59:34, 12/14/2018 06:00:03 ,,
E,543,2, N2,16260,16289, 12/14/2018 06:00:04, 12/14/2018 06:00:33 ,,
E,544,2, N2,16290,16319, 12/14/2018 06:00:34, 12/14/2018 06:01:03 ,,
E,545,2, N2,16320,16349, 12/14/2018 06:01:04, 12/14/2018 06:01:33 ,,
E,546,2, N2,16350,16379, 12/14/2018 06:01:34, 12/14/2018 06:02:03 ,,
E,547,2, N2,16380,16409, 12/14/2018 06:02:04, 12/14/2018 06:02:33 ,,
E,548,2, N2,16410,16439, 12/14/2018 06:02:34, 12/14/2018 06:03:03 ,,
E,549,2, N2,16440,16469, 12/14/2018 06:03:04, 12/14/2018 06:03:33 ,,
E,550,2, N2,16470,16499, 12/14/2018 06:03:34, 12/14/2018 06:04:03 ,,
E,551,2, N2,16500,16529, 12/14/2018 06:04:04, 12/14/2018 06:04:33 ,,
E,552,2, N2,16530,16559, 12/14/2018 06:04:34, 12/14/2018 06:05:03 ,,
E,553,2, N2,16560,16589, 12/14/2018 06:05:04, 12/14/2018 06:05:33 ,,
E,554,2, N2,16590,16619, 12/14/2018 06:05:34, 12/14/2018 06:06:03 ,,
E,555,2, N2,16620,16649, 12/14/2018 06:06:04, 12/14/2018 06:06:33 ,,
E,556,2, N2,16650,16679, 12/14/2018 06:06:34, 12/14/2018 06:07:03 ,,
E,557,2, N2,16680,16709, 12/14/2018 06:07:04, 12/14/2018 06:07:33 ,,
E,558,2, N2,16710,16739, 12/14/2018 06:07:34, 12/14/2018 06:08:03 ,,
E,559,2, N2,16740,16769, 12/14/2018 06:08:04, 12/14/2018 06:08:33 ,,
E,560,2, N2,16770,16799, 12/14/2018 06:08:34, 12/14/2018 06:09:03 ,,
E,561,2, N2,16800,16829, 12/14/2018 06:09:04, 12/14/2018 06:09:33 ,,
E,562,2, N2,16830,16859, 12/14/2018 06:09:34, 12/14/2018 06:10:03 ,,
E,563,2, N2,16860,16889, 12/14/2018 06:10:04, 12/14/2018 06:10:33 ,,
E,564,2, N2,16890,16919, 12/14/2018 06:10:34, 12/14/2018 06:11:03 ,,
E,565,2, N2,16920,16949, 12/14/2018 06:11:04, 12/14/2018 06:11:33 ,,
E,566,2, N2,16950,16979, 12/14/2018 06:11:34, 12/14/2018 06:12:03 ,,
E,567,2, N2,16980,17009, 12/14/2018 06:12:04, 12/14/2018 06:12:33 ,,
E,568,U,U,17010,17039, 12/14/2018 06:12:34, 12/14/2018 06:13:03 ,,
E,569,U,U,17040,17069, 12/14/2018 06:13:04, 12/14/2018 06:13:33 ,,
E,570,U,U,17070,17099, 12/14/2018 06:13:34, 12/14/2018 06:14:03 ,,
E,571,U,U,17100,17129, 12/14/2018 06:14:04, 12/14/2018 06:14:33 ,,
E,572,U,U,17130,17159, 12/14/2018 06:14:34, 12/14/2018 06:15:03 ,,
E,573,U,U,17160,17189, 12/14/2018 06:15:04, 12/14/2018 06:15:33 ,,
E,574,U,U,17190,17219, 12/14/2018 06:15:34, 12/14/2018 06:16:03 ,,
E,575,U,U,17220,17249, 12/14/2018 06:16:04, 12/14/2018 06:16:33 ,,
E,576,U,U,17250,17279, 12/14/2018 06:16:34, 12/14/2018 06:17:03 ,,
E,577,U,U,17280,17309, 12/14/2018 06:17:04, 12/14/2018 06:17:33 ,,
E,578,U,U,17310,17339, 12/14/2018 06:17:34, 12/14/2018 06:18:03 ,,
E,579,U,U,17340,17369, 12/14/2018 06:18:04, 12/14/2018 06:18:33 ,,
E,580,U,U,17370,17399, 12/14/2018 06:18:34, 12/14/2018 06:19:03 ,,
E,581,U,U,17400,17429, 12/14/2018 06:19:04, 12/14/2018 06:19:33 ,,
E,582,U,U,17430,17459, 12/14/2018 06:19:34, 12/14/2018 06:20:03 ,,
E,583,U,U,17460,17489, 12/14/2018 06:20:04, 12/14/2018 06:20:33 ,,
E,584,U,U,17490,17519, 12/14/2018 06:20:34, 12/14/2018 06:21:03 ,,
E,585,U,U,17520,17549, 12/14/2018 06:21:04, 12/14/2018 06:21:33 ,,
E,586,U,U,17550,17579, 12/14/2018 06:21:34, 12/14/2018 06:22:03 ,,
E,587,U,U,17580,17609, 12/14/2018 06:22:04, 12/14/2018 06:22:33 ,,
E,588,U,U,17610,17639, 12/14/2018 06:22:34, 12/14/2018 06:23:03 ,,
E,589,U,U,17640,17669, 12/14/2018 06:23:04, 12/14/2018 06:23:33 ,,
E,590,U,U,17670,17699, 12/14/2018 06:23:34, 12/14/2018 06:24:03 ,,
E,591,U,U,17700,17729, 12/14/2018 06:24:04, 12/14/2018 06:24:33 ,,
E,592,U,U,17730,17759, 12/14/2018 06:24:34, 12/14/2018 06:25:03 ,,
E,593,U,U,17760,17789, 12/14/2018 06:25:04, 12/14/2018 06:25:33 ,,
E,594,U,U,17790,17819, 12/14/2018 06:25:34, 12/14/2018 06:26:03 ,,
E,595,U,U,17820,17849, 12/14/2018 06:26:04, 12/14/2018 06:26:33 ,,
E,596,U,U,17850,17879, 12/14/2018 06:26:34, 12/14/2018 06:27:03 ,,
E,597,U,U,17880,17909, 12/14/2018 06:27:04, 12/14/2018 06:27:33 ,,
E,598,U,U,17910,17939, 12/14/2018 06:27:34, 12/14/2018 06:28:03 ,,
E,599,U,U,17940,17969, 12/14/2018 06:28:04, 12/14/2018 06:28:33 ,,
E,600,U,U,17970,17999, 12/14/2018 06:28:34, 12/14/2018 06:29:03 ,,
E,601,U,U,18000,18029, 12/14/2018 06:29:04, 12/14/2018 06:29:33 ,,
E,602,U,U,18030,18059, 12/14/2018 06:29:34, 12/14/2018 06:30:03 ,,
E,603,U,U,18060,18089, 12/14/2018 06:30:04, 12/14/2018 06:30:33 ,,
E,604,U,U,18090,18119, 12/14/2018 06:30:34, 12/14/2018 06:31:03 ,,
E,605,U,U,18120,18149, 12/14/2018 06:31:04, 12/14/2018 06:31:33 ,,
E,606,U,U,18150,18179, 12/14/2018 06:31:34, 12/14/2018 06:32:03 ,,
E,607,3, N3,18180,18209, 12/14/2018 06:32:04, 12/14/2018 06:32:33 ,,
E,608,3, N3,18210,18239, 12/14/2018 06:32:34, 12/14/2018 06:33:03 ,,
E,609,3, N3,18240,18269, 12/14/2018 06:33:04, 12/14/2018 06:33:33 ,,
E,610,U,U,18270,18299, 12/14/2018 06:33:34, 12/14/2018 06:34:03 ,,
E,611,U,U,18300,18329, 12/14/2018 06:34:04, 12/14/2018 06:34:33 ,,
E,612,U,U,18330,18359, 12/14/2018 06:34:34, 12/14/2018 06:35:03 ,,
E,613,U,U,18360,18389, 12/14/2018 06:35:04, 12/14/2018 06:35:33 ,,
E,614,U,U,18390,18419, 12/14/2018 06:35:34, 12/14/2018 06:36:03 ,,
E,615,U,U,18420,18449, 12/14/2018 06:36:04, 12/14/2018 06:36:33 ,,
E,616,U,U,18450,18479, 12/14/2018 06:36:34, 12/14/2018 06:37:03 ,,
E,617,U,U,18480,18509, 12/14/2018 06:37:04, 12/14/2018 06:37:33 ,,
E,618,U,U,18510,18539, 12/14/2018 06:37:34, 12/14/2018 06:38:03 ,,
E,619,U,U,18540,18569, 12/14/2018 06:38:04, 12/14/2018 06:38:33 ,,
E,620,3, N3,18570,18599, 12/14/2018 06:38:34, 12/14/2018 06:39:03 ,,
E,621,U,U,18600,18629, 12/14/2018 06:39:04, 12/14/2018 06:39:33 ,,
E,622,3, N3,18630,18659, 12/14/2018 06:39:34, 12/14/2018 06:40:03 ,,
E,623,U,U,18660,18689, 12/14/2018 06:40:04, 12/14/2018 06:40:33 ,,
E,624,U,U,18690,18719, 12/14/2018 06:40:34, 12/14/2018 06:41:03 ,,
E,625,U,U,18720,18749, 12/14/2018 06:41:04, 12/14/2018 06:41:33 ,,
E,626,U,U,18750,18779, 12/14/2018 06:41:34, 12/14/2018 06:42:03 ,,
E,627,U,U,18780,18809, 12/14/2018 06:42:04, 12/14/2018 06:42:33 ,,
E,628,U,U,18810,18839, 12/14/2018 06:42:34, 12/14/2018 06:43:03 ,,
E,629,U,U,18840,18869, 12/14/2018 06:43:04, 12/14/2018 06:43:33 ,,
E,630,U,U,18870,18899, 12/14/2018 06:43:34, 12/14/2018 06:44:03 ,,
E,631,U,U,18900,18929, 12/14/2018 06:44:04, 12/14/2018 06:44:33 ,,
E,632,U,U,18930,18959, 12/14/2018 06:44:34, 12/14/2018 06:45:03 ,,
E,633,5, W,18960,18989, 12/14/2018 06:45:04, 12/14/2018 06:45:33 ,,
E,634,2, N2,18990,19019, 12/14/2018 06:45:34, 12/14/2018 06:46:03 ,,
E,635,2, N2,19020,19049, 12/14/2018 06:46:04, 12/14/2018 06:46:33 ,,
E,636,U,U,19050,19079, 12/14/2018 06:46:34, 12/14/2018 06:47:03 ,,
E,637,U,U,19080,19109, 12/14/2018 06:47:04, 12/14/2018 06:47:33 ,,
E,638,U,U,19110,19139, 12/14/2018 06:47:34, 12/14/2018 06:48:03 ,,
E,639,4, R,19140,19169, 12/14/2018 06:48:04, 12/14/2018 06:48:33 ,,
E,640,4, R,19170,19199, 12/14/2018 06:48:34, 12/14/2018 06:49:03 ,,
E,641,4, R,19200,19229, 12/14/2018 06:49:04, 12/14/2018 06:49:33 ,,
E,642,4, R,19230,19259, 12/14/2018 06:49:34, 12/14/2018 06:50:03 ,,
E,643,4, R,19260,19289, 12/14/2018 06:50:04, 12/14/2018 06:50:33 ,,
E,644,4, R,19290,19319, 12/14/2018 06:50:34, 12/14/2018 06:51:03 ,,
E,645,4, R,19320,19349, 12/14/2018 06:51:04, 12/14/2018 06:51:33 ,,
E,646,5, W,19350,19379, 12/14/2018 06:51:34, 12/14/2018 06:52:03 ,,
E,647,U,U,19380,19409, 12/14/2018 06:52:04, 12/14/2018 06:52:33 ,,
E,648,U,U,19410,19439, 12/14/2018 06:52:34, 12/14/2018 06:53:03 ,,
E,649,U,U,19440,19469, 12/14/2018 06:53:04, 12/14/2018 06:53:33 ,,
E,650,U,U,19470,19499, 12/14/2018 06:53:34, 12/14/2018 06:54:03 ,,
E,651,U,U,19500,19529, 12/14/2018 06:54:04, 12/14/2018 06:54:33 ,,
E,652,4, R,19530,19559, 12/14/2018 06:54:34, 12/14/2018 06:55:03 ,,
E,653,4, R,19560,19589, 12/14/2018 06:55:04, 12/14/2018 06:55:33 ,,
E,654,4, R,19590,19619, 12/14/2018 06:55:34, 12/14/2018 06:56:03 ,,
E,655,4, R,19620,19649, 12/14/2018 06:56:04, 12/14/2018 06:56:33 ,,
E,656,4, R,19650,19679, 12/14/2018 06:56:34, 12/14/2018 06:57:03 ,,
E,657,4, R,19680,19709, 12/14/2018 06:57:04, 12/14/2018 06:57:33 ,,
E,658,4, R,19710,19739, 12/14/2018 06:57:34, 12/14/2018 06:58:03 ,,
E,659,4, R,19740,19769, 12/14/2018 06:58:04, 12/14/2018 06:58:33 ,,
E,660,4, R,19770,19799, 12/14/2018 06:58:34, 12/14/2018 06:59:03 ,,
E,661,4, R,19800,19829, 12/14/2018 06:59:04, 12/14/2018 06:59:33 ,,
E,662,4, R,19830,19859, 12/14/2018 06:59:34, 12/14/2018 07:00:03 ,,
E,663,4, R,19860,19889, 12/14/2018 07:00:04, 12/14/2018 07:00:33 ,,
E,664,4, R,19890,19919, 12/14/2018 07:00:34, 12/14/2018 07:01:03 ,,
E,665,4, R,19920,19949, 12/14/2018 07:01:04, 12/14/2018 07:01:33 ,,
E,666,4, R,19950,19979, 12/14/2018 07:01:34, 12/14/2018 07:02:03 ,,
E,667,4, R,19980,20009, 12/14/2018 07:02:04, 12/14/2018 07:02:33 ,,
E,668,4, R,20010,20039, 12/14/2018 07:02:34, 12/14/2018 07:03:03 ,,
E,669,4, R,20040,20069, 12/14/2018 07:03:04, 12/14/2018 07:03:33 ,,
E,670,4, R,20070,20099, 12/14/2018 07:03:34, 12/14/2018 07:04:03 ,,
E,671,4, R,20100,20129, 12/14/2018 07:04:04, 12/14/2018 07:04:33 ,,
E,672,U,U,20130,20159, 12/14/2018 07:04:34, 12/14/2018 07:05:03 ,,
E,673,4, R,20160,20189, 12/14/2018 07:05:04, 12/14/2018 07:05:33 ,,
E,674,4, R,20190,20219, 12/14/2018 07:05:34, 12/14/2018 07:06:03 ,,
E,675,4, R,20220,20249, 12/14/2018 07:06:04, 12/14/2018 07:06:33 ,,
E,676,4, R,20250,20279, 12/14/2018 07:06:34, 12/14/2018 07:07:03 ,,
E,677,4, R,20280,20309, 12/14/2018 07:07:04, 12/14/2018 07:07:33 ,,
E,678,4, R,20310,20339, 12/14/2018 07:07:34, 12/14/2018 07:08:03 ,,
E,679,4, R,20340,20369, 12/14/2018 07:08:04, 12/14/2018 07:08:33 ,,
E,680,4, R,20370,20399, 12/14/2018 07:08:34, 12/14/2018 07:09:03 ,,
E,681,4, R,20400,20429, 12/14/2018 07:09:04, 12/14/2018 07:09:33 ,,
E,682,4, R,20430,20459, 12/14/2018 07:09:34, 12/14/2018 07:10:03 ,,
E,683,4, R,20460,20489, 12/14/2018 07:10:04, 12/14/2018 07:10:33 ,,
E,684,5, W,20490,20519, 12/14/2018 07:10:34, 12/14/2018 07:11:03 ,,
E,685,U,U,20520,20549, 12/14/2018 07:11:04, 12/14/2018 07:11:33 ,,
E,686,U,U,20550,20579, 12/14/2018 07:11:34, 12/14/2018 07:12:03 ,,
E,687,U,U,20580,20609, 12/14/2018 07:12:04, 12/14/2018 07:12:33 ,,
E,688,U,U,20610,20639, 12/14/2018 07:12:34, 12/14/2018 07:13:03 ,,
E,689,U,U,20640,20669, 12/14/2018 07:13:04, 12/14/2018 07:13:33 ,,
E,690,U,U,20670,20699, 12/14/2018 07:13:34, 12/14/2018 07:14:03 ,,
E,691,U,U,20700,20729, 12/14/2018 07:14:04, 12/14/2018 07:14:33 ,,
E,692,U,U,20730,20759, 12/14/2018 07:14:34, 12/14/2018 07:15:03 ,,
E,693,U,U,20760,20789, 12/14/2018 07:15:04, 12/14/2018 07:15:33 ,,
E,694,4, R,20790,20819, 12/14/2018 07:15:34, 12/14/2018 07:16:03 ,,
E,695,4, R,20820,20849, 12/14/2018 07:16:04, 12/14/2018 07:16:33 ,,
E,696,4, R,20850,20879, 12/14/2018 07:16:34, 12/14/2018 07:17:03 ,,
E,697,4, R,20880,20909, 12/14/2018 07:17:04, 12/14/2018 07:17:33 ,,
E,698,4, R,20910,20939, 12/14/2018 07:17:34, 12/14/2018 07:18:03 ,,
E,699,4, R,20940,20969, 12/14/2018 07:18:04, 12/14/2018 07:18:33 ,,
E,700,4, R,20970,20999, 12/14/2018 07:18:34, 12/14/2018 07:19:03 ,,
E,701,4, R,21000,21029, 12/14/2018 07:19:04, 12/14/2018 07:19:33 ,,
E,702,4, R,21030,21059, 12/14/2018 07:19:34, 12/14/2018 07:20:03 ,,
E,703,4, R,21060,21089, 12/14/2018 07:20:04, 12/14/2018 07:20:33 ,,
E,704,5, W,21090,21119, 12/14/2018 07:20:34, 12/14/2018 07:21:03 ,,
E,705,U,U,21120,21149, 12/14/2018 07:21:04, 12/14/2018 07:21:33 ,,
E,706,U,U,21150,21179, 12/14/2018 07:21:34, 12/14/2018 07:22:03 ,,
E,707,U,U,21180,21209, 12/14/2018 07:22:04, 12/14/2018 07:22:33 ,,
E,708,U,U,21210,21239, 12/14/2018 07:22:34, 12/14/2018 07:23:03 ,,
E,709,U,U,21240,21269, 12/14/2018 07:23:04, 12/14/2018 07:23:33 ,,
E,710,U,U,21270,21299, 12/14/2018 07:23:34, 12/14/2018 07:24:03 ,,
E,711,U,U,21300,21329, 12/14/2018 07:24:04, 12/14/2018 07:24:33 ,,
E,712,U,U,21330,21359, 12/14/2018 07:24:34, 12/14/2018 07:25:03 ,,
E,713,4, R,21360,21389, 12/14/2018 07:25:04, 12/14/2018 07:25:33 ,,
E,714,4, R,21390,21419, 12/14/2018 07:25:34, 12/14/2018 07:26:03 ,,
E,715,4, R,21420,21449, 12/14/2018 07:26:04, 12/14/2018 07:26:33 ,,
E,716,4, R,21450,21479, 12/14/2018 07:26:34, 12/14/2018 07:27:03 ,,
E,717,4, R,21480,21509, 12/14/2018 07:27:04, 12/14/2018 07:27:33 ,,
E,718,4, R,21510,21539, 12/14/2018 07:27:34, 12/14/2018 07:28:03 ,,
E,719,4, R,21540,21569, 12/14/2018 07:28:04, 12/14/2018 07:28:33 ,,
E,720,4, R,21570,21599, 12/14/2018 07:28:34, 12/14/2018 07:29:03 ,,
E,721,4, R,21600,21629, 12/14/2018 07:29:04, 12/14/2018 07:29:33 ,,
E,722,4, R,21630,21659, 12/14/2018 07:29:34, 12/14/2018 07:30:03 ,,
E,723,4, R,21660,21689, 12/14/2018 07:30:04, 12/14/2018 07:30:33 ,,
E,724,4, R,21690,21719, 12/14/2018 07:30:34, 12/14/2018 07:31:03 ,,
E,725,4, R,21720,21749, 12/14/2018 07:31:04, 12/14/2018 07:31:33 ,,
E,726,4, R,21750,21779, 12/14/2018 07:31:34, 12/14/2018 07:32:03 ,,
E,727,4, R,21780,21809, 12/14/2018 07:32:04, 12/14/2018 07:32:33 ,,
E,728,4, R,21810,21839, 12/14/2018 07:32:34, 12/14/2018 07:33:03 ,,
E,729,4, R,21840,21869, 12/14/2018 07:33:04, 12/14/2018 07:33:33 ,,
E,730,4, R,21870,21899, 12/14/2018 07:33:34, 12/14/2018 07:34:03 ,,
E,731,4, R,21900,21929, 12/14/2018 07:34:04, 12/14/2018 07:34:33 ,,
E,732,4, R,21930,21959, 12/14/2018 07:34:34, 12/14/2018 07:35:03 ,,
E,733,4, R,21960,21989, 12/14/2018 07:35:04, 12/14/2018 07:35:33 ,,
E,734,4, R,21990,22019, 12/14/2018 07:35:34, 12/14/2018 07:36:03 ,,
E,735,4, R,22020,22049, 12/14/2018 07:36:04, 12/14/2018 07:36:33 ,,
E,736,U,U,22050,22079, 12/14/2018 07:36:34, 12/14/2018 07:37:03 ,,
E,737,U,U,22080,22109, 12/14/2018 07:37:04, 12/14/2018 07:37:33 ,,
E,738,4, R,22110,22139, 12/14/2018 07:37:34, 12/14/2018 07:38:03 ,,
E,739,U,U,22140,22169, 12/14/2018 07:38:04, 12/14/2018 07:38:33 ,,
E,740,U,U,22170,22199, 12/14/2018 07:38:34, 12/14/2018 07:39:03 ,,
E,741,U,U,22200,22229, 12/14/2018 07:39:04, 12/14/2018 07:39:33 ,,
E,742,U,U,22230,22259, 12/14/2018 07:39:34, 12/14/2018 07:40:03 ,,
E,743,U,U,22260,22289, 12/14/2018 07:40:04, 12/14/2018 07:40:33 ,,
E,744,U,U,22290,22319, 12/14/2018 07:40:34, 12/14/2018 07:41:03 ,,
E,745,U,U,22320,22349, 12/14/2018 07:41:04, 12/14/2018 07:41:33 ,,
E,746,U,U,22350,22379, 12/14/2018 07:41:34, 12/14/2018 07:42:03 ,,
E,747,2, N2,22380,22409, 12/14/2018 07:42:04, 12/14/2018 07:42:33 ,,
E,748,5, W,22410,22439, 12/14/2018 07:42:34, 12/14/2018 07:43:03 ,,
E,749,2, N2,22440,22469, 12/14/2018 07:43:04, 12/14/2018 07:43:33 ,,
E,750,2, N2,22470,22499, 12/14/2018 07:43:34, 12/14/2018 07:44:03 ,,
E,751,2, N2,22500,22529, 12/14/2018 07:44:04, 12/14/2018 07:44:33 ,,
E,752,2, N2,22530,22559, 12/14/2018 07:44:34, 12/14/2018 07:45:03 ,,
E,753,2, N2,22560,22589, 12/14/2018 07:45:04, 12/14/2018 07:45:33 ,,
E,754,2, N2,22590,22619, 12/14/2018 07:45:34, 12/14/2018 07:46:03 ,,
E,755,2, N2,22620,22649, 12/14/2018 07:46:04, 12/14/2018 07:46:33 ,,
E,756,2, N2,22650,22679, 12/14/2018 07:46:34, 12/14/2018 07:47:03 ,,
E,757,2, N2,22680,22709, 12/14/2018 07:47:04, 12/14/2018 07:47:33 ,,
E,758,2, N2,22710,22739, 12/14/2018 07:47:34, 12/14/2018 07:48:03 ,,
E,759,2, N2,22740,22769, 12/14/2018 07:48:04, 12/14/2018 07:48:33 ,,
E,760,2, N2,22770,22799, 12/14/2018 07:48:34, 12/14/2018 07:49:03 ,,
E,761,2, N2,22800,22829, 12/14/2018 07:49:04, 12/14/2018 07:49:33 ,,
E,762,2, N2,22830,22859, 12/14/2018 07:49:34, 12/14/2018 07:50:03 ,,
E,763,2, N2,22860,22889, 12/14/2018 07:50:04, 12/14/2018 07:50:33 ,,
E,764,2, N2,22890,22919, 12/14/2018 07:50:34, 12/14/2018 07:51:03 ,,
E,765,2, N2,22920,22949, 12/14/2018 07:51:04, 12/14/2018 07:51:33 ,,
E,766,2, N2,22950,22979, 12/14/2018 07:51:34, 12/14/2018 07:52:03 ,,
E,767,2, N2,22980,23009, 12/14/2018 07:52:04, 12/14/2018 07:52:33 ,,
E,768,2, N2,23010,23039, 12/14/2018 07:52:34, 12/14/2018 07:53:03 ,,
E,769,2, N2,23040,23069, 12/14/2018 07:53:04, 12/14/2018 07:53:33 ,,
E,770,2, N2,23070,23099, 12/14/2018 07:53:34, 12/14/2018 07:54:03 ,,
E,771,2, N2,23100,23129, 12/14/2018 07:54:04, 12/14/2018 07:54:33 ,,
E,772,2, N2,23130,23159, 12/14/2018 07:54:34, 12/14/2018 07:55:03 ,,
E,773,2, N2,23160,23189, 12/14/2018 07:55:04, 12/14/2018 07:55:33 ,,
E,774,2, N2,23190,23219, 12/14/2018 07:55:34, 12/14/2018 07:56:03 ,,
E,775,2, N2,23220,23249, 12/14/2018 07:56:04, 12/14/2018 07:56:33 ,,
E,776,2, N2,23250,23279, 12/14/2018 07:56:34, 12/14/2018 07:57:03 ,,
E,777,2, N2,23280,23309, 12/14/2018 07:57:04, 12/14/2018 07:57:33 ,,
E,778,2, N2,23310,23339, 12/14/2018 07:57:34, 12/14/2018 07:58:03 ,,
E,779,2, N2,23340,23369, 12/14/2018 07:58:04, 12/14/2018 07:58:33 ,,
E,780,2, N2,23370,23399, 12/14/2018 07:58:34, 12/14/2018 07:59:03 ,,
E,781,2, N2,23400,23429, 12/14/2018 07:59:04, 12/14/2018 07:59:33 ,,
E,782,2, N2,23430,23459, 12/14/2018 07:59:34, 12/14/2018 08:00:03 ,,
E,783,2, N2,23460,23489, 12/14/2018 08:00:04, 12/14/2018 08:00:33 ,,
E,784,2, N2,23490,23519, 12/14/2018 08:00:34, 12/14/2018 08:01:03 ,,
E,785,5, W,23520,23549, 12/14/2018 08:01:04, 12/14/2018 08:01:33 ,,
E,786,5, W,23550,23579, 12/14/2018 08:01:34, 12/14/2018 08:02:03 ,,
E,787,2, N2,23580,23609, 12/14/2018 08:02:04, 12/14/2018 08:02:33 ,,
E,788,2, N2,23610,23639, 12/14/2018 08:02:34, 12/14/2018 08:03:03 ,,
E,789,5, W,23640,23669, 12/14/2018 08:03:04, 12/14/2018 08:03:33 ,,
E,790,U,U,23670,23699, 12/14/2018 08:03:34, 12/14/2018 08:04:03 ,,
E,791,2, N2,23700,23729, 12/14/2018 08:04:04, 12/14/2018 08:04:33 ,,
E,792,2, N2,23730,23759, 12/14/2018 08:04:34, 12/14/2018 08:05:03 ,,
E,793,2, N2,23760,23789, 12/14/2018 08:05:04, 12/14/2018 08:05:33 ,,
E,794,2, N2,23790,23819, 12/14/2018 08:05:34, 12/14/2018 08:06:03 ,,
E,795,2, N2,23820,23849, 12/14/2018 08:06:04, 12/14/2018 08:06:33 ,,
E,796,2, N2,23850,23879, 12/14/2018 08:06:34, 12/14/2018 08:07:03 ,,
E,797,2, N2,23880,23909, 12/14/2018 08:07:04, 12/14/2018 08:07:33 ,,
E,798,5, W,23910,23939, 12/14/2018 08:07:34, 12/14/2018 08:08:03 ,,
E,799,5, W,23940,23969, 12/14/2018 08:08:04, 12/14/2018 08:08:33 ,,
E,800,U,U,23970,23999, 12/14/2018 08:08:34, 12/14/2018 08:09:03 ,,
E,801,2, N2,24000,24029, 12/14/2018 08:09:04, 12/14/2018 08:09:33 ,,
E,802,2, N2,24030,24059, 12/14/2018 08:09:34, 12/14/2018 08:10:03 ,,
E,803,2, N2,24060,24089, 12/14/2018 08:10:04, 12/14/2018 08:10:33 ,,
E,804,2, N2,24090,24119, 12/14/2018 08:10:34, 12/14/2018 08:11:03 ,,
E,805,2, N2,24120,24149, 12/14/2018 08:11:04, 12/14/2018 08:11:33 ,,
E,806,2, N2,24150,24179, 12/14/2018 08:11:34, 12/14/2018 08:12:03 ,,
E,807,2, N2,24180,24209, 12/14/2018 08:12:04, 12/14/2018 08:12:33 ,,
E,808,2, N2,24210,24239, 12/14/2018 08:12:34, 12/14/2018 08:13:03 ,,
E,809,5, W,24240,24269, 12/14/2018 08:13:04, 12/14/2018 08:13:33 ,,
E,810,U,U,24270,24299, 12/14/2018 08:13:34, 12/14/2018 08:14:03 ,,
E,811,5, W,24300,24329, 12/14/2018 08:14:04, 12/14/2018 08:14:33 ,,
E,812,5, W,24330,24359, 12/14/2018 08:14:34, 12/14/2018 08:15:03 ,,
E,813,U,U,24360,24389, 12/14/2018 08:15:04, 12/14/2018 08:15:33 ,,
E,814,U,U,24390,24419, 12/14/2018 08:15:34, 12/14/2018 08:16:03 ,,
E,815,U,U,24420,24449, 12/14/2018 08:16:04, 12/14/2018 08:16:33 ,,
E,816,2, N2,24450,24479, 12/14/2018 08:16:34, 12/14/2018 08:17:03 ,,
E,817,2, N2,24480,24509, 12/14/2018 08:17:04, 12/14/2018 08:17:33 ,,
E,818,2, N2,24510,24539, 12/14/2018 08:17:34, 12/14/2018 08:18:03 ,,
E,819,2, N2,24540,24569, 12/14/2018 08:18:04, 12/14/2018 08:18:33 ,,
E,820,2, N2,24570,24599, 12/14/2018 08:18:34, 12/14/2018 08:19:03 ,,
E,821,2, N2,24600,24629, 12/14/2018 08:19:04, 12/14/2018 08:19:33 ,,
E,822,2, N2,24630,24659, 12/14/2018 08:19:34, 12/14/2018 08:20:03 ,,
E,823,2, N2,24660,24689, 12/14/2018 08:20:04, 12/14/2018 08:20:33 ,,
E,824,2, N2,24690,24719, 12/14/2018 08:20:34, 12/14/2018 08:21:03 ,,
E,825,2, N2,24720,24749, 12/14/2018 08:21:04, 12/14/2018 08:21:33 ,,
E,826,2, N2,24750,24779, 12/14/2018 08:21:34, 12/14/2018 08:22:03 ,,
E,827,2, N2,24780,24809, 12/14/2018 08:22:04, 12/14/2018 08:22:33 ,,
E,828,U,U,24810,24839, 12/14/2018 08:22:34, 12/14/2018 08:23:03 ,,
E,829,4, R,24840,24869, 12/14/2018 08:23:04, 12/14/2018 08:23:33 ,,
E,830,4, R,24870,24899, 12/14/2018 08:23:34, 12/14/2018 08:24:03 ,,
E,831,4, R,24900,24929, 12/14/2018 08:24:04, 12/14/2018 08:24:33 ,,
E,832,4, R,24930,24959, 12/14/2018 08:24:34, 12/14/2018 08:25:03 ,,
E,833,4, R,24960,24989, 12/14/2018 08:25:04, 12/14/2018 08:25:33 ,,
E,834,4, R,24990,25019, 12/14/2018 08:25:34, 12/14/2018 08:26:03 ,,
E,835,4, R,25020,25049, 12/14/2018 08:26:04, 12/14/2018 08:26:33 ,,
E,836,4, R,25050,25079, 12/14/2018 08:26:34, 12/14/2018 08:27:03 ,,
E,837,4, R,25080,25109, 12/14/2018 08:27:04, 12/14/2018 08:27:33 ,,
E,838,4, R,25110,25139, 12/14/2018 08:27:34, 12/14/2018 08:28:03 ,,
E,839,4, R,25140,25169, 12/14/2018 08:28:04, 12/14/2018 08:28:33 ,,
E,840,4, R,25170,25199, 12/14/2018 08:28:34, 12/14/2018 08:29:03 ,,
E,841,4, R,25200,25229, 12/14/2018 08:29:04, 12/14/2018 08:29:33 ,,
E,842,4, R,25230,25259, 12/14/2018 08:29:34, 12/14/2018 08:30:03 ,,
E,843,4, R,25260,25289, 12/14/2018 08:30:04, 12/14/2018 08:30:33 ,,
E,844,4, R,25290,25319, 12/14/2018 08:30:34, 12/14/2018 08:31:03 ,,
E,845,4, R,25320,25349, 12/14/2018 08:31:04, 12/14/2018 08:31:33 ,,
E,846,4, R,25350,25379, 12/14/2018 08:31:34, 12/14/2018 08:32:03 ,,
E,847,4, R,25380,25409, 12/14/2018 08:32:04, 12/14/2018 08:32:33 ,,
E,848,4, R,25410,25439, 12/14/2018 08:32:34, 12/14/2018 08:33:03 ,,
E,849,4, R,25440,25469, 12/14/2018 08:33:04, 12/14/2018 08:33:33 ,,
E,850,4, R,25470,25499, 12/14/2018 08:33:34, 12/14/2018 08:34:03 ,,
E,851,4, R,25500,25529, 12/14/2018 08:34:04, 12/14/2018 08:34:33 ,,
E,852,4, R,25530,25559, 12/14/2018 08:34:34, 12/14/2018 08:35:03 ,,
E,853,4, R,25560,25589, 12/14/2018 08:35:04, 12/14/2018 08:35:33 ,,
E,854,U,U,25590,25619, 12/14/2018 08:35:34, 12/14/2018 08:36:03 ,,
E,855,U,U,25620,25649, 12/14/2018 08:36:04, 12/14/2018 08:36:33 ,,
E,856,U,U,25650,25679, 12/14/2018 08:36:34, 12/14/2018 08:37:03 ,,
E,857,4, R,25680,25709, 12/14/2018 08:37:04, 12/14/2018 08:37:33 ,,
E,858,4, R,25710,25739, 12/14/2018 08:37:34, 12/14/2018 08:38:03 ,,
E,859,4, R,25740,25769, 12/14/2018 08:38:04, 12/14/2018 08:38:33 ,,
E,860,4, R,25770,25799, 12/14/2018 08:38:34, 12/14/2018 08:39:03 ,,
E,861,4, R,25800,25829, 12/14/2018 08:39:04, 12/14/2018 08:39:33 ,,
E,862,4, R,25830,25859, 12/14/2018 08:39:34, 12/14/2018 08:40:03 ,,
E,863,4, R,25860,25889, 12/14/2018 08:40:04, 12/14/2018 08:40:33 ,,
E,864,4, R,25890,25919, 12/14/2018 08:40:34, 12/14/2018 08:41:03 ,,
E,865,4, R,25920,25949, 12/14/2018 08:41:04, 12/14/2018 08:41:33 ,,
E,866,4, R,25950,25979, 12/14/2018 08:41:34, 12/14/2018 08:42:03 ,,
E,867,4, R,25980,26009, 12/14/2018 08:42:04, 12/14/2018 08:42:33 ,,
E,868,4, R,26010,26039, 12/14/2018 08:42:34, 12/14/2018 08:43:03 ,,
E,869,4, R,26040,26069, 12/14/2018 08:43:04, 12/14/2018 08:43:33 ,,
E,870,4, R,26070,26099, 12/14/2018 08:43:34, 12/14/2018 08:44:03 ,,
E,871,4, R,26100,26129, 12/14/2018 08:44:04, 12/14/2018 08:44:33 ,,
E,872,4, R,26130,26159, 12/14/2018 08:44:34, 12/14/2018 08:45:03 ,,
E,873,4, R,26160,26189, 12/14/2018 08:45:04, 12/14/2018 08:45:33 ,,
E,874,4, R,26190,26219, 12/14/2018 08:45:34, 12/14/2018 08:46:03 ,,
E,875,4, R,26220,26249, 12/14/2018 08:46:04, 12/14/2018 08:46:33 ,,
E,876,4, R,26250,26279, 12/14/2018 08:46:34, 12/14/2018 08:47:03 ,,
E,877,4, R,26280,26309, 12/14/2018 08:47:04, 12/14/2018 08:47:33 ,,
E,878,4, R,26310,26339, 12/14/2018 08:47:34, 12/14/2018 08:48:03 ,,
E,879,4, R,26340,26369, 12/14/2018 08:48:04, 12/14/2018 08:48:33 ,,
E,880,4, R,26370,26399, 12/14/2018 08:48:34, 12/14/2018 08:49:03 ,,
E,881,4, R,26400,26429, 12/14/2018 08:49:04, 12/14/2018 08:49:33 ,,
E,882,4, R,26430,26459, 12/14/2018 08:49:34, 12/14/2018 08:50:03 ,,
E,883,4, R,26460,26489, 12/14/2018 08:50:04, 12/14/2018 08:50:33 ,,
E,884,5, W,26490,26519, 12/14/2018 08:50:34, 12/14/2018 08:51:03 ,,
E,885,U,U,26520,26549, 12/14/2018 08:51:04, 12/14/2018 08:51:33 ,,
E,886,U,U,26550,26579, 12/14/2018 08:51:34, 12/14/2018 08:52:03 ,,
E,887,U,U,26580,26609, 12/14/2018 08:52:04, 12/14/2018 08:52:33 ,,
E,888,U,U,26610,26639, 12/14/2018 08:52:34, 12/14/2018 08:53:03 ,,
E,889,U,U,26640,26669, 12/14/2018 08:53:04, 12/14/2018 08:53:33 ,,
E,890,U,U,26670,26699, 12/14/2018 08:53:34, 12/14/2018 08:54:03 ,,
E,891,U,U,26700,26729, 12/14/2018 08:54:04, 12/14/2018 08:54:33 ,,
E,892,U,U,26730,26759, 12/14/2018 08:54:34, 12/14/2018 08:55:03 ,,
E,893,U,U,26760,26789, 12/14/2018 08:55:04, 12/14/2018 08:55:33 ,,
E,894,U,U,26790,26819, 12/14/2018 08:55:34, 12/14/2018 08:56:03 ,,
E,895,U,U,26820,26849, 12/14/2018 08:56:04, 12/14/2018 08:56:33 ,,
E,896,U,U,26850,26879, 12/14/2018 08:56:34, 12/14/2018 08:57:03 ,,
E,897,U,U,26880,26909, 12/14/2018 08:57:04, 12/14/2018 08:57:33 ,,
E,898,U,U,26910,26939, 12/14/2018 08:57:34, 12/14/2018 08:58:03 ,,
E,899,U,U,26940,26969, 12/14/2018 08:58:04, 12/14/2018 08:58:33 ,,
E,900,U,U,26970,26999, 12/14/2018 08:58:34, 12/14/2018 08:59:03 ,,
E,901,5, W,27000,27029, 12/14/2018 08:59:04, 12/14/2018 08:59:33 ,,
E,902,U,U,27030,27059, 12/14/2018 08:59:34, 12/14/2018 09:00:03 ,,
E,903,U,U,27060,27089, 12/14/2018 09:00:04, 12/14/2018 09:00:33 ,,
E,904,U,U,27090,27119, 12/14/2018 09:00:34, 12/14/2018 09:01:03 ,,
E,905,U,U,27120,27149, 12/14/2018 09:01:04, 12/14/2018 09:01:33 ,,
E,906,U,U,27150,27179, 12/14/2018 09:01:34, 12/14/2018 09:02:03 ,,
E,907,5, W,27180,27209, 12/14/2018 09:02:04, 12/14/2018 09:02:33 ,,
E,908,U,U,27210,27239, 12/14/2018 09:02:34, 12/14/2018 09:03:03 ,,
E,909,U,U,27240,27269, 12/14/2018 09:03:04, 12/14/2018 09:03:33 ,,
E,910,2, N2,27270,27299, 12/14/2018 09:03:34, 12/14/2018 09:04:03 ,,
E,911,2, N2,27300,27329, 12/14/2018 09:04:04, 12/14/2018 09:04:33 ,,
E,912,2, N2,27330,27359, 12/14/2018 09:04:34, 12/14/2018 09:05:03 ,,
E,913,2, N2,27360,27389, 12/14/2018 09:05:04, 12/14/2018 09:05:33 ,,
E,914,2, N2,27390,27419, 12/14/2018 09:05:34, 12/14/2018 09:06:03 ,,
E,915,2, N2,27420,27449, 12/14/2018 09:06:04, 12/14/2018 09:06:33 ,,
E,916,2, N2,27450,27479, 12/14/2018 09:06:34, 12/14/2018 09:07:03 ,,
E,917,2, N2,27480,27509, 12/14/2018 09:07:04, 12/14/2018 09:07:33 ,,
E,918,2, N2,27510,27539, 12/14/2018 09:07:34, 12/14/2018 09:08:03 ,,
E,919,2, N2,27540,27569, 12/14/2018 09:08:04, 12/14/2018 09:08:33 ,,
E,920,2, N2,27570,27599, 12/14/2018 09:08:34, 12/14/2018 09:09:03 ,,
E,921,2, N2,27600,27629, 12/14/2018 09:09:04, 12/14/2018 09:09:33 ,,
E,922,2, N2,27630,27659, 12/14/2018 09:09:34, 12/14/2018 09:10:03 ,,
E,923,2, N2,27660,27689, 12/14/2018 09:10:04, 12/14/2018 09:10:33 ,,
E,924,2, N2,27690,27719, 12/14/2018 09:10:34, 12/14/2018 09:11:03 ,,
E,925,2, N2,27720,27749, 12/14/2018 09:11:04, 12/14/2018 09:11:33 ,,
E,926,2, N2,27750,27779, 12/14/2018 09:11:34, 12/14/2018 09:12:03 ,,
E,927,2, N2,27780,27809, 12/14/2018 09:12:04, 12/14/2018 09:12:33 ,,
E,928,2, N2,27810,27839, 12/14/2018 09:12:34, 12/14/2018 09:13:03 ,,
E,929,2, N2,27840,27869, 12/14/2018 09:13:04, 12/14/2018 09:13:33 ,,
E,930,2, N2,27870,27899, 12/14/2018 09:13:34, 12/14/2018 09:14:03 ,,
E,931,2, N2,27900,27929, 12/14/2018 09:14:04, 12/14/2018 09:14:33 ,,
E,932,2, N2,27930,27959, 12/14/2018 09:14:34, 12/14/2018 09:15:03 ,,
E,933,2, N2,27960,27989, 12/14/2018 09:15:04, 12/14/2018 09:15:33 ,,
E,934,2, N2,27990,28019, 12/14/2018 09:15:34, 12/14/2018 09:16:03 ,,
E,935,2, N2,28020,28049, 12/14/2018 09:16:04, 12/14/2018 09:16:33 ,,
E,936,2, N2,28050,28079, 12/14/2018 09:16:34, 12/14/2018 09:17:03 ,,
E,937,2, N2,28080,28109, 12/14/2018 09:17:04, 12/14/2018 09:17:33 ,,
E,938,2, N2,28110,28139, 12/14/2018 09:17:34, 12/14/2018 09:18:03 ,,
E,939,2, N2,28140,28169, 12/14/2018 09:18:04, 12/14/2018 09:18:33 ,,
E,940,2, N2,28170,28199, 12/14/2018 09:18:34, 12/14/2018 09:19:03 ,,
E,941,2, N2,28200,28229, 12/14/2018 09:19:04, 12/14/2018 09:19:33 ,,
E,942,2, N2,28230,28259, 12/14/2018 09:19:34, 12/14/2018 09:20:03 ,,
E,943,2, N2,28260,28289, 12/14/2018 09:20:04, 12/14/2018 09:20:33 ,,
E,944,5, W,28290,28319, 12/14/2018 09:20:34, 12/14/2018 09:21:03 ,,
E,945,5, W,28320,28349, 12/14/2018 09:21:04, 12/14/2018 09:21:33 ,,
E,946,5, W,28350,28379, 12/14/2018 09:21:34, 12/14/2018 09:22:03 ,,
E,947,5, W,28380,28409, 12/14/2018 09:22:04, 12/14/2018 09:22:33 ,,
E,948,5, W,28410,28439, 12/14/2018 09:22:34, 12/14/2018 09:23:03 ,,
E,949,5, W,28440,28469, 12/14/2018 09:23:04, 12/14/2018 09:23:33 ,,
LOUT,1,,,,,,,,
LON,948,,,,,,,,
,,,,,,,,,Amount of epochs not scored the same: 
,,,,,,,,,0
,,,,,,,,,0
