E,1,5, W,0,29, 11/28/2018 00:04:54, 11/28/2018 00:05:23 ,,,,
E,2,5, W,30,59, 11/28/2018 00:05:24, 11/28/2018 00:05:53 ,,,,
E,3,5, W,60,89, 11/28/2018 00:05:54, 11/28/2018 00:06:23 ,,,,
E,4,5, W,90,119, 11/28/2018 00:06:24, 11/28/2018 00:06:53 ,,,,
E,5,5, W,120,149, 11/28/2018 00:06:54, 11/28/2018 00:07:23 ,,,,
E,6,5, W,150,179, 11/28/2018 00:07:24, 11/28/2018 00:07:53 ,,,,
E,7,5, W,180,209, 11/28/2018 00:07:54, 11/28/2018 00:08:23 ,,,,
E,8,5, W,210,239, 11/28/2018 00:08:24, 11/28/2018 00:08:53 ,,,,
E,9,5, W,240,269, 11/28/2018 00:08:54, 11/28/2018 00:09:23 ,,,,
E,10,5, W,270,299, 11/28/2018 00:09:24, 11/28/2018 00:09:53 ,,,,
E,11,5, W,300,329, 11/28/2018 00:09:54, 11/28/2018 00:10:23 ,,,,
E,12,5, W,330,359, 11/28/2018 00:10:24, 11/28/2018 00:10:53 ,,,,
E,13,5, W,360,389, 11/28/2018 00:10:54, 11/28/2018 00:11:23 ,,,,
E,14,5, W,390,419, 11/28/2018 00:11:24, 11/28/2018 00:11:53 ,,,,
E,15,5, W,420,449, 11/28/2018 00:11:54, 11/28/2018 00:12:23 ,,,,
E,16,5, W,450,479, 11/28/2018 00:12:24, 11/28/2018 00:12:53 ,,,,
E,17,5, W,480,509, 11/28/2018 00:12:54, 11/28/2018 00:13:23 ,,,,
E,18,5, W,510,539, 11/28/2018 00:13:24, 11/28/2018 00:13:53 ,,,,
E,19,5, W,540,569, 11/28/2018 00:13:54, 11/28/2018 00:14:23 ,,,,
E,20,5, W,570,599, 11/28/2018 00:14:24, 11/28/2018 00:14:53 ,,,,
E,21,5, W,600,629, 11/28/2018 00:14:54, 11/28/2018 00:15:23 ,,,,
E,22,5, W,630,659, 11/28/2018 00:15:24, 11/28/2018 00:15:53 ,,,,
E,23,5, W,660,689, 11/28/2018 00:15:54, 11/28/2018 00:16:23 ,,,,
E,24,5, W,690,719, 11/28/2018 00:16:24, 11/28/2018 00:16:53 ,,,,
E,25,5, W,720,749, 11/28/2018 00:16:54, 11/28/2018 00:17:23 ,,,,
E,26,5, W,750,779, 11/28/2018 00:17:24, 11/28/2018 00:17:53 ,,,,
E,27,5, W,780,809, 11/28/2018 00:17:54, 11/28/2018 00:18:23 ,,,,
E,28,5, W,810,839, 11/28/2018 00:18:24, 11/28/2018 00:18:53 ,,,,
E,29,5, W,840,869, 11/28/2018 00:18:54, 11/28/2018 00:19:23 ,,,,
E,30,5, W,870,899, 11/28/2018 00:19:24, 11/28/2018 00:19:53 ,,,,
E,31,U,U,900,929, 11/28/2018 00:19:54, 11/28/2018 00:20:23 ,,,,
E,32,U,U,930,959, 11/28/2018 00:20:24, 11/28/2018 00:20:53 ,,,,
E,33,U,U,960,989, 11/28/2018 00:20:54, 11/28/2018 00:21:23 ,,,,
E,34,U,U,990,1019, 11/28/2018 00:21:24, 11/28/2018 00:21:53 ,,,,
E,35,1, N1,1020,1049, 11/28/2018 00:21:54, 11/28/2018 00:22:23 ,,,,
E,36,1, N1,1050,1079, 11/28/2018 00:22:24, 11/28/2018 00:22:53 ,,,,
E,37,1, N1,1080,1109, 11/28/2018 00:22:54, 11/28/2018 00:23:23 ,,,,
E,38,1, N1,1110,1139, 11/28/2018 00:23:24, 11/28/2018 00:23:53 ,,,,
E,39,1, N1,1140,1169, 11/28/2018 00:23:54, 11/28/2018 00:24:23 ,,,,
E,40,1, N1,1170,1199, 11/28/2018 00:24:24, 11/28/2018 00:24:53 ,,,,
E,41,1, N1,1200,1229, 11/28/2018 00:24:54, 11/28/2018 00:25:23 ,,,,
E,42,1, N1,1230,1259, 11/28/2018 00:25:24, 11/28/2018 00:25:53 ,,,,
E,43,1, N1,1260,1289, 11/28/2018 00:25:54, 11/28/2018 00:26:23 ,,,,
E,44,1, N1,1290,1319, 11/28/2018 00:26:24, 11/28/2018 00:26:53 ,,,,
E,45,1, N1,1320,1349, 11/28/2018 00:26:54, 11/28/2018 00:27:23 ,,,,
E,46,1, N1,1350,1379, 11/28/2018 00:27:24, 11/28/2018 00:27:53 ,,,,
E,47,U,U,1380,1409, 11/28/2018 00:27:54, 11/28/2018 00:28:23 ,,,,
E,48,1, N1,1410,1439, 11/28/2018 00:28:24, 11/28/2018 00:28:53 ,,,,
E,49,U,U,1440,1469, 11/28/2018 00:28:54, 11/28/2018 00:29:23 ,,,,
E,50,2, N2,1470,1499, 11/28/2018 00:29:24, 11/28/2018 00:29:53 ,,,,
E,51,2, N2,1500,1529, 11/28/2018 00:29:54, 11/28/2018 00:30:23 ,,,,
E,52,2, N2,1530,1559, 11/28/2018 00:30:24, 11/28/2018 00:30:53 ,,,,
E,53,2, N2,1560,1589, 11/28/2018 00:30:54, 11/28/2018 00:31:23 ,,,,
E,54,2, N2,1590,1619, 11/28/2018 00:31:24, 11/28/2018 00:31:53 ,,,,
E,55,2, N2,1620,1649, 11/28/2018 00:31:54, 11/28/2018 00:32:23 ,,,,
E,56,2, N2,1650,1679, 11/28/2018 00:32:24, 11/28/2018 00:32:53 ,,,,
E,57,2, N2,1680,1709, 11/28/2018 00:32:54, 11/28/2018 00:33:23 ,,,,
E,58,2, N2,1710,1739, 11/28/2018 00:33:24, 11/28/2018 00:33:53 ,,,,
E,59,2, N2,1740,1769, 11/28/2018 00:33:54, 11/28/2018 00:34:23 ,,,,
E,60,2, N2,1770,1799, 11/28/2018 00:34:24, 11/28/2018 00:34:53 ,,,,
E,61,2, N2,1800,1829, 11/28/2018 00:34:54, 11/28/2018 00:35:23 ,,,,
E,62,2, N2,1830,1859, 11/28/2018 00:35:24, 11/28/2018 00:35:53 ,,,,
E,63,2, N2,1860,1889, 11/28/2018 00:35:54, 11/28/2018 00:36:23 ,,,,
E,64,2, N2,1890,1919, 11/28/2018 00:36:24, 11/28/2018 00:36:53 ,,,,
E,65,U,U,1920,1949, 11/28/2018 00:36:54, 11/28/2018 00:37:23 ,,,,
E,66,U,U,1950,1979, 11/28/2018 00:37:24, 11/28/2018 00:37:53 ,,,,
E,67,U,U,1980,2009, 11/28/2018 00:37:54, 11/28/2018 00:38:23 ,,,,
E,68,U,U,2010,2039, 11/28/2018 00:38:24, 11/28/2018 00:38:53 ,,,,
E,69,U,U,2040,2069, 11/28/2018 00:38:54, 11/28/2018 00:39:23 ,,,,
E,70,U,U,2070,2099, 11/28/2018 00:39:24, 11/28/2018 00:39:53 ,,,,
E,71,3, N3,2100,2129, 11/28/2018 00:39:54, 11/28/2018 00:40:23 ,,,,
E,72,3, N3,2130,2159, 11/28/2018 00:40:24, 11/28/2018 00:40:53 ,,,,
E,73,3, N3,2160,2189, 11/28/2018 00:40:54, 11/28/2018 00:41:23 ,,,,
E,74,3, N3,2190,2219, 11/28/2018 00:41:24, 11/28/2018 00:41:53 ,,,,
E,75,3, N3,2220,2249, 11/28/2018 00:41:54, 11/28/2018 00:42:23 ,,,,
E,76,3, N3,2250,2279, 11/28/2018 00:42:24, 11/28/2018 00:42:53 ,,,,
E,77,3, N3,2280,2309, 11/28/2018 00:42:54, 11/28/2018 00:43:23 ,,,,
E,78,3, N3,2310,2339, 11/28/2018 00:43:24, 11/28/2018 00:43:53 ,,,,
E,79,3, N3,2340,2369, 11/28/2018 00:43:54, 11/28/2018 00:44:23 ,,,,
E,80,3, N3,2370,2399, 11/28/2018 00:44:24, 11/28/2018 00:44:53 ,,,,
E,81,3, N3,2400,2429, 11/28/2018 00:44:54, 11/28/2018 00:45:23 ,,,,
E,82,3, N3,2430,2459, 11/28/2018 00:45:24, 11/28/2018 00:45:53 ,,,,
E,83,3, N3,2460,2489, 11/28/2018 00:45:54, 11/28/2018 00:46:23 ,,,,
E,84,3, N3,2490,2519, 11/28/2018 00:46:24, 11/28/2018 00:46:53 ,,,,
E,85,U,U,2520,2549, 11/28/2018 00:46:54, 11/28/2018 00:47:23 ,,,,
E,86,U,U,2550,2579, 11/28/2018 00:47:24, 11/28/2018 00:47:53 ,,,,
E,87,U,U,2580,2609, 11/28/2018 00:47:54, 11/28/2018 00:48:23 ,,,,
E,88,U,U,2610,2639, 11/28/2018 00:48:24, 11/28/2018 00:48:53 ,,,,
E,89,U,U,2640,2669, 11/28/2018 00:48:54, 11/28/2018 00:49:23 ,,,,
E,90,U,U,2670,2699, 11/28/2018 00:49:24, 11/28/2018 00:49:53 ,,,,
E,91,U,U,2700,2729, 11/28/2018 00:49:54, 11/28/2018 00:50:23 ,,,,
E,92,U,U,2730,2759, 11/28/2018 00:50:24, 11/28/2018 00:50:53 ,,,,
E,93,U,U,2760,2789, 11/28/2018 00:50:54, 11/28/2018 00:51:23 ,,,,
E,94,U,U,2790,2819, 11/28/2018 00:51:24, 11/28/2018 00:51:53 ,,,,
E,95,3, N3,2820,2849, 11/28/2018 00:51:54, 11/28/2018 00:52:23 ,,,,
E,96,3, N3,2850,2879, 11/28/2018 00:52:24, 11/28/2018 00:52:53 ,,,,
E,97,3, N3,2880,2909, 11/28/2018 00:52:54, 11/28/2018 00:53:23 ,,,,
E,98,3, N3,2910,2939, 11/28/2018 00:53:24, 11/28/2018 00:53:53 ,,,,
E,99,3, N3,2940,2969, 11/28/2018 00:53:54, 11/28/2018 00:54:23 ,,,,
E,100,3, N3,2970,2999, 11/28/2018 00:54:24, 11/28/2018 00:54:53 ,,,,
E,101,3, N3,3000,3029, 11/28/2018 00:54:54, 11/28/2018 00:55:23 ,,,,
E,102,3, N3,3030,3059, 11/28/2018 00:55:24, 11/28/2018 00:55:53 ,,,,
E,103,3, N3,3060,3089, 11/28/2018 00:55:54, 11/28/2018 00:56:23 ,,,,
E,104,3, N3,3090,3119, 11/28/2018 00:56:24, 11/28/2018 00:56:53 ,,,,
E,105,3, N3,3120,3149, 11/28/2018 00:56:54, 11/28/2018 00:57:23 ,,,,
E,106,3, N3,3150,3179, 11/28/2018 00:57:24, 11/28/2018 00:57:53 ,,,,
E,107,3, N3,3180,3209, 11/28/2018 00:57:54, 11/28/2018 00:58:23 ,,,,
E,108,3, N3,3210,3239, 11/28/2018 00:58:24, 11/28/2018 00:58:53 ,,,,
E,109,3, N3,3240,3269, 11/28/2018 00:58:54, 11/28/2018 00:59:23 ,,,,
E,110,3, N3,3270,3299, 11/28/2018 00:59:24, 11/28/2018 00:59:53 ,,,,
E,111,3, N3,3300,3329, 11/28/2018 00:59:54, 11/28/2018 01:00:23 ,,,,
E,112,3, N3,3330,3359, 11/28/2018 01:00:24, 11/28/2018 01:00:53 ,,,,
E,113,3, N3,3360,3389, 11/28/2018 01:00:54, 11/28/2018 01:01:23 ,,,,
E,114,3, N3,3390,3419, 11/28/2018 01:01:24, 11/28/2018 01:01:53 ,,,,
E,115,3, N3,3420,3449, 11/28/2018 01:01:54, 11/28/2018 01:02:23 ,,,,
E,116,3, N3,3450,3479, 11/28/2018 01:02:24, 11/28/2018 01:02:53 ,,,,
E,117,3, N3,3480,3509, 11/28/2018 01:02:54, 11/28/2018 01:03:23 ,,,,
E,118,3, N3,3510,3539, 11/28/2018 01:03:24, 11/28/2018 01:03:53 ,,,,
E,119,3, N3,3540,3569, 11/28/2018 01:03:54, 11/28/2018 01:04:23 ,,,,
E,120,3, N3,3570,3599, 11/28/2018 01:04:24, 11/28/2018 01:04:53 ,,,,
E,121,U,U,3600,3629, 11/28/2018 01:04:54, 11/28/2018 01:05:23 ,,,,
E,122,3, N3,3630,3659, 11/28/2018 01:05:24, 11/28/2018 01:05:53 ,,,,
E,123,3, N3,3660,3689, 11/28/2018 01:05:54, 11/28/2018 01:06:23 ,,,,
E,124,3, N3,3690,3719, 11/28/2018 01:06:24, 11/28/2018 01:06:53 ,,,,
E,125,3, N3,3720,3749, 11/28/2018 01:06:54, 11/28/2018 01:07:23 ,,,,
E,126,3, N3,3750,3779, 11/28/2018 01:07:24, 11/28/2018 01:07:53 ,,,,
E,127,3, N3,3780,3809, 11/28/2018 01:07:54, 11/28/2018 01:08:23 ,,,,
E,128,3, N3,3810,3839, 11/28/2018 01:08:24, 11/28/2018 01:08:53 ,,,,
E,129,3, N3,3840,3869, 11/28/2018 01:08:54, 11/28/2018 01:09:23 ,,,,
E,130,3, N3,3870,3899, 11/28/2018 01:09:24, 11/28/2018 01:09:53 ,,,,
E,131,3, N3,3900,3929, 11/28/2018 01:09:54, 11/28/2018 01:10:23 ,,,,
E,132,3, N3,3930,3959, 11/28/2018 01:10:24, 11/28/2018 01:10:53 ,,,,
E,133,3, N3,3960,3989, 11/28/2018 01:10:54, 11/28/2018 01:11:23 ,,,,
E,134,3, N3,3990,4019, 11/28/2018 01:11:24, 11/28/2018 01:11:53 ,,,,
E,135,3, N3,4020,4049, 11/28/2018 01:11:54, 11/28/2018 01:12:23 ,,,,
E,136,3, N3,4050,4079, 11/28/2018 01:12:24, 11/28/2018 01:12:53 ,,,,
E,137,3, N3,4080,4109, 11/28/2018 01:12:54, 11/28/2018 01:13:23 ,,,,
E,138,3, N3,4110,4139, 11/28/2018 01:13:24, 11/28/2018 01:13:53 ,,,,
E,139,3, N3,4140,4169, 11/28/2018 01:13:54, 11/28/2018 01:14:23 ,,,,
E,140,3, N3,4170,4199, 11/28/2018 01:14:24, 11/28/2018 01:14:53 ,,,,
E,141,3, N3,4200,4229, 11/28/2018 01:14:54, 11/28/2018 01:15:23 ,,,,
E,142,3, N3,4230,4259, 11/28/2018 01:15:24, 11/28/2018 01:15:53 ,,,,
E,143,3, N3,4260,4289, 11/28/2018 01:15:54, 11/28/2018 01:16:23 ,,,,
E,144,3, N3,4290,4319, 11/28/2018 01:16:24, 11/28/2018 01:16:53 ,,,,
E,145,5, W,4320,4349, 11/28/2018 01:16:54, 11/28/2018 01:17:23 ,,,,
E,146,U,U,4350,4379, 11/28/2018 01:17:24, 11/28/2018 01:17:53 ,,,,
E,147,2, N2,4380,4409, 11/28/2018 01:17:54, 11/28/2018 01:18:23 ,,,,
E,148,U,U,4410,4439, 11/28/2018 01:18:24, 11/28/2018 01:18:53 ,,,,
E,149,2, N2,4440,4469, 11/28/2018 01:18:54, 11/28/2018 01:19:23 ,,,,
E,150,2, N2,4470,4499, 11/28/2018 01:19:24, 11/28/2018 01:19:53 ,,,,
E,151,2, N2,4500,4529, 11/28/2018 01:19:54, 11/28/2018 01:20:23 ,,,,
E,152,2, N2,4530,4559, 11/28/2018 01:20:24, 11/28/2018 01:20:53 ,,,,
E,153,U,U,4560,4589, 11/28/2018 01:20:54, 11/28/2018 01:21:23 ,,,,
E,154,2, N2,4590,4619, 11/28/2018 01:21:24, 11/28/2018 01:21:53 ,,,,
E,155,2, N2,4620,4649, 11/28/2018 01:21:54, 11/28/2018 01:22:23 ,,,,
E,156,2, N2,4650,4679, 11/28/2018 01:22:24, 11/28/2018 01:22:53 ,,,,
E,157,2, N2,4680,4709, 11/28/2018 01:22:54, 11/28/2018 01:23:23 ,,,,
E,158,2, N2,4710,4739, 11/28/2018 01:23:24, 11/28/2018 01:23:53 ,,,,
E,159,2, N2,4740,4769, 11/28/2018 01:23:54, 11/28/2018 01:24:23 ,,,,
E,160,2, N2,4770,4799, 11/28/2018 01:24:24, 11/28/2018 01:24:53 ,,,,
E,161,2, N2,4800,4829, 11/28/2018 01:24:54, 11/28/2018 01:25:23 ,,,,
E,162,2, N2,4830,4859, 11/28/2018 01:25:24, 11/28/2018 01:25:53 ,,,,
E,163,2, N2,4860,4889, 11/28/2018 01:25:54, 11/28/2018 01:26:23 ,,,,
E,164,U,U,4890,4919, 11/28/2018 01:26:24, 11/28/2018 01:26:53 ,,,,
E,165,U,U,4920,4949, 11/28/2018 01:26:54, 11/28/2018 01:27:23 ,,,,
E,166,U,U,4950,4979, 11/28/2018 01:27:24, 11/28/2018 01:27:53 ,,,,
E,167,U,U,4980,5009, 11/28/2018 01:27:54, 11/28/2018 01:28:23 ,,,,
E,168,U,U,5010,5039, 11/28/2018 01:28:24, 11/28/2018 01:28:53 ,,,,
E,169,U,U,5040,5069, 11/28/2018 01:28:54, 11/28/2018 01:29:23 ,,,,
E,170,U,U,5070,5099, 11/28/2018 01:29:24, 11/28/2018 01:29:53 ,,,,
E,171,U,U,5100,5129, 11/28/2018 01:29:54, 11/28/2018 01:30:23 ,,,,
E,172,U,U,5130,5159, 11/28/2018 01:30:24, 11/28/2018 01:30:53 ,,,,
E,173,U,U,5160,5189, 11/28/2018 01:30:54, 11/28/2018 01:31:23 ,,,,
E,174,U,U,5190,5219, 11/28/2018 01:31:24, 11/28/2018 01:31:53 ,,,,
E,175,U,U,5220,5249, 11/28/2018 01:31:54, 11/28/2018 01:32:23 ,,,,
E,176,U,U,5250,5279, 11/28/2018 01:32:24, 11/28/2018 01:32:53 ,,,,
E,177,U,U,5280,5309, 11/28/2018 01:32:54, 11/28/2018 01:33:23 ,,,,
E,178,U,U,5310,5339, 11/28/2018 01:33:24, 11/28/2018 01:33:53 ,,,,
E,179,U,U,5340,5369, 11/28/2018 01:33:54, 11/28/2018 01:34:23 ,,,,
E,180,U,U,5370,5399, 11/28/2018 01:34:24, 11/28/2018 01:34:53 ,,,,
E,181,U,U,5400,5429, 11/28/2018 01:34:54, 11/28/2018 01:35:23 ,,,,
E,182,U,U,5430,5459, 11/28/2018 01:35:24, 11/28/2018 01:35:53 ,,,,
E,183,U,U,5460,5489, 11/28/2018 01:35:54, 11/28/2018 01:36:23 ,,,,
E,184,4, R,5490,5519, 11/28/2018 01:36:24, 11/28/2018 01:36:53 ,,,,
E,185,4, R,5520,5549, 11/28/2018 01:36:54, 11/28/2018 01:37:23 ,,,,
E,186,4, R,5550,5579, 11/28/2018 01:37:24, 11/28/2018 01:37:53 ,,,,
E,187,4, R,5580,5609, 11/28/2018 01:37:54, 11/28/2018 01:38:23 ,,,,
E,188,4, R,5610,5639, 11/28/2018 01:38:24, 11/28/2018 01:38:53 ,,,,
E,189,4, R,5640,5669, 11/28/2018 01:38:54, 11/28/2018 01:39:23 ,,,,
E,190,4, R,5670,5699, 11/28/2018 01:39:24, 11/28/2018 01:39:53 ,,,,
E,191,4, R,5700,5729, 11/28/2018 01:39:54, 11/28/2018 01:40:23 ,,,,
E,192,U,U,5730,5759, 11/28/2018 01:40:24, 11/28/2018 01:40:53 ,,,,
E,193,U,U,5760,5789, 11/28/2018 01:40:54, 11/28/2018 01:41:23 ,,,,
E,194,U,U,5790,5819, 11/28/2018 01:41:24, 11/28/2018 01:41:53 ,,,,
E,195,U,U,5820,5849, 11/28/2018 01:41:54, 11/28/2018 01:42:23 ,,,,
E,196,U,U,5850,5879, 11/28/2018 01:42:24, 11/28/2018 01:42:53 ,,,,
E,197,2, N2,5880,5909, 11/28/2018 01:42:54, 11/28/2018 01:43:23 ,,,,
E,198,2, N2,5910,5939, 11/28/2018 01:43:24, 11/28/2018 01:43:53 ,,,,
E,199,2, N2,5940,5969, 11/28/2018 01:43:54, 11/28/2018 01:44:23 ,,,,
E,200,2, N2,5970,5999, 11/28/2018 01:44:24, 11/28/2018 01:44:53 ,,,,
E,201,2, N2,6000,6029, 11/28/2018 01:44:54, 11/28/2018 01:45:23 ,,,,
E,202,2, N2,6030,6059, 11/28/2018 01:45:24, 11/28/2018 01:45:53 ,,,,
E,203,2, N2,6060,6089, 11/28/2018 01:45:54, 11/28/2018 01:46:23 ,,,,
E,204,2, N2,6090,6119, 11/28/2018 01:46:24, 11/28/2018 01:46:53 ,,,,
E,205,2, N2,6120,6149, 11/28/2018 01:46:54, 11/28/2018 01:47:23 ,,,,
E,206,2, N2,6150,6179, 11/28/2018 01:47:24, 11/28/2018 01:47:53 ,,,,
E,207,2, N2,6180,6209, 11/28/2018 01:47:54, 11/28/2018 01:48:23 ,,,,
E,208,2, N2,6210,6239, 11/28/2018 01:48:24, 11/28/2018 01:48:53 ,,,,
E,209,2, N2,6240,6269, 11/28/2018 01:48:54, 11/28/2018 01:49:23 ,,,,
E,210,2, N2,6270,6299, 11/28/2018 01:49:24, 11/28/2018 01:49:53 ,,,,
E,211,U,U,6300,6329, 11/28/2018 01:49:54, 11/28/2018 01:50:23 ,,,,
E,212,U,U,6330,6359, 11/28/2018 01:50:24, 11/28/2018 01:50:53 ,,,,
E,213,U,U,6360,6389, 11/28/2018 01:50:54, 11/28/2018 01:51:23 ,,,,
E,214,U,U,6390,6419, 11/28/2018 01:51:24, 11/28/2018 01:51:53 ,,,,
E,215,U,U,6420,6449, 11/28/2018 01:51:54, 11/28/2018 01:52:23 ,,,,
E,216,U,U,6450,6479, 11/28/2018 01:52:24, 11/28/2018 01:52:53 ,,,,
E,217,U,U,6480,6509, 11/28/2018 01:52:54, 11/28/2018 01:53:23 ,,,,
E,218,U,U,6510,6539, 11/28/2018 01:53:24, 11/28/2018 01:53:53 ,,,,
E,219,5, W,6540,6569, 11/28/2018 01:53:54, 11/28/2018 01:54:23 ,,,,
E,220,U,U,6570,6599, 11/28/2018 01:54:24, 11/28/2018 01:54:53 ,,,,
E,221,U,U,6600,6629, 11/28/2018 01:54:54, 11/28/2018 01:55:23 ,,,,
E,222,U,U,6630,6659, 11/28/2018 01:55:24, 11/28/2018 01:55:53 ,,,,
E,223,U,U,6660,6689, 11/28/2018 01:55:54, 11/28/2018 01:56:23 ,,,,
E,224,U,U,6690,6719, 11/28/2018 01:56:24, 11/28/2018 01:56:53 ,,,,
E,225,2, N2,6720,6749, 11/28/2018 01:56:54, 11/28/2018 01:57:23 ,,,,
E,226,U,U,6750,6779, 11/28/2018 01:57:24, 11/28/2018 01:57:53 ,,,,
E,227,U,U,6780,6809, 11/28/2018 01:57:54, 11/28/2018 01:58:23 ,,,,
E,228,U,U,6810,6839, 11/28/2018 01:58:24, 11/28/2018 01:58:53 ,,,,
E,229,U,U,6840,6869, 11/28/2018 01:58:54, 11/28/2018 01:59:23 ,,,,
E,230,U,U,6870,6899, 11/28/2018 01:59:24, 11/28/2018 01:59:53 ,,,,
E,231,U,U,6900,6929, 11/28/2018 01:59:54, 11/28/2018 02:00:23 ,,,,
E,232,U,U,6930,6959, 11/28/2018 02:00:24, 11/28/2018 02:00:53 ,,,,
E,233,3, N3,6960,6989, 11/28/2018 02:00:54, 11/28/2018 02:01:23 ,,,,
E,234,3, N3,6990,7019, 11/28/2018 02:01:24, 11/28/2018 02:01:53 ,,,,
E,235,3, N3,7020,7049, 11/28/2018 02:01:54, 11/28/2018 02:02:23 ,,,,
E,236,3, N3,7050,7079, 11/28/2018 02:02:24, 11/28/2018 02:02:53 ,,,,
E,237,3, N3,7080,7109, 11/28/2018 02:02:54, 11/28/2018 02:03:23 ,,,,
E,238,3, N3,7110,7139, 11/28/2018 02:03:24, 11/28/2018 02:03:53 ,,,,
E,239,3, N3,7140,7169, 11/28/2018 02:03:54, 11/28/2018 02:04:23 ,,,,
E,240,3, N3,7170,7199, 11/28/2018 02:04:24, 11/28/2018 02:04:53 ,,,,
E,241,3, N3,7200,7229, 11/28/2018 02:04:54, 11/28/2018 02:05:23 ,,,,
E,242,3, N3,7230,7259, 11/28/2018 02:05:24, 11/28/2018 02:05:53 ,,,,
E,243,3, N3,7260,7289, 11/28/2018 02:05:54, 11/28/2018 02:06:23 ,,,,
E,244,3, N3,7290,7319, 11/28/2018 02:06:24, 11/28/2018 02:06:53 ,,,,
E,245,3, N3,7320,7349, 11/28/2018 02:06:54, 11/28/2018 02:07:23 ,,,,
E,246,3, N3,7350,7379, 11/28/2018 02:07:24, 11/28/2018 02:07:53 ,,,,
E,247,3, N3,7380,7409, 11/28/2018 02:07:54, 11/28/2018 02:08:23 ,,,,
E,248,3, N3,7410,7439, 11/28/2018 02:08:24, 11/28/2018 02:08:53 ,,,,
E,249,3, N3,7440,7469, 11/28/2018 02:08:54, 11/28/2018 02:09:23 ,,,,
E,250,3, N3,7470,7499, 11/28/2018 02:09:24, 11/28/2018 02:09:53 ,,,,
E,251,3, N3,7500,7529, 11/28/2018 02:09:54, 11/28/2018 02:10:23 ,,,,
E,252,3, N3,7530,7559, 11/28/2018 02:10:24, 11/28/2018 02:10:53 ,,,,
E,253,3, N3,7560,7589, 11/28/2018 02:10:54, 11/28/2018 02:11:23 ,,,,
E,254,3, N3,7590,7619, 11/28/2018 02:11:24, 11/28/2018 02:11:53 ,,,,
E,255,3, N3,7620,7649, 11/28/2018 02:11:54, 11/28/2018 02:12:23 ,,,,
E,256,3, N3,7650,7679, 11/28/2018 02:12:24, 11/28/2018 02:12:53 ,,,,
E,257,3, N3,7680,7709, 11/28/2018 02:12:54, 11/28/2018 02:13:23 ,,,,
E,258,3, N3,7710,7739, 11/28/2018 02:13:24, 11/28/2018 02:13:53 ,,,,
E,259,3, N3,7740,7769, 11/28/2018 02:13:54, 11/28/2018 02:14:23 ,,,,
E,260,5, W,7770,7799, 11/28/2018 02:14:24, 11/28/2018 02:14:53 ,,,,
E,261,5, W,7800,7829, 11/28/2018 02:14:54, 11/28/2018 02:15:23 ,,,,
E,262,U,U,7830,7859, 11/28/2018 02:15:24, 11/28/2018 02:15:53 ,,,,
E,263,5, W,7860,7889, 11/28/2018 02:15:54, 11/28/2018 02:16:23 ,,,,
E,264,5, W,7890,7919, 11/28/2018 02:16:24, 11/28/2018 02:16:53 ,,,,
E,265,5, W,7920,7949, 11/28/2018 02:16:54, 11/28/2018 02:17:23 ,,,,
E,266,U,U,7950,7979, 11/28/2018 02:17:24, 11/28/2018 02:17:53 ,,,,
E,267,2, N2,7980,8009, 11/28/2018 02:17:54, 11/28/2018 02:18:23 ,,,,
E,268,2, N2,8010,8039, 11/28/2018 02:18:24, 11/28/2018 02:18:53 ,,,,
E,269,5, W,8040,8069, 11/28/2018 02:18:54, 11/28/2018 02:19:23 ,,,,
E,270,2, N2,8070,8099, 11/28/2018 02:19:24, 11/28/2018 02:19:53 ,,,,
E,271,2, N2,8100,8129, 11/28/2018 02:19:54, 11/28/2018 02:20:23 ,,,,
E,272,2, N2,8130,8159, 11/28/2018 02:20:24, 11/28/2018 02:20:53 ,,,,
E,273,2, N2,8160,8189, 11/28/2018 02:20:54, 11/28/2018 02:21:23 ,,,,
E,274,2, N2,8190,8219, 11/28/2018 02:21:24, 11/28/2018 02:21:53 ,,,,
E,275,2, N2,8220,8249, 11/28/2018 02:21:54, 11/28/2018 02:22:23 ,,,,
E,276,2, N2,8250,8279, 11/28/2018 02:22:24, 11/28/2018 02:22:53 ,,,,
E,277,U,U,8280,8309, 11/28/2018 02:22:54, 11/28/2018 02:23:23 ,,,,
E,278,2, N2,8310,8339, 11/28/2018 02:23:24, 11/28/2018 02:23:53 ,,,,
E,279,U,U,8340,8369, 11/28/2018 02:23:54, 11/28/2018 02:24:23 ,,,,
E,280,U,U,8370,8399, 11/28/2018 02:24:24, 11/28/2018 02:24:53 ,,,,
E,281,U,U,8400,8429, 11/28/2018 02:24:54, 11/28/2018 02:25:23 ,,,,
E,282,U,U,8430,8459, 11/28/2018 02:25:24, 11/28/2018 02:25:53 ,,,,
E,283,2, N2,8460,8489, 11/28/2018 02:25:54, 11/28/2018 02:26:23 ,,,,
E,284,U,U,8490,8519, 11/28/2018 02:26:24, 11/28/2018 02:26:53 ,,,,
E,285,U,U,8520,8549, 11/28/2018 02:26:54, 11/28/2018 02:27:23 ,,,,
E,286,U,U,8550,8579, 11/28/2018 02:27:24, 11/28/2018 02:27:53 ,,,,
E,287,2, N2,8580,8609, 11/28/2018 02:27:54, 11/28/2018 02:28:23 ,,,,
E,288,U,U,8610,8639, 11/28/2018 02:28:24, 11/28/2018 02:28:53 ,,,,
E,289,3, N3,8640,8669, 11/28/2018 02:28:54, 11/28/2018 02:29:23 ,,,,
E,290,U,U,8670,8699, 11/28/2018 02:29:24, 11/28/2018 02:29:53 ,,,,
E,291,U,U,8700,8729, 11/28/2018 02:29:54, 11/28/2018 02:30:23 ,,,,
E,292,U,U,8730,8759, 11/28/2018 02:30:24, 11/28/2018 02:30:53 ,,,,
E,293,3, N3,8760,8789, 11/28/2018 02:30:54, 11/28/2018 02:31:23 ,,,,
E,294,3, N3,8790,8819, 11/28/2018 02:31:24, 11/28/2018 02:31:53 ,,,,
E,295,3, N3,8820,8849, 11/28/2018 02:31:54, 11/28/2018 02:32:23 ,,,,
E,296,U,U,8850,8879, 11/28/2018 02:32:24, 11/28/2018 02:32:53 ,,,,
E,297,U,U,8880,8909, 11/28/2018 02:32:54, 11/28/2018 02:33:23 ,,,,
E,298,U,U,8910,8939, 11/28/2018 02:33:24, 11/28/2018 02:33:53 ,,,,
E,299,U,U,8940,8969, 11/28/2018 02:33:54, 11/28/2018 02:34:23 ,,,,
E,300,2, N2,8970,8999, 11/28/2018 02:34:24, 11/28/2018 02:34:53 ,,,,
E,301,2, N2,9000,9029, 11/28/2018 02:34:54, 11/28/2018 02:35:23 ,,,,
E,302,2, N2,9030,9059, 11/28/2018 02:35:24, 11/28/2018 02:35:53 ,,,,
E,303,U,U,9060,9089, 11/28/2018 02:35:54, 11/28/2018 02:36:23 ,,,,
E,304,U,U,9090,9119, 11/28/2018 02:36:24, 11/28/2018 02:36:53 ,,,,
E,305,3, N3,9120,9149, 11/28/2018 02:36:54, 11/28/2018 02:37:23 ,,,,
E,306,3, N3,9150,9179, 11/28/2018 02:37:24, 11/28/2018 02:37:53 ,,,,
E,307,3, N3,9180,9209, 11/28/2018 02:37:54, 11/28/2018 02:38:23 ,,,,
E,308,3, N3,9210,9239, 11/28/2018 02:38:24, 11/28/2018 02:38:53 ,,,,
E,309,3, N3,9240,9269, 11/28/2018 02:38:54, 11/28/2018 02:39:23 ,,,,
E,310,3, N3,9270,9299, 11/28/2018 02:39:24, 11/28/2018 02:39:53 ,,,,
E,311,U,U,9300,9329, 11/28/2018 02:39:54, 11/28/2018 02:40:23 ,,,,
E,312,3, N3,9330,9359, 11/28/2018 02:40:24, 11/28/2018 02:40:53 ,,,,
E,313,3, N3,9360,9389, 11/28/2018 02:40:54, 11/28/2018 02:41:23 ,,,,
E,314,3, N3,9390,9419, 11/28/2018 02:41:24, 11/28/2018 02:41:53 ,,,,
E,315,3, N3,9420,9449, 11/28/2018 02:41:54, 11/28/2018 02:42:23 ,,,,
E,316,3, N3,9450,9479, 11/28/2018 02:42:24, 11/28/2018 02:42:53 ,,,,
E,317,3, N3,9480,9509, 11/28/2018 02:42:54, 11/28/2018 02:43:23 ,,,,
E,318,3, N3,9510,9539, 11/28/2018 02:43:24, 11/28/2018 02:43:53 ,,,,
E,319,3, N3,9540,9569, 11/28/2018 02:43:54, 11/28/2018 02:44:23 ,,,,
E,320,U,U,9570,9599, 11/28/2018 02:44:24, 11/28/2018 02:44:53 ,,,,
E,321,3, N3,9600,9629, 11/28/2018 02:44:54, 11/28/2018 02:45:23 ,,,,
E,322,5, W,9630,9659, 11/28/2018 02:45:24, 11/28/2018 02:45:53 ,,,,
E,323,U,U,9660,9689, 11/28/2018 02:45:54, 11/28/2018 02:46:23 ,,,,
E,324,U,U,9690,9719, 11/28/2018 02:46:24, 11/28/2018 02:46:53 ,,,,
E,325,U,U,9720,9749, 11/28/2018 02:46:54, 11/28/2018 02:47:23 ,,,,
E,326,U,U,9750,9779, 11/28/2018 02:47:24, 11/28/2018 02:47:53 ,,,,
E,327,U,U,9780,9809, 11/28/2018 02:47:54, 11/28/2018 02:48:23 ,,,,
E,328,U,U,9810,9839, 11/28/2018 02:48:24, 11/28/2018 02:48:53 ,,,,
E,329,U,U,9840,9869, 11/28/2018 02:48:54, 11/28/2018 02:49:23 ,,,,
E,330,U,U,9870,9899, 11/28/2018 02:49:24, 11/28/2018 02:49:53 ,,,,
E,331,U,U,9900,9929, 11/28/2018 02:49:54, 11/28/2018 02:50:23 ,,,,
E,332,U,U,9930,9959, 11/28/2018 02:50:24, 11/28/2018 02:50:53 ,,,,
E,333,U,U,9960,9989, 11/28/2018 02:50:54, 11/28/2018 02:51:23 ,,,,
E,334,U,U,9990,10019, 11/28/2018 02:51:24, 11/28/2018 02:51:53 ,,,,
E,335,U,U,10020,10049, 11/28/2018 02:51:54, 11/28/2018 02:52:23 ,,,,
E,336,U,U,10050,10079, 11/28/2018 02:52:24, 11/28/2018 02:52:53 ,,,,
E,337,U,U,10080,10109, 11/28/2018 02:52:54, 11/28/2018 02:53:23 ,,,,
E,338,U,U,10110,10139, 11/28/2018 02:53:24, 11/28/2018 02:53:53 ,,,,
E,339,U,U,10140,10169, 11/28/2018 02:53:54, 11/28/2018 02:54:23 ,,,,
E,340,U,U,10170,10199, 11/28/2018 02:54:24, 11/28/2018 02:54:53 ,,,,
E,341,U,U,10200,10229, 11/28/2018 02:54:54, 11/28/2018 02:55:23 ,,,,
E,342,U,U,10230,10259, 11/28/2018 02:55:24, 11/28/2018 02:55:53 ,,,,
E,343,4, R,10260,10289, 11/28/2018 02:55:54, 11/28/2018 02:56:23 ,,,,
E,344,4, R,10290,10319, 11/28/2018 02:56:24, 11/28/2018 02:56:53 ,,,,
E,345,4, R,10320,10349, 11/28/2018 02:56:54, 11/28/2018 02:57:23 ,,,,
E,346,4, R,10350,10379, 11/28/2018 02:57:24, 11/28/2018 02:57:53 ,,,,
E,347,4, R,10380,10409, 11/28/2018 02:57:54, 11/28/2018 02:58:23 ,,,,
E,348,4,U,10410,10439, 11/28/2018 02:58:24, 11/28/2018 02:58:53 ,,,,
E,349,4, R,10440,10469, 11/28/2018 02:58:54, 11/28/2018 02:59:23 ,,,,
E,350,4, R,10470,10499, 11/28/2018 02:59:24, 11/28/2018 02:59:53 ,,,,
E,351,4, R,10500,10529, 11/28/2018 02:59:54, 11/28/2018 03:00:23 ,,,,
E,352,4, R,10530,10559, 11/28/2018 03:00:24, 11/28/2018 03:00:53 ,,,,
E,353,4, R,10560,10589, 11/28/2018 03:00:54, 11/28/2018 03:01:23 ,,,,
E,354,4, R,10590,10619, 11/28/2018 03:01:24, 11/28/2018 03:01:53 ,,,,
E,355,4, R,10620,10649, 11/28/2018 03:01:54, 11/28/2018 03:02:23 ,,,,
E,356,4, R,10650,10679, 11/28/2018 03:02:24, 11/28/2018 03:02:53 ,,,,
E,357,4, R,10680,10709, 11/28/2018 03:02:54, 11/28/2018 03:03:23 ,,,,
E,358,4, R,10710,10739, 11/28/2018 03:03:24, 11/28/2018 03:03:53 ,,,,
E,359,4, R,10740,10769, 11/28/2018 03:03:54, 11/28/2018 03:04:23 ,,,,
E,360,4, R,10770,10799, 11/28/2018 03:04:24, 11/28/2018 03:04:53 ,,,,
E,361,4, R,10800,10829, 11/28/2018 03:04:54, 11/28/2018 03:05:23 ,,,,
E,362,4, R,10830,10859, 11/28/2018 03:05:24, 11/28/2018 03:05:53 ,,,,
E,363,4, R,10860,10889, 11/28/2018 03:05:54, 11/28/2018 03:06:23 ,,,,
E,364,4, R,10890,10919, 11/28/2018 03:06:24, 11/28/2018 03:06:53 ,,,,
E,365,4, R,10920,10949, 11/28/2018 03:06:54, 11/28/2018 03:07:23 ,,,,
E,366,4, R,10950,10979, 11/28/2018 03:07:24, 11/28/2018 03:07:53 ,,,,
E,367,4, R,10980,11009, 11/28/2018 03:07:54, 11/28/2018 03:08:23 ,,,,
E,368,5, W,11010,11039, 11/28/2018 03:08:24, 11/28/2018 03:08:53 ,,,,
E,369,U,U,11040,11069, 11/28/2018 03:08:54, 11/28/2018 03:09:23 ,,,,
E,370,U,U,11070,11099, 11/28/2018 03:09:24, 11/28/2018 03:09:53 ,,,,
E,371,U,U,11100,11129, 11/28/2018 03:09:54, 11/28/2018 03:10:23 ,,,,
E,372,5, W,11130,11159, 11/28/2018 03:10:24, 11/28/2018 03:10:53 ,,,,
E,373,U,U,11160,11189, 11/28/2018 03:10:54, 11/28/2018 03:11:23 ,,,,
E,374,4, R,11190,11219, 11/28/2018 03:11:24, 11/28/2018 03:11:53 ,,,,
E,375,4, R,11220,11249, 11/28/2018 03:11:54, 11/28/2018 03:12:23 ,,,,
E,376,4, R,11250,11279, 11/28/2018 03:12:24, 11/28/2018 03:12:53 ,,,,
E,377,4, R,11280,11309, 11/28/2018 03:12:54, 11/28/2018 03:13:23 ,,,,
E,378,4, R,11310,11339, 11/28/2018 03:13:24, 11/28/2018 03:13:53 ,,,,
E,379,4, R,11340,11369, 11/28/2018 03:13:54, 11/28/2018 03:14:23 ,,,,
E,380,4, R,11370,11399, 11/28/2018 03:14:24, 11/28/2018 03:14:53 ,,,,
E,381,4, R,11400,11429, 11/28/2018 03:14:54, 11/28/2018 03:15:23 ,,,,
E,382,4, R,11430,11459, 11/28/2018 03:15:24, 11/28/2018 03:15:53 ,,,,
E,383,4, R,11460,11489, 11/28/2018 03:15:54, 11/28/2018 03:16:23 ,,,,
E,384,4, R,11490,11519, 11/28/2018 03:16:24, 11/28/2018 03:16:53 ,,,,
E,385,4, R,11520,11549, 11/28/2018 03:16:54, 11/28/2018 03:17:23 ,,,,
E,386,4, R,11550,11579, 11/28/2018 03:17:24, 11/28/2018 03:17:53 ,,,,
E,387,4, R,11580,11609, 11/28/2018 03:17:54, 11/28/2018 03:18:23 ,,,,
E,388,4, R,11610,11639, 11/28/2018 03:18:24, 11/28/2018 03:18:53 ,,,,
E,389,U,U,11640,11669, 11/28/2018 03:18:54, 11/28/2018 03:19:23 ,,,,
E,390,U,U,11670,11699, 11/28/2018 03:19:24, 11/28/2018 03:19:53 ,,,,
E,391,U,U,11700,11729, 11/28/2018 03:19:54, 11/28/2018 03:20:23 ,,,,
E,392,5, W,11730,11759, 11/28/2018 03:20:24, 11/28/2018 03:20:53 ,,,,
E,393,5, W,11760,11789, 11/28/2018 03:20:54, 11/28/2018 03:21:23 ,,,,
E,394,U,U,11790,11819, 11/28/2018 03:21:24, 11/28/2018 03:21:53 ,,,,
E,395,5, W,11820,11849, 11/28/2018 03:21:54, 11/28/2018 03:22:23 ,,,,
E,396,U,U,11850,11879, 11/28/2018 03:22:24, 11/28/2018 03:22:53 ,,,,
E,397,U,U,11880,11909, 11/28/2018 03:22:54, 11/28/2018 03:23:23 ,,,,
E,398,U,U,11910,11939, 11/28/2018 03:23:24, 11/28/2018 03:23:53 ,,,,
E,399,2, N2,11940,11969, 11/28/2018 03:23:54, 11/28/2018 03:24:23 ,,,,
E,400,2, N2,11970,11999, 11/28/2018 03:24:24, 11/28/2018 03:24:53 ,,,,
E,401,2, N2,12000,12029, 11/28/2018 03:24:54, 11/28/2018 03:25:23 ,,,,
E,402,2, N2,12030,12059, 11/28/2018 03:25:24, 11/28/2018 03:25:53 ,,,,
E,403,2, N2,12060,12089, 11/28/2018 03:25:54, 11/28/2018 03:26:23 ,,,,
E,404,2, N2,12090,12119, 11/28/2018 03:26:24, 11/28/2018 03:26:53 ,,,,
E,405,2, N2,12120,12149, 11/28/2018 03:26:54, 11/28/2018 03:27:23 ,,,,
E,406,2, N2,12150,12179, 11/28/2018 03:27:24, 11/28/2018 03:27:53 ,,,,
E,407,2, N2,12180,12209, 11/28/2018 03:27:54, 11/28/2018 03:28:23 ,,,,
E,408,2, N2,12210,12239, 11/28/2018 03:28:24, 11/28/2018 03:28:53 ,,,,
E,409,2, N2,12240,12269, 11/28/2018 03:28:54, 11/28/2018 03:29:23 ,,,,
E,410,2, N2,12270,12299, 11/28/2018 03:29:24, 11/28/2018 03:29:53 ,,,,
E,411,2, N2,12300,12329, 11/28/2018 03:29:54, 11/28/2018 03:30:23 ,,,,
E,412,2, N2,12330,12359, 11/28/2018 03:30:24, 11/28/2018 03:30:53 ,,,,
E,413,2, N2,12360,12389, 11/28/2018 03:30:54, 11/28/2018 03:31:23 ,,,,
E,414,U,U,12390,12419, 11/28/2018 03:31:24, 11/28/2018 03:31:53 ,,,,
E,415,U,U,12420,12449, 11/28/2018 03:31:54, 11/28/2018 03:32:23 ,,,,
E,416,U,U,12450,12479, 11/28/2018 03:32:24, 11/28/2018 03:32:53 ,,,,
E,417,2, N2,12480,12509, 11/28/2018 03:32:54, 11/28/2018 03:33:23 ,,,,
E,418,2, N2,12510,12539, 11/28/2018 03:33:24, 11/28/2018 03:33:53 ,,,,
E,419,U,U,12540,12569, 11/28/2018 03:33:54, 11/28/2018 03:34:23 ,,,,
E,420,U,U,12570,12599, 11/28/2018 03:34:24, 11/28/2018 03:34:53 ,,,,
E,421,U,U,12600,12629, 11/28/2018 03:34:54, 11/28/2018 03:35:23 ,,,,
E,422,U,U,12630,12659, 11/28/2018 03:35:24, 11/28/2018 03:35:53 ,,,,
E,423,3, N3,12660,12689, 11/28/2018 03:35:54, 11/28/2018 03:36:23 ,,,,
E,424,U,U,12690,12719, 11/28/2018 03:36:24, 11/28/2018 03:36:53 ,,,,
E,425,U,U,12720,12749, 11/28/2018 03:36:54, 11/28/2018 03:37:23 ,,,,
E,426,3, N3,12750,12779, 11/28/2018 03:37:24, 11/28/2018 03:37:53 ,,,,
E,427,U,U,12780,12809, 11/28/2018 03:37:54, 11/28/2018 03:38:23 ,,,,
E,428,3, N3,12810,12839, 11/28/2018 03:38:24, 11/28/2018 03:38:53 ,,,,
E,429,5, W,12840,12869, 11/28/2018 03:38:54, 11/28/2018 03:39:23 ,,,,
E,430,U,U,12870,12899, 11/28/2018 03:39:24, 11/28/2018 03:39:53 ,,,,
E,431,2, N2,12900,12929, 11/28/2018 03:39:54, 11/28/2018 03:40:23 ,,,,
E,432,U,U,12930,12959, 11/28/2018 03:40:24, 11/28/2018 03:40:53 ,,,,
E,433,2, N2,12960,12989, 11/28/2018 03:40:54, 11/28/2018 03:41:23 ,,,,
E,434,2, N2,12990,13019, 11/28/2018 03:41:24, 11/28/2018 03:41:53 ,,,,
E,435,U,U,13020,13049, 11/28/2018 03:41:54, 11/28/2018 03:42:23 ,,,,
E,436,U,U,13050,13079, 11/28/2018 03:42:24, 11/28/2018 03:42:53 ,,,,
E,437,U,U,13080,13109, 11/28/2018 03:42:54, 11/28/2018 03:43:23 ,,,,
E,438,U,U,13110,13139, 11/28/2018 03:43:24, 11/28/2018 03:43:53 ,,,,
E,439,U,U,13140,13169, 11/28/2018 03:43:54, 11/28/2018 03:44:23 ,,,,
E,440,U,U,13170,13199, 11/28/2018 03:44:24, 11/28/2018 03:44:53 ,,,,
E,441,3, N3,13200,13229, 11/28/2018 03:44:54, 11/28/2018 03:45:23 ,,,,
E,442,U,U,13230,13259, 11/28/2018 03:45:24, 11/28/2018 03:45:53 ,,,,
E,443,3, N3,13260,13289, 11/28/2018 03:45:54, 11/28/2018 03:46:23 ,,,,
E,444,3, N3,13290,13319, 11/28/2018 03:46:24, 11/28/2018 03:46:53 ,,,,
E,445,3, N3,13320,13349, 11/28/2018 03:46:54, 11/28/2018 03:47:23 ,,,,
E,446,3, N3,13350,13379, 11/28/2018 03:47:24, 11/28/2018 03:47:53 ,,,,
E,447,3, N3,13380,13409, 11/28/2018 03:47:54, 11/28/2018 03:48:23 ,,,,
E,448,3, N3,13410,13439, 11/28/2018 03:48:24, 11/28/2018 03:48:53 ,,,,
E,449,3, N3,13440,13469, 11/28/2018 03:48:54, 11/28/2018 03:49:23 ,,,,
E,450,3, N3,13470,13499, 11/28/2018 03:49:24, 11/28/2018 03:49:53 ,,,,
E,451,3, N3,13500,13529, 11/28/2018 03:49:54, 11/28/2018 03:50:23 ,,,,
E,452,3, N3,13530,13559, 11/28/2018 03:50:24, 11/28/2018 03:50:53 ,,,,
E,453,3, N3,13560,13589, 11/28/2018 03:50:54, 11/28/2018 03:51:23 ,,,,
E,454,3, N3,13590,13619, 11/28/2018 03:51:24, 11/28/2018 03:51:53 ,,,,
E,455,3, N3,13620,13649, 11/28/2018 03:51:54, 11/28/2018 03:52:23 ,,,,
E,456,3, N3,13650,13679, 11/28/2018 03:52:24, 11/28/2018 03:52:53 ,,,,
E,457,5, W,13680,13709, 11/28/2018 03:52:54, 11/28/2018 03:53:23 ,,,,
E,458,5, W,13710,13739, 11/28/2018 03:53:24, 11/28/2018 03:53:53 ,,,,
E,459,5, W,13740,13769, 11/28/2018 03:53:54, 11/28/2018 03:54:23 ,,,,
E,460,U,U,13770,13799, 11/28/2018 03:54:24, 11/28/2018 03:54:53 ,,,,
E,461,U,U,13800,13829, 11/28/2018 03:54:54, 11/28/2018 03:55:23 ,,,,
E,462,5, W,13830,13859, 11/28/2018 03:55:24, 11/28/2018 03:55:53 ,,,,
E,463,U,U,13860,13889, 11/28/2018 03:55:54, 11/28/2018 03:56:23 ,,,,
E,464,U,U,13890,13919, 11/28/2018 03:56:24, 11/28/2018 03:56:53 ,,,,
E,465,U,U,13920,13949, 11/28/2018 03:56:54, 11/28/2018 03:57:23 ,,,,
E,466,U,U,13950,13979, 11/28/2018 03:57:24, 11/28/2018 03:57:53 ,,,,
E,467,5, W,13980,14009, 11/28/2018 03:57:54, 11/28/2018 03:58:23 ,,,,
E,468,5, W,14010,14039, 11/28/2018 03:58:24, 11/28/2018 03:58:53 ,,,,
E,469,U,U,14040,14069, 11/28/2018 03:58:54, 11/28/2018 03:59:23 ,,,,
E,470,U,U,14070,14099, 11/28/2018 03:59:24, 11/28/2018 03:59:53 ,,,,
E,471,2, N2,14100,14129, 11/28/2018 03:59:54, 11/28/2018 04:00:23 ,,,,
E,472,5, W,14130,14159, 11/28/2018 04:00:24, 11/28/2018 04:00:53 ,,,,
E,473,5, W,14160,14189, 11/28/2018 04:00:54, 11/28/2018 04:01:23 ,,,,
E,474,5, W,14190,14219, 11/28/2018 04:01:24, 11/28/2018 04:01:53 ,,,,
E,475,2, N2,14220,14249, 11/28/2018 04:01:54, 11/28/2018 04:02:23 ,,,,
E,476,2, N2,14250,14279, 11/28/2018 04:02:24, 11/28/2018 04:02:53 ,,,,
E,477,5, W,14280,14309, 11/28/2018 04:02:54, 11/28/2018 04:03:23 ,,,,
E,478,U,U,14310,14339, 11/28/2018 04:03:24, 11/28/2018 04:03:53 ,,,,
E,479,U,U,14340,14369, 11/28/2018 04:03:54, 11/28/2018 04:04:23 ,,,,
E,480,5, W,14370,14399, 11/28/2018 04:04:24, 11/28/2018 04:04:53 ,,,,
E,481,U,U,14400,14429, 11/28/2018 04:04:54, 11/28/2018 04:05:23 ,,,,
E,482,2, N2,14430,14459, 11/28/2018 04:05:24, 11/28/2018 04:05:53 ,,,,
E,483,2, N2,14460,14489, 11/28/2018 04:05:54, 11/28/2018 04:06:23 ,,,,
E,484,2, N2,14490,14519, 11/28/2018 04:06:24, 11/28/2018 04:06:53 ,,,,
E,485,2, N2,14520,14549, 11/28/2018 04:06:54, 11/28/2018 04:07:23 ,,,,
E,486,2, N2,14550,14579, 11/28/2018 04:07:24, 11/28/2018 04:07:53 ,,,,
E,487,5, W,14580,14609, 11/28/2018 04:07:54, 11/28/2018 04:08:23 ,,,,
E,488,2, N2,14610,14639, 11/28/2018 04:08:24, 11/28/2018 04:08:53 ,,,,
E,489,2, N2,14640,14669, 11/28/2018 04:08:54, 11/28/2018 04:09:23 ,,,,
E,490,2, N2,14670,14699, 11/28/2018 04:09:24, 11/28/2018 04:09:53 ,,,,
E,491,2, N2,14700,14729, 11/28/2018 04:09:54, 11/28/2018 04:10:23 ,,,,
E,492,2, N2,14730,14759, 11/28/2018 04:10:24, 11/28/2018 04:10:53 ,,,,
E,493,2, N2,14760,14789, 11/28/2018 04:10:54, 11/28/2018 04:11:23 ,,,,
E,494,2, N2,14790,14819, 11/28/2018 04:11:24, 11/28/2018 04:11:53 ,,,,
E,495,2, N2,14820,14849, 11/28/2018 04:11:54, 11/28/2018 04:12:23 ,,,,
E,496,2, N2,14850,14879, 11/28/2018 04:12:24, 11/28/2018 04:12:53 ,,,,
E,497,2, N2,14880,14909, 11/28/2018 04:12:54, 11/28/2018 04:13:23 ,,,,
E,498,2, N2,14910,14939, 11/28/2018 04:13:24, 11/28/2018 04:13:53 ,,,,
E,499,2, N2,14940,14969, 11/28/2018 04:13:54, 11/28/2018 04:14:23 ,,,,
E,500,2, N2,14970,14999, 11/28/2018 04:14:24, 11/28/2018 04:14:53 ,,,,
E,501,2, N2,15000,15029, 11/28/2018 04:14:54, 11/28/2018 04:15:23 ,,,,
E,502,2, N2,15030,15059, 11/28/2018 04:15:24, 11/28/2018 04:15:53 ,,,,
E,503,2, N2,15060,15089, 11/28/2018 04:15:54, 11/28/2018 04:16:23 ,,,,
E,504,2, N2,15090,15119, 11/28/2018 04:16:24, 11/28/2018 04:16:53 ,,,,
E,505,2, N2,15120,15149, 11/28/2018 04:16:54, 11/28/2018 04:17:23 ,,,,
E,506,2, N2,15150,15179, 11/28/2018 04:17:24, 11/28/2018 04:17:53 ,,,,
E,507,2, N2,15180,15209, 11/28/2018 04:17:54, 11/28/2018 04:18:23 ,,,,
E,508,2, N2,15210,15239, 11/28/2018 04:18:24, 11/28/2018 04:18:53 ,,,,
E,509,2, N2,15240,15269, 11/28/2018 04:18:54, 11/28/2018 04:19:23 ,,,,
E,510,2, N2,15270,15299, 11/28/2018 04:19:24, 11/28/2018 04:19:53 ,,,,
E,511,2, N2,15300,15329, 11/28/2018 04:19:54, 11/28/2018 04:20:23 ,,,,
E,512,2, N2,15330,15359, 11/28/2018 04:20:24, 11/28/2018 04:20:53 ,,,,
E,513,2, N2,15360,15389, 11/28/2018 04:20:54, 11/28/2018 04:21:23 ,,,,
E,514,2, N2,15390,15419, 11/28/2018 04:21:24, 11/28/2018 04:21:53 ,,,,
E,515,2, N2,15420,15449, 11/28/2018 04:21:54, 11/28/2018 04:22:23 ,,,,
E,516,2, N2,15450,15479, 11/28/2018 04:22:24, 11/28/2018 04:22:53 ,,,,
E,517,2, N2,15480,15509, 11/28/2018 04:22:54, 11/28/2018 04:23:23 ,,,,
E,518,2, N2,15510,15539, 11/28/2018 04:23:24, 11/28/2018 04:23:53 ,,,,
E,519,2, N2,15540,15569, 11/28/2018 04:23:54, 11/28/2018 04:24:23 ,,,,
E,520,2, N2,15570,15599, 11/28/2018 04:24:24, 11/28/2018 04:24:53 ,,,,
E,521,2, N2,15600,15629, 11/28/2018 04:24:54, 11/28/2018 04:25:23 ,,,,
E,522,2, N2,15630,15659, 11/28/2018 04:25:24, 11/28/2018 04:25:53 ,,,,
E,523,2, N2,15660,15689, 11/28/2018 04:25:54, 11/28/2018 04:26:23 ,,,,
E,524,2, N2,15690,15719, 11/28/2018 04:26:24, 11/28/2018 04:26:53 ,,,,
E,525,2, N2,15720,15749, 11/28/2018 04:26:54, 11/28/2018 04:27:23 ,,,,
E,526,2, N2,15750,15779, 11/28/2018 04:27:24, 11/28/2018 04:27:53 ,,,,
E,527,2, N2,15780,15809, 11/28/2018 04:27:54, 11/28/2018 04:28:23 ,,,,
E,528,3, N3,15810,15839, 11/28/2018 04:28:24, 11/28/2018 04:28:53 ,,,,
E,529,3, N3,15840,15869, 11/28/2018 04:28:54, 11/28/2018 04:29:23 ,,,,
E,530,3, N3,15870,15899, 11/28/2018 04:29:24, 11/28/2018 04:29:53 ,,,,
E,531,3, N3,15900,15929, 11/28/2018 04:29:54, 11/28/2018 04:30:23 ,,,,
E,532,U,U,15930,15959, 11/28/2018 04:30:24, 11/28/2018 04:30:53 ,,,,
E,533,U,U,15960,15989, 11/28/2018 04:30:54, 11/28/2018 04:31:23 ,,,,
E,534,2, N2,15990,16019, 11/28/2018 04:31:24, 11/28/2018 04:31:53 ,,,,
E,535,2, N2,16020,16049, 11/28/2018 04:31:54, 11/28/2018 04:32:23 ,,,,
E,536,2, N2,16050,16079, 11/28/2018 04:32:24, 11/28/2018 04:32:53 ,,,,
E,537,2, N2,16080,16109, 11/28/2018 04:32:54, 11/28/2018 04:33:23 ,,,,
E,538,2, N2,16110,16139, 11/28/2018 04:33:24, 11/28/2018 04:33:53 ,,,,
E,539,2, N2,16140,16169, 11/28/2018 04:33:54, 11/28/2018 04:34:23 ,,,,
E,540,2, N2,16170,16199, 11/28/2018 04:34:24, 11/28/2018 04:34:53 ,,,,
E,541,U,U,16200,16229, 11/28/2018 04:34:54, 11/28/2018 04:35:23 ,,,,
E,542,2, N2,16230,16259, 11/28/2018 04:35:24, 11/28/2018 04:35:53 ,,,,
E,543,2, N2,16260,16289, 11/28/2018 04:35:54, 11/28/2018 04:36:23 ,,,,
E,544,3, N3,16290,16319, 11/28/2018 04:36:24, 11/28/2018 04:36:53 ,,,,
E,545,U,U,16320,16349, 11/28/2018 04:36:54, 11/28/2018 04:37:23 ,,,,
E,546,U,U,16350,16379, 11/28/2018 04:37:24, 11/28/2018 04:37:53 ,,,,
E,547,U,U,16380,16409, 11/28/2018 04:37:54, 11/28/2018 04:38:23 ,,,,
E,548,2, N2,16410,16439, 11/28/2018 04:38:24, 11/28/2018 04:38:53 ,,,,
E,549,U,U,16440,16469, 11/28/2018 04:38:54, 11/28/2018 04:39:23 ,,,,
E,550,U,U,16470,16499, 11/28/2018 04:39:24, 11/28/2018 04:39:53 ,,,,
E,551,U,U,16500,16529, 11/28/2018 04:39:54, 11/28/2018 04:40:23 ,,,,
E,552,U,U,16530,16559, 11/28/2018 04:40:24, 11/28/2018 04:40:53 ,,,,
E,553,4, R,16560,16589, 11/28/2018 04:40:54, 11/28/2018 04:41:23 ,,,,
E,554,4, R,16590,16619, 11/28/2018 04:41:24, 11/28/2018 04:41:53 ,,,,
E,555,4, R,16620,16649, 11/28/2018 04:41:54, 11/28/2018 04:42:23 ,,,,
E,556,4, R,16650,16679, 11/28/2018 04:42:24, 11/28/2018 04:42:53 ,,,,
E,557,5, W,16680,16709, 11/28/2018 04:42:54, 11/28/2018 04:43:23 ,,,,
E,558,5, W,16710,16739, 11/28/2018 04:43:24, 11/28/2018 04:43:53 ,,,,
E,559,U,U,16740,16769, 11/28/2018 04:43:54, 11/28/2018 04:44:23 ,,,,
E,560,U,U,16770,16799, 11/28/2018 04:44:24, 11/28/2018 04:44:53 ,,,,
E,561,U,U,16800,16829, 11/28/2018 04:44:54, 11/28/2018 04:45:23 ,,,,
E,562,4, R,16830,16859, 11/28/2018 04:45:24, 11/28/2018 04:45:53 ,,,,
E,563,4, R,16860,16889, 11/28/2018 04:45:54, 11/28/2018 04:46:23 ,,,,
E,564,4, R,16890,16919, 11/28/2018 04:46:24, 11/28/2018 04:46:53 ,,,,
E,565,5, W,16920,16949, 11/28/2018 04:46:54, 11/28/2018 04:47:23 ,,,,
E,566,5, W,16950,16979, 11/28/2018 04:47:24, 11/28/2018 04:47:53 ,,,,
E,567,4,U,16980,17009, 11/28/2018 04:47:54, 11/28/2018 04:48:23 ,,,,
E,568,4,U,17010,17039, 11/28/2018 04:48:24, 11/28/2018 04:48:53 ,,,,
E,569,4,U,17040,17069, 11/28/2018 04:48:54, 11/28/2018 04:49:23 ,,,,
E,570,4, R,17070,17099, 11/28/2018 04:49:24, 11/28/2018 04:49:53 ,,,,
E,571,4, R,17100,17129, 11/28/2018 04:49:54, 11/28/2018 04:50:23 ,,,,
E,572,4, R,17130,17159, 11/28/2018 04:50:24, 11/28/2018 04:50:53 ,,,,
E,573,4, R,17160,17189, 11/28/2018 04:50:54, 11/28/2018 04:51:23 ,,,,
E,574,4, R,17190,17219, 11/28/2018 04:51:24, 11/28/2018 04:51:53 ,,,,
E,575,4, R,17220,17249, 11/28/2018 04:51:54, 11/28/2018 04:52:23 ,,,,
E,576,4, R,17250,17279, 11/28/2018 04:52:24, 11/28/2018 04:52:53 ,,,,
E,577,4, R,17280,17309, 11/28/2018 04:52:54, 11/28/2018 04:53:23 ,,,,
E,578,4, R,17310,17339, 11/28/2018 04:53:24, 11/28/2018 04:53:53 ,,,,
E,579,4, R,17340,17369, 11/28/2018 04:53:54, 11/28/2018 04:54:23 ,,,,
E,580,4, R,17370,17399, 11/28/2018 04:54:24, 11/28/2018 04:54:53 ,,,,
E,581,4, R,17400,17429, 11/28/2018 04:54:54, 11/28/2018 04:55:23 ,,,,
E,582,5, W,17430,17459, 11/28/2018 04:55:24, 11/28/2018 04:55:53 ,,,,
E,583,4, R,17460,17489, 11/28/2018 04:55:54, 11/28/2018 04:56:23 ,,,,
E,584,4, R,17490,17519, 11/28/2018 04:56:24, 11/28/2018 04:56:53 ,,,,
E,585,4, R,17520,17549, 11/28/2018 04:56:54, 11/28/2018 04:57:23 ,,,,
E,586,4, R,17550,17579, 11/28/2018 04:57:24, 11/28/2018 04:57:53 ,,,,
E,587,4, R,17580,17609, 11/28/2018 04:57:54, 11/28/2018 04:58:23 ,,,,
E,588,4, R,17610,17639, 11/28/2018 04:58:24, 11/28/2018 04:58:53 ,,,,
E,589,4, R,17640,17669, 11/28/2018 04:58:54, 11/28/2018 04:59:23 ,,,,
E,590,4, R,17670,17699, 11/28/2018 04:59:24, 11/28/2018 04:59:53 ,,,,
E,591,4, R,17700,17729, 11/28/2018 04:59:54, 11/28/2018 05:00:23 ,,,,
E,592,4, R,17730,17759, 11/28/2018 05:00:24, 11/28/2018 05:00:53 ,,,,
E,593,5, W,17760,17789, 11/28/2018 05:00:54, 11/28/2018 05:01:23 ,,,,
E,594,U,U,17790,17819, 11/28/2018 05:01:24, 11/28/2018 05:01:53 ,,,,
E,595,U,U,17820,17849, 11/28/2018 05:01:54, 11/28/2018 05:02:23 ,,,,
E,596,U,U,17850,17879, 11/28/2018 05:02:24, 11/28/2018 05:02:53 ,,,,
E,597,U,U,17880,17909, 11/28/2018 05:02:54, 11/28/2018 05:03:23 ,,,,
E,598,U,U,17910,17939, 11/28/2018 05:03:24, 11/28/2018 05:03:53 ,,,,
E,599,U,U,17940,17969, 11/28/2018 05:03:54, 11/28/2018 05:04:23 ,,,,
E,600,U,U,17970,17999, 11/28/2018 05:04:24, 11/28/2018 05:04:53 ,,,,
E,601,U,U,18000,18029, 11/28/2018 05:04:54, 11/28/2018 05:05:23 ,,,,
E,602,U,U,18030,18059, 11/28/2018 05:05:24, 11/28/2018 05:05:53 ,,,,
E,603,U,U,18060,18089, 11/28/2018 05:05:54, 11/28/2018 05:06:23 ,,,,
E,604,U,U,18090,18119, 11/28/2018 05:06:24, 11/28/2018 05:06:53 ,,,,
E,605,U,U,18120,18149, 11/28/2018 05:06:54, 11/28/2018 05:07:23 ,,,,
E,606,U,U,18150,18179, 11/28/2018 05:07:24, 11/28/2018 05:07:53 ,,,,
E,607,U,U,18180,18209, 11/28/2018 05:07:54, 11/28/2018 05:08:23 ,,,,
E,608,U,U,18210,18239, 11/28/2018 05:08:24, 11/28/2018 05:08:53 ,,,,
E,609,U,U,18240,18269, 11/28/2018 05:08:54, 11/28/2018 05:09:23 ,,,,
E,610,U,U,18270,18299, 11/28/2018 05:09:24, 11/28/2018 05:09:53 ,,,,
E,611,U,U,18300,18329, 11/28/2018 05:09:54, 11/28/2018 05:10:23 ,,,,
E,612,U,U,18330,18359, 11/28/2018 05:10:24, 11/28/2018 05:10:53 ,,,,
E,613,5, W,18360,18389, 11/28/2018 05:10:54, 11/28/2018 05:11:23 ,,,,
E,614,5, W,18390,18419, 11/28/2018 05:11:24, 11/28/2018 05:11:53 ,,,,
E,615,U,U,18420,18449, 11/28/2018 05:11:54, 11/28/2018 05:12:23 ,,,,
E,616,U,U,18450,18479, 11/28/2018 05:12:24, 11/28/2018 05:12:53 ,,,,
E,617,U,U,18480,18509, 11/28/2018 05:12:54, 11/28/2018 05:13:23 ,,,,
E,618,U,U,18510,18539, 11/28/2018 05:13:24, 11/28/2018 05:13:53 ,,,,
E,619,U,U,18540,18569, 11/28/2018 05:13:54, 11/28/2018 05:14:23 ,,,,
E,620,U,U,18570,18599, 11/28/2018 05:14:24, 11/28/2018 05:14:53 ,,,,
E,621,U,U,18600,18629, 11/28/2018 05:14:54, 11/28/2018 05:15:23 ,,,,
E,622,2, N2,18630,18659, 11/28/2018 05:15:24, 11/28/2018 05:15:53 ,,,,
E,623,2, N2,18660,18689, 11/28/2018 05:15:54, 11/28/2018 05:16:23 ,,,,
E,624,2, N2,18690,18719, 11/28/2018 05:16:24, 11/28/2018 05:16:53 ,,,,
E,625,2, N2,18720,18749, 11/28/2018 05:16:54, 11/28/2018 05:17:23 ,,,,
E,626,2, N2,18750,18779, 11/28/2018 05:17:24, 11/28/2018 05:17:53 ,,,,
E,627,2, N2,18780,18809, 11/28/2018 05:17:54, 11/28/2018 05:18:23 ,,,,
E,628,2, N2,18810,18839, 11/28/2018 05:18:24, 11/28/2018 05:18:53 ,,,,
E,629,2, N2,18840,18869, 11/28/2018 05:18:54, 11/28/2018 05:19:23 ,,,,
E,630,U,U,18870,18899, 11/28/2018 05:19:24, 11/28/2018 05:19:53 ,,,,
E,631,2, N2,18900,18929, 11/28/2018 05:19:54, 11/28/2018 05:20:23 ,,,,
E,632,2, N2,18930,18959, 11/28/2018 05:20:24, 11/28/2018 05:20:53 ,,,,
E,633,2, N2,18960,18989, 11/28/2018 05:20:54, 11/28/2018 05:21:23 ,,,,
E,634,2, N2,18990,19019, 11/28/2018 05:21:24, 11/28/2018 05:21:53 ,,,,
E,635,2, N2,19020,19049, 11/28/2018 05:21:54, 11/28/2018 05:22:23 ,,,,
E,636,2, N2,19050,19079, 11/28/2018 05:22:24, 11/28/2018 05:22:53 ,,,,
E,637,2, N2,19080,19109, 11/28/2018 05:22:54, 11/28/2018 05:23:23 ,,,,
E,638,2, N2,19110,19139, 11/28/2018 05:23:24, 11/28/2018 05:23:53 ,,,,
E,639,2, N2,19140,19169, 11/28/2018 05:23:54, 11/28/2018 05:24:23 ,,,,
E,640,2, N2,19170,19199, 11/28/2018 05:24:24, 11/28/2018 05:24:53 ,,,,
E,641,2, N2,19200,19229, 11/28/2018 05:24:54, 11/28/2018 05:25:23 ,,,,
E,642,U,U,19230,19259, 11/28/2018 05:25:24, 11/28/2018 05:25:53 ,,,,
E,643,U,U,19260,19289, 11/28/2018 05:25:54, 11/28/2018 05:26:23 ,,,,
E,644,U,U,19290,19319, 11/28/2018 05:26:24, 11/28/2018 05:26:53 ,,,,
E,645,U,U,19320,19349, 11/28/2018 05:26:54, 11/28/2018 05:27:23 ,,,,
E,646,U,U,19350,19379, 11/28/2018 05:27:24, 11/28/2018 05:27:53 ,,,,
E,647,U,U,19380,19409, 11/28/2018 05:27:54, 11/28/2018 05:28:23 ,,,,
E,648,2, N2,19410,19439, 11/28/2018 05:28:24, 11/28/2018 05:28:53 ,,,,
E,649,2, N2,19440,19469, 11/28/2018 05:28:54, 11/28/2018 05:29:23 ,,,,
E,650,2, N2,19470,19499, 11/28/2018 05:29:24, 11/28/2018 05:29:53 ,,,,
E,651,U,U,19500,19529, 11/28/2018 05:29:54, 11/28/2018 05:30:23 ,,,,
E,652,2, N2,19530,19559, 11/28/2018 05:30:24, 11/28/2018 05:30:53 ,,,,
E,653,2, N2,19560,19589, 11/28/2018 05:30:54, 11/28/2018 05:31:23 ,,,,
E,654,2, N2,19590,19619, 11/28/2018 05:31:24, 11/28/2018 05:31:53 ,,,,
E,655,2, N2,19620,19649, 11/28/2018 05:31:54, 11/28/2018 05:32:23 ,,,,
E,656,2, N2,19650,19679, 11/28/2018 05:32:24, 11/28/2018 05:32:53 ,,,,
E,657,U,U,19680,19709, 11/28/2018 05:32:54, 11/28/2018 05:33:23 ,,,,
E,658,5, W,19710,19739, 11/28/2018 05:33:24, 11/28/2018 05:33:53 ,,,,
E,659,U,U,19740,19769, 11/28/2018 05:33:54, 11/28/2018 05:34:23 ,,,,
E,660,U,U,19770,19799, 11/28/2018 05:34:24, 11/28/2018 05:34:53 ,,,,
E,661,U,U,19800,19829, 11/28/2018 05:34:54, 11/28/2018 05:35:23 ,,,,
E,662,5, W,19830,19859, 11/28/2018 05:35:24, 11/28/2018 05:35:53 ,,,,
E,663,5, W,19860,19889, 11/28/2018 05:35:54, 11/28/2018 05:36:23 ,,,,
E,664,2, N2,19890,19919, 11/28/2018 05:36:24, 11/28/2018 05:36:53 ,,,,
E,665,2, N2,19920,19949, 11/28/2018 05:36:54, 11/28/2018 05:37:23 ,,,,
E,666,U,U,19950,19979, 11/28/2018 05:37:24, 11/28/2018 05:37:53 ,,,,
E,667,U,U,19980,20009, 11/28/2018 05:37:54, 11/28/2018 05:38:23 ,,,,
E,668,2, N2,20010,20039, 11/28/2018 05:38:24, 11/28/2018 05:38:53 ,,,,
E,669,2, N2,20040,20069, 11/28/2018 05:38:54, 11/28/2018 05:39:23 ,,,,
E,670,2, N2,20070,20099, 11/28/2018 05:39:24, 11/28/2018 05:39:53 ,,,,
E,671,2, N2,20100,20129, 11/28/2018 05:39:54, 11/28/2018 05:40:23 ,,,,
E,672,2, N2,20130,20159, 11/28/2018 05:40:24, 11/28/2018 05:40:53 ,,,,
E,673,2, N2,20160,20189, 11/28/2018 05:40:54, 11/28/2018 05:41:23 ,,,,
E,674,2, N2,20190,20219, 11/28/2018 05:41:24, 11/28/2018 05:41:53 ,,,,
E,675,U,U,20220,20249, 11/28/2018 05:41:54, 11/28/2018 05:42:23 ,,,,
E,676,U,U,20250,20279, 11/28/2018 05:42:24, 11/28/2018 05:42:53 ,,,,
E,677,U,U,20280,20309, 11/28/2018 05:42:54, 11/28/2018 05:43:23 ,,,,
E,678,U,U,20310,20339, 11/28/2018 05:43:24, 11/28/2018 05:43:53 ,,,,
E,679,U,U,20340,20369, 11/28/2018 05:43:54, 11/28/2018 05:44:23 ,,,,
E,680,U,U,20370,20399, 11/28/2018 05:44:24, 11/28/2018 05:44:53 ,,,,
E,681,U,U,20400,20429, 11/28/2018 05:44:54, 11/28/2018 05:45:23 ,,,,
E,682,U,U,20430,20459, 11/28/2018 05:45:24, 11/28/2018 05:45:53 ,,,,
E,683,U,U,20460,20489, 11/28/2018 05:45:54, 11/28/2018 05:46:23 ,,,,
E,684,U,U,20490,20519, 11/28/2018 05:46:24, 11/28/2018 05:46:53 ,,,,
E,685,2, N2,20520,20549, 11/28/2018 05:46:54, 11/28/2018 05:47:23 ,,,,
E,686,2, N2,20550,20579, 11/28/2018 05:47:24, 11/28/2018 05:47:53 ,,,,
E,687,U,U,20580,20609, 11/28/2018 05:47:54, 11/28/2018 05:48:23 ,,,,
E,688,U,U,20610,20639, 11/28/2018 05:48:24, 11/28/2018 05:48:53 ,,,,
E,689,U,U,20640,20669, 11/28/2018 05:48:54, 11/28/2018 05:49:23 ,,,,
E,690,U,U,20670,20699, 11/28/2018 05:49:24, 11/28/2018 05:49:53 ,,,,
E,691,U,U,20700,20729, 11/28/2018 05:49:54, 11/28/2018 05:50:23 ,,,,
E,692,U,U,20730,20759, 11/28/2018 05:50:24, 11/28/2018 05:50:53 ,,,,
E,693,U,U,20760,20789, 11/28/2018 05:50:54, 11/28/2018 05:51:23 ,,,,
E,694,U,U,20790,20819, 11/28/2018 05:51:24, 11/28/2018 05:51:53 ,,,,
E,695,U,U,20820,20849, 11/28/2018 05:51:54, 11/28/2018 05:52:23 ,,,,
E,696,U,U,20850,20879, 11/28/2018 05:52:24, 11/28/2018 05:52:53 ,,,,
E,697,U,U,20880,20909, 11/28/2018 05:52:54, 11/28/2018 05:53:23 ,,,,
E,698,U,U,20910,20939, 11/28/2018 05:53:24, 11/28/2018 05:53:53 ,,,,
E,699,U,U,20940,20969, 11/28/2018 05:53:54, 11/28/2018 05:54:23 ,,,,
E,700,U,U,20970,20999, 11/28/2018 05:54:24, 11/28/2018 05:54:53 ,,,,
E,701,U,U,21000,21029, 11/28/2018 05:54:54, 11/28/2018 05:55:23 ,,,,
E,702,U,U,21030,21059, 11/28/2018 05:55:24, 11/28/2018 05:55:53 ,,,,
E,703,U,U,21060,21089, 11/28/2018 05:55:54, 11/28/2018 05:56:23 ,,,,
E,704,U,U,21090,21119, 11/28/2018 05:56:24, 11/28/2018 05:56:53 ,,,,
E,705,U,U,21120,21149, 11/28/2018 05:56:54, 11/28/2018 05:57:23 ,,,,
E,706,U,U,21150,21179, 11/28/2018 05:57:24, 11/28/2018 05:57:53 ,,,,
E,707,U,U,21180,21209, 11/28/2018 05:57:54, 11/28/2018 05:58:23 ,,,,
E,708,U,U,21210,21239, 11/28/2018 05:58:24, 11/28/2018 05:58:53 ,,,,
E,709,U,U,21240,21269, 11/28/2018 05:58:54, 11/28/2018 05:59:23 ,,,,
E,710,U,U,21270,21299, 11/28/2018 05:59:24, 11/28/2018 05:59:53 ,,,,
E,711,2, N2,21300,21329, 11/28/2018 05:59:54, 11/28/2018 06:00:23 ,,,,
E,712,2, N2,21330,21359, 11/28/2018 06:00:24, 11/28/2018 06:00:53 ,,,,
E,713,2, N2,21360,21389, 11/28/2018 06:00:54, 11/28/2018 06:01:23 ,,,,
E,714,2, N2,21390,21419, 11/28/2018 06:01:24, 11/28/2018 06:01:53 ,,,,
E,715,2, N2,21420,21449, 11/28/2018 06:01:54, 11/28/2018 06:02:23 ,,,,
E,716,2, N2,21450,21479, 11/28/2018 06:02:24, 11/28/2018 06:02:53 ,,,,
E,717,U,U,21480,21509, 11/28/2018 06:02:54, 11/28/2018 06:03:23 ,,,,
E,718,2, N2,21510,21539, 11/28/2018 06:03:24, 11/28/2018 06:03:53 ,,,,
E,719,2, N2,21540,21569, 11/28/2018 06:03:54, 11/28/2018 06:04:23 ,,,,
E,720,U,U,21570,21599, 11/28/2018 06:04:24, 11/28/2018 06:04:53 ,,,,
E,721,U,U,21600,21629, 11/28/2018 06:04:54, 11/28/2018 06:05:23 ,,,,
E,722,2, N2,21630,21659, 11/28/2018 06:05:24, 11/28/2018 06:05:53 ,,,,
E,723,2, N2,21660,21689, 11/28/2018 06:05:54, 11/28/2018 06:06:23 ,,,,
E,724,2, N2,21690,21719, 11/28/2018 06:06:24, 11/28/2018 06:06:53 ,,,,
E,725,2, N2,21720,21749, 11/28/2018 06:06:54, 11/28/2018 06:07:23 ,,,,
E,726,2, N2,21750,21779, 11/28/2018 06:07:24, 11/28/2018 06:07:53 ,,,,
E,727,2, N2,21780,21809, 11/28/2018 06:07:54, 11/28/2018 06:08:23 ,,,,
E,728,2, N2,21810,21839, 11/28/2018 06:08:24, 11/28/2018 06:08:53 ,,,,
E,729,2, N2,21840,21869, 11/28/2018 06:08:54, 11/28/2018 06:09:23 ,,,,
E,730,2, N2,21870,21899, 11/28/2018 06:09:24, 11/28/2018 06:09:53 ,,,,
E,731,U,U,21900,21929, 11/28/2018 06:09:54, 11/28/2018 06:10:23 ,,,,
E,732,2, N2,21930,21959, 11/28/2018 06:10:24, 11/28/2018 06:10:53 ,,,,
E,733,2, N2,21960,21989, 11/28/2018 06:10:54, 11/28/2018 06:11:23 ,,,,
E,734,2, N2,21990,22019, 11/28/2018 06:11:24, 11/28/2018 06:11:53 ,,,,
E,735,2, N2,22020,22049, 11/28/2018 06:11:54, 11/28/2018 06:12:23 ,,,,
E,736,2, N2,22050,22079, 11/28/2018 06:12:24, 11/28/2018 06:12:53 ,,,,
E,737,2, N2,22080,22109, 11/28/2018 06:12:54, 11/28/2018 06:13:23 ,,,,
E,738,2, N2,22110,22139, 11/28/2018 06:13:24, 11/28/2018 06:13:53 ,,,,
E,739,2, N2,22140,22169, 11/28/2018 06:13:54, 11/28/2018 06:14:23 ,,,,
E,740,2, N2,22170,22199, 11/28/2018 06:14:24, 11/28/2018 06:14:53 ,,,,
E,741,U,U,22200,22229, 11/28/2018 06:14:54, 11/28/2018 06:15:23 ,,,,
E,742,U,U,22230,22259, 11/28/2018 06:15:24, 11/28/2018 06:15:53 ,,,,
E,743,2, N2,22260,22289, 11/28/2018 06:15:54, 11/28/2018 06:16:23 ,,,,
E,744,2, N2,22290,22319, 11/28/2018 06:16:24, 11/28/2018 06:16:53 ,,,,
E,745,2, N2,22320,22349, 11/28/2018 06:16:54, 11/28/2018 06:17:23 ,,,,
E,746,U,U,22350,22379, 11/28/2018 06:17:24, 11/28/2018 06:17:53 ,,,,
E,747,2, N2,22380,22409, 11/28/2018 06:17:54, 11/28/2018 06:18:23 ,,,,
E,748,5, W,22410,22439, 11/28/2018 06:18:24, 11/28/2018 06:18:53 ,,,,
E,749,5, W,22440,22469, 11/28/2018 06:18:54, 11/28/2018 06:19:23 ,,,,
E,750,U,U,22470,22499, 11/28/2018 06:19:24, 11/28/2018 06:19:53 ,,,,
E,751,U,U,22500,22529, 11/28/2018 06:19:54, 11/28/2018 06:20:23 ,,,,
E,752,U,U,22530,22559, 11/28/2018 06:20:24, 11/28/2018 06:20:53 ,,,,
E,753,U,U,22560,22589, 11/28/2018 06:20:54, 11/28/2018 06:21:23 ,,,,
E,754,U,U,22590,22619, 11/28/2018 06:21:24, 11/28/2018 06:21:53 ,,,,
E,755,U,U,22620,22649, 11/28/2018 06:21:54, 11/28/2018 06:22:23 ,,,,
E,756,U,U,22650,22679, 11/28/2018 06:22:24, 11/28/2018 06:22:53 ,,,,
E,757,U,U,22680,22709, 11/28/2018 06:22:54, 11/28/2018 06:23:23 ,,,,
E,758,5, W,22710,22739, 11/28/2018 06:23:24, 11/28/2018 06:23:53 ,,,,
LOUT,1,,,,,,,,,,
LON,757,,,,,,,,,,
