E,1,5, W,0,29, 11/21/2018 19:33:34, 11/21/2018 19:34:03 
E,2,5, W,30,59, 11/21/2018 19:34:04, 11/21/2018 19:34:33 
E,3,5, W,60,89, 11/21/2018 19:34:34, 11/21/2018 19:35:03 
E,4,5, W,90,119, 11/21/2018 19:35:04, 11/21/2018 19:35:33 
E,5,5, W,120,149, 11/21/2018 19:35:34, 11/21/2018 19:36:03 
E,6,5, W,150,179, 11/21/2018 19:36:04, 11/21/2018 19:36:33 
E,7,5, W,180,209, 11/21/2018 19:36:34, 11/21/2018 19:37:03 
E,8,5, W,210,239, 11/21/2018 19:37:04, 11/21/2018 19:37:33 
E,9,5, W,240,269, 11/21/2018 19:37:34, 11/21/2018 19:38:03 
E,10,5, W,270,299, 11/21/2018 19:38:04, 11/21/2018 19:38:33 
E,11,5, W,300,329, 11/21/2018 19:38:34, 11/21/2018 19:39:03 
E,12,5, W,330,359, 11/21/2018 19:39:04, 11/21/2018 19:39:33 
E,13,5, W,360,389, 11/21/2018 19:39:34, 11/21/2018 19:40:03 
E,14,5, W,390,419, 11/21/2018 19:40:04, 11/21/2018 19:40:33 
E,15,5, W,420,449, 11/21/2018 19:40:34, 11/21/2018 19:41:03 
E,16,5, W,450,479, 11/21/2018 19:41:04, 11/21/2018 19:41:33 
E,17,5, W,480,509, 11/21/2018 19:41:34, 11/21/2018 19:42:03 
E,18,5, W,510,539, 11/21/2018 19:42:04, 11/21/2018 19:42:33 
E,19,5, W,540,569, 11/21/2018 19:42:34, 11/21/2018 19:43:03 
E,20,U,U,570,599, 11/21/2018 19:43:04, 11/21/2018 19:43:33 
E,21,U,U,600,629, 11/21/2018 19:43:34, 11/21/2018 19:44:03 
E,22,U,U,630,659, 11/21/2018 19:44:04, 11/21/2018 19:44:33 
E,23,U,U,660,689, 11/21/2018 19:44:34, 11/21/2018 19:45:03 
E,24,U,U,690,719, 11/21/2018 19:45:04, 11/21/2018 19:45:33 
E,25,5, W,720,749, 11/21/2018 19:45:34, 11/21/2018 19:46:03 
E,26,5, W,750,779, 11/21/2018 19:46:04, 11/21/2018 19:46:33 
E,27,U,U,780,809, 11/21/2018 19:46:34, 11/21/2018 19:47:03 
E,28,U,U,810,839, 11/21/2018 19:47:04, 11/21/2018 19:47:33 
E,29,U,U,840,869, 11/21/2018 19:47:34, 11/21/2018 19:48:03 
E,30,U,U,870,899, 11/21/2018 19:48:04, 11/21/2018 19:48:33 
E,31,U,U,900,929, 11/21/2018 19:48:34, 11/21/2018 19:49:03 
E,32,U,U,930,959, 11/21/2018 19:49:04, 11/21/2018 19:49:33 
E,33,U,U,960,989, 11/21/2018 19:49:34, 11/21/2018 19:50:03 
E,34,U,U,990,1019, 11/21/2018 19:50:04, 11/21/2018 19:50:33 
E,35,U,U,1020,1049, 11/21/2018 19:50:34, 11/21/2018 19:51:03 
E,36,U,U,1050,1079, 11/21/2018 19:51:04, 11/21/2018 19:51:33 
E,37,U,U,1080,1109, 11/21/2018 19:51:34, 11/21/2018 19:52:03 
E,38,U,U,1110,1139, 11/21/2018 19:52:04, 11/21/2018 19:52:33 
E,39,U,U,1140,1169, 11/21/2018 19:52:34, 11/21/2018 19:53:03 
E,40,U,U,1170,1199, 11/21/2018 19:53:04, 11/21/2018 19:53:33 
E,41,U,U,1200,1229, 11/21/2018 19:53:34, 11/21/2018 19:54:03 
E,42,U,U,1230,1259, 11/21/2018 19:54:04, 11/21/2018 19:54:33 
E,43,U,U,1260,1289, 11/21/2018 19:54:34, 11/21/2018 19:55:03 
E,44,5, W,1290,1319, 11/21/2018 19:55:04, 11/21/2018 19:55:33 
E,45,5, W,1320,1349, 11/21/2018 19:55:34, 11/21/2018 19:56:03 
E,46,U,U,1350,1379, 11/21/2018 19:56:04, 11/21/2018 19:56:33 
E,47,U,U,1380,1409, 11/21/2018 19:56:34, 11/21/2018 19:57:03 
E,48,U,U,1410,1439, 11/21/2018 19:57:04, 11/21/2018 19:57:33 
E,49,5, W,1440,1469, 11/21/2018 19:57:34, 11/21/2018 19:58:03 
E,50,5, W,1470,1499, 11/21/2018 19:58:04, 11/21/2018 19:58:33 
E,51,5, W,1500,1529, 11/21/2018 19:58:34, 11/21/2018 19:59:03 
E,52,5, W,1530,1559, 11/21/2018 19:59:04, 11/21/2018 19:59:33 
E,53,5, W,1560,1589, 11/21/2018 19:59:34, 11/21/2018 20:00:03 
E,54,5, W,1590,1619, 11/21/2018 20:00:04, 11/21/2018 20:00:33 
E,55,5, W,1620,1649, 11/21/2018 20:00:34, 11/21/2018 20:01:03 
E,56,U,U,1650,1679, 11/21/2018 20:01:04, 11/21/2018 20:01:33 
E,57,U,U,1680,1709, 11/21/2018 20:01:34, 11/21/2018 20:02:03 
E,58,U,U,1710,1739, 11/21/2018 20:02:04, 11/21/2018 20:02:33 
E,59,U,U,1740,1769, 11/21/2018 20:02:34, 11/21/2018 20:03:03 
E,60,U,U,1770,1799, 11/21/2018 20:03:04, 11/21/2018 20:03:33 
E,61,U,U,1800,1829, 11/21/2018 20:03:34, 11/21/2018 20:04:03 
E,62,U,U,1830,1859, 11/21/2018 20:04:04, 11/21/2018 20:04:33 
E,63,U,U,1860,1889, 11/21/2018 20:04:34, 11/21/2018 20:05:03 
E,64,U,U,1890,1919, 11/21/2018 20:05:04, 11/21/2018 20:05:33 
E,65,U,U,1920,1949, 11/21/2018 20:05:34, 11/21/2018 20:06:03 
E,66,U,U,1950,1979, 11/21/2018 20:06:04, 11/21/2018 20:06:33 
E,67,U,U,1980,2009, 11/21/2018 20:06:34, 11/21/2018 20:07:03 
E,68,U,U,2010,2039, 11/21/2018 20:07:04, 11/21/2018 20:07:33 
E,69,U,U,2040,2069, 11/21/2018 20:07:34, 11/21/2018 20:08:03 
E,70,U,U,2070,2099, 11/21/2018 20:08:04, 11/21/2018 20:08:33 
E,71,U,U,2100,2129, 11/21/2018 20:08:34, 11/21/2018 20:09:03 
E,72,5, W,2130,2159, 11/21/2018 20:09:04, 11/21/2018 20:09:33 
E,73,5, W,2160,2189, 11/21/2018 20:09:34, 11/21/2018 20:10:03 
E,74,U,U,2190,2219, 11/21/2018 20:10:04, 11/21/2018 20:10:33 
E,75,U,U,2220,2249, 11/21/2018 20:10:34, 11/21/2018 20:11:03 
E,76,U,U,2250,2279, 11/21/2018 20:11:04, 11/21/2018 20:11:33 
E,77,U,U,2280,2309, 11/21/2018 20:11:34, 11/21/2018 20:12:03 
E,78,U,U,2310,2339, 11/21/2018 20:12:04, 11/21/2018 20:12:33 
E,79,U,U,2340,2369, 11/21/2018 20:12:34, 11/21/2018 20:13:03 
E,80,U,U,2370,2399, 11/21/2018 20:13:04, 11/21/2018 20:13:33 
E,81,U,U,2400,2429, 11/21/2018 20:13:34, 11/21/2018 20:14:03 
E,82,U,U,2430,2459, 11/21/2018 20:14:04, 11/21/2018 20:14:33 
E,83,U,U,2460,2489, 11/21/2018 20:14:34, 11/21/2018 20:15:03 
E,84,5, W,2490,2519, 11/21/2018 20:15:04, 11/21/2018 20:15:33 
E,85,U,U,2520,2549, 11/21/2018 20:15:34, 11/21/2018 20:16:03 
E,86,U,U,2550,2579, 11/21/2018 20:16:04, 11/21/2018 20:16:33 
E,87,U,U,2580,2609, 11/21/2018 20:16:34, 11/21/2018 20:17:03 
E,88,U,U,2610,2639, 11/21/2018 20:17:04, 11/21/2018 20:17:33 
E,89,U,U,2640,2669, 11/21/2018 20:17:34, 11/21/2018 20:18:03 
E,90,U,U,2670,2699, 11/21/2018 20:18:04, 11/21/2018 20:18:33 
E,91,U,U,2700,2729, 11/21/2018 20:18:34, 11/21/2018 20:19:03 
E,92,U,U,2730,2759, 11/21/2018 20:19:04, 11/21/2018 20:19:33 
E,93,U,U,2760,2789, 11/21/2018 20:19:34, 11/21/2018 20:20:03 
E,94,U,U,2790,2819, 11/21/2018 20:20:04, 11/21/2018 20:20:33 
E,95,U,U,2820,2849, 11/21/2018 20:20:34, 11/21/2018 20:21:03 
E,96,U,U,2850,2879, 11/21/2018 20:21:04, 11/21/2018 20:21:33 
E,97,U,U,2880,2909, 11/21/2018 20:21:34, 11/21/2018 20:22:03 
E,98,U,U,2910,2939, 11/21/2018 20:22:04, 11/21/2018 20:22:33 
E,99,U,U,2940,2969, 11/21/2018 20:22:34, 11/21/2018 20:23:03 
E,100,U,U,2970,2999, 11/21/2018 20:23:04, 11/21/2018 20:23:33 
E,101,U,U,3000,3029, 11/21/2018 20:23:34, 11/21/2018 20:24:03 
E,102,U,U,3030,3059, 11/21/2018 20:24:04, 11/21/2018 20:24:33 
E,103,U,U,3060,3089, 11/21/2018 20:24:34, 11/21/2018 20:25:03 
E,104,5, W,3090,3119, 11/21/2018 20:25:04, 11/21/2018 20:25:33 
E,105,5, W,3120,3149, 11/21/2018 20:25:34, 11/21/2018 20:26:03 
E,106,5, W,3150,3179, 11/21/2018 20:26:04, 11/21/2018 20:26:33 
E,107,5, W,3180,3209, 11/21/2018 20:26:34, 11/21/2018 20:27:03 
E,108,5, W,3210,3239, 11/21/2018 20:27:04, 11/21/2018 20:27:33 
E,109,5, W,3240,3269, 11/21/2018 20:27:34, 11/21/2018 20:28:03 
E,110,5, W,3270,3299, 11/21/2018 20:28:04, 11/21/2018 20:28:33 
E,111,5, W,3300,3329, 11/21/2018 20:28:34, 11/21/2018 20:29:03 
E,112,5, W,3330,3359, 11/21/2018 20:29:04, 11/21/2018 20:29:33 
E,113,5, W,3360,3389, 11/21/2018 20:29:34, 11/21/2018 20:30:03 
E,114,5, W,3390,3419, 11/21/2018 20:30:04, 11/21/2018 20:30:33 
E,115,5, W,3420,3449, 11/21/2018 20:30:34, 11/21/2018 20:31:03 
E,116,5, W,3450,3479, 11/21/2018 20:31:04, 11/21/2018 20:31:33 
E,117,5, W,3480,3509, 11/21/2018 20:31:34, 11/21/2018 20:32:03 
E,118,5, W,3510,3539, 11/21/2018 20:32:04, 11/21/2018 20:32:33 
E,119,5, W,3540,3569, 11/21/2018 20:32:34, 11/21/2018 20:33:03 
E,120,5, W,3570,3599, 11/21/2018 20:33:04, 11/21/2018 20:33:33 
E,121,5, W,3600,3629, 11/21/2018 20:33:34, 11/21/2018 20:34:03 
E,122,5, W,3630,3659, 11/21/2018 20:34:04, 11/21/2018 20:34:33 
E,123,5, W,3660,3689, 11/21/2018 20:34:34, 11/21/2018 20:35:03 
E,124,5, W,3690,3719, 11/21/2018 20:35:04, 11/21/2018 20:35:33 
E,125,U,U,3720,3749, 11/21/2018 20:35:34, 11/21/2018 20:36:03 
E,126,U,U,3750,3779, 11/21/2018 20:36:04, 11/21/2018 20:36:33 
E,127,U,U,3780,3809, 11/21/2018 20:36:34, 11/21/2018 20:37:03 
E,128,U,U,3810,3839, 11/21/2018 20:37:04, 11/21/2018 20:37:33 
E,129,U,U,3840,3869, 11/21/2018 20:37:34, 11/21/2018 20:38:03 
E,130,U,U,3870,3899, 11/21/2018 20:38:04, 11/21/2018 20:38:33 
E,131,U,U,3900,3929, 11/21/2018 20:38:34, 11/21/2018 20:39:03 
E,132,U,U,3930,3959, 11/21/2018 20:39:04, 11/21/2018 20:39:33 
E,133,U,U,3960,3989, 11/21/2018 20:39:34, 11/21/2018 20:40:03 
E,134,5, W,3990,4019, 11/21/2018 20:40:04, 11/21/2018 20:40:33 
E,135,5, W,4020,4049, 11/21/2018 20:40:34, 11/21/2018 20:41:03 
E,136,5, W,4050,4079, 11/21/2018 20:41:04, 11/21/2018 20:41:33 
E,137,5, W,4080,4109, 11/21/2018 20:41:34, 11/21/2018 20:42:03 
E,138,U,U,4110,4139, 11/21/2018 20:42:04, 11/21/2018 20:42:33 
E,139,U,U,4140,4169, 11/21/2018 20:42:34, 11/21/2018 20:43:03 
E,140,U,U,4170,4199, 11/21/2018 20:43:04, 11/21/2018 20:43:33 
E,141,U,U,4200,4229, 11/21/2018 20:43:34, 11/21/2018 20:44:03 
E,142,5, W,4230,4259, 11/21/2018 20:44:04, 11/21/2018 20:44:33 
E,143,5, W,4260,4289, 11/21/2018 20:44:34, 11/21/2018 20:45:03 
E,144,5, W,4290,4319, 11/21/2018 20:45:04, 11/21/2018 20:45:33 
E,145,5, W,4320,4349, 11/21/2018 20:45:34, 11/21/2018 20:46:03 
E,146,5, W,4350,4379, 11/21/2018 20:46:04, 11/21/2018 20:46:33 
E,147,5, W,4380,4409, 11/21/2018 20:46:34, 11/21/2018 20:47:03 
E,148,U,U,4410,4439, 11/21/2018 20:47:04, 11/21/2018 20:47:33 
E,149,U,U,4440,4469, 11/21/2018 20:47:34, 11/21/2018 20:48:03 
E,150,U,U,4470,4499, 11/21/2018 20:48:04, 11/21/2018 20:48:33 
E,151,U,U,4500,4529, 11/21/2018 20:48:34, 11/21/2018 20:49:03 
E,152,U,U,4530,4559, 11/21/2018 20:49:04, 11/21/2018 20:49:33 
E,153,U,U,4560,4589, 11/21/2018 20:49:34, 11/21/2018 20:50:03 
E,154,U,U,4590,4619, 11/21/2018 20:50:04, 11/21/2018 20:50:33 
E,155,U,U,4620,4649, 11/21/2018 20:50:34, 11/21/2018 20:51:03 
E,156,U,U,4650,4679, 11/21/2018 20:51:04, 11/21/2018 20:51:33 
E,157,U,U,4680,4709, 11/21/2018 20:51:34, 11/21/2018 20:52:03 
E,158,U,U,4710,4739, 11/21/2018 20:52:04, 11/21/2018 20:52:33 
E,159,U,U,4740,4769, 11/21/2018 20:52:34, 11/21/2018 20:53:03 
E,160,U,U,4770,4799, 11/21/2018 20:53:04, 11/21/2018 20:53:33 
E,161,U,U,4800,4829, 11/21/2018 20:53:34, 11/21/2018 20:54:03 
E,162,U,U,4830,4859, 11/21/2018 20:54:04, 11/21/2018 20:54:33 
E,163,U,U,4860,4889, 11/21/2018 20:54:34, 11/21/2018 20:55:03 
E,164,U,U,4890,4919, 11/21/2018 20:55:04, 11/21/2018 20:55:33 
E,165,U,U,4920,4949, 11/21/2018 20:55:34, 11/21/2018 20:56:03 
E,166,U,U,4950,4979, 11/21/2018 20:56:04, 11/21/2018 20:56:33 
E,167,U,U,4980,5009, 11/21/2018 20:56:34, 11/21/2018 20:57:03 
E,168,U,U,5010,5039, 11/21/2018 20:57:04, 11/21/2018 20:57:33 
E,169,U,U,5040,5069, 11/21/2018 20:57:34, 11/21/2018 20:58:03 
E,170,U,U,5070,5099, 11/21/2018 20:58:04, 11/21/2018 20:58:33 
E,171,U,U,5100,5129, 11/21/2018 20:58:34, 11/21/2018 20:59:03 
E,172,5, W,5130,5159, 11/21/2018 20:59:04, 11/21/2018 20:59:33 
E,173,5, W,5160,5189, 11/21/2018 20:59:34, 11/21/2018 21:00:03 
E,174,5, W,5190,5219, 11/21/2018 21:00:04, 11/21/2018 21:00:33 
E,175,5, W,5220,5249, 11/21/2018 21:00:34, 11/21/2018 21:01:03 
E,176,5, W,5250,5279, 11/21/2018 21:01:04, 11/21/2018 21:01:33 
E,177,5, W,5280,5309, 11/21/2018 21:01:34, 11/21/2018 21:02:03 
E,178,5, W,5310,5339, 11/21/2018 21:02:04, 11/21/2018 21:02:33 
E,179,5, W,5340,5369, 11/21/2018 21:02:34, 11/21/2018 21:03:03 
E,180,5, W,5370,5399, 11/21/2018 21:03:04, 11/21/2018 21:03:33 
E,181,5, W,5400,5429, 11/21/2018 21:03:34, 11/21/2018 21:04:03 
E,182,5, W,5430,5459, 11/21/2018 21:04:04, 11/21/2018 21:04:33 
E,183,U,U,5460,5489, 11/21/2018 21:04:34, 11/21/2018 21:05:03 
E,184,U,U,5490,5519, 11/21/2018 21:05:04, 11/21/2018 21:05:33 
E,185,5, W,5520,5549, 11/21/2018 21:05:34, 11/21/2018 21:06:03 
E,186,5, W,5550,5579, 11/21/2018 21:06:04, 11/21/2018 21:06:33 
E,187,U,U,5580,5609, 11/21/2018 21:06:34, 11/21/2018 21:07:03 
E,188,1, N1,5610,5639, 11/21/2018 21:07:04, 11/21/2018 21:07:33 
E,189,1, N1,5640,5669, 11/21/2018 21:07:34, 11/21/2018 21:08:03 
E,190,U,U,5670,5699, 11/21/2018 21:08:04, 11/21/2018 21:08:33 
E,191,U,U,5700,5729, 11/21/2018 21:08:34, 11/21/2018 21:09:03 
E,192,U,U,5730,5759, 11/21/2018 21:09:04, 11/21/2018 21:09:33 
E,193,2, N2,5760,5789, 11/21/2018 21:09:34, 11/21/2018 21:10:03 
E,194,5, W,5790,5819, 11/21/2018 21:10:04, 11/21/2018 21:10:33 
E,195,2, N2,5820,5849, 11/21/2018 21:10:34, 11/21/2018 21:11:03 
E,196,2, N2,5850,5879, 11/21/2018 21:11:04, 11/21/2018 21:11:33 
E,197,2, N2,5880,5909, 11/21/2018 21:11:34, 11/21/2018 21:12:03 
E,198,2, N2,5910,5939, 11/21/2018 21:12:04, 11/21/2018 21:12:33 
E,199,2, N2,5940,5969, 11/21/2018 21:12:34, 11/21/2018 21:13:03 
E,200,2, N2,5970,5999, 11/21/2018 21:13:04, 11/21/2018 21:13:33 
E,201,2, N2,6000,6029, 11/21/2018 21:13:34, 11/21/2018 21:14:03 
E,202,U,U,6030,6059, 11/21/2018 21:14:04, 11/21/2018 21:14:33 
E,203,U,U,6060,6089, 11/21/2018 21:14:34, 11/21/2018 21:15:03 
E,204,2, N2,6090,6119, 11/21/2018 21:15:04, 11/21/2018 21:15:33 
E,205,U,U,6120,6149, 11/21/2018 21:15:34, 11/21/2018 21:16:03 
E,206,2, N2,6150,6179, 11/21/2018 21:16:04, 11/21/2018 21:16:33 
E,207,2, N2,6180,6209, 11/21/2018 21:16:34, 11/21/2018 21:17:03 
E,208,2, N2,6210,6239, 11/21/2018 21:17:04, 11/21/2018 21:17:33 
E,209,2, N2,6240,6269, 11/21/2018 21:17:34, 11/21/2018 21:18:03 
E,210,2, N2,6270,6299, 11/21/2018 21:18:04, 11/21/2018 21:18:33 
E,211,2, N2,6300,6329, 11/21/2018 21:18:34, 11/21/2018 21:19:03 
E,212,2, N2,6330,6359, 11/21/2018 21:19:04, 11/21/2018 21:19:33 
E,213,2, N2,6360,6389, 11/21/2018 21:19:34, 11/21/2018 21:20:03 
E,214,2, N2,6390,6419, 11/21/2018 21:20:04, 11/21/2018 21:20:33 
E,215,2, N2,6420,6449, 11/21/2018 21:20:34, 11/21/2018 21:21:03 
E,216,2, N2,6450,6479, 11/21/2018 21:21:04, 11/21/2018 21:21:33 
E,217,U,U,6480,6509, 11/21/2018 21:21:34, 11/21/2018 21:22:03 
E,218,U,U,6510,6539, 11/21/2018 21:22:04, 11/21/2018 21:22:33 
E,219,U,U,6540,6569, 11/21/2018 21:22:34, 11/21/2018 21:23:03 
E,220,U,U,6570,6599, 11/21/2018 21:23:04, 11/21/2018 21:23:33 
E,221,U,U,6600,6629, 11/21/2018 21:23:34, 11/21/2018 21:24:03 
E,222,3, N3,6630,6659, 11/21/2018 21:24:04, 11/21/2018 21:24:33 
E,223,3, N3,6660,6689, 11/21/2018 21:24:34, 11/21/2018 21:25:03 
E,224,3, N3,6690,6719, 11/21/2018 21:25:04, 11/21/2018 21:25:33 
E,225,3, N3,6720,6749, 11/21/2018 21:25:34, 11/21/2018 21:26:03 
E,226,3, N3,6750,6779, 11/21/2018 21:26:04, 11/21/2018 21:26:33 
E,227,3, N3,6780,6809, 11/21/2018 21:26:34, 11/21/2018 21:27:03 
E,228,3, N3,6810,6839, 11/21/2018 21:27:04, 11/21/2018 21:27:33 
E,229,3, N3,6840,6869, 11/21/2018 21:27:34, 11/21/2018 21:28:03 
E,230,3, N3,6870,6899, 11/21/2018 21:28:04, 11/21/2018 21:28:33 
E,231,3, N3,6900,6929, 11/21/2018 21:28:34, 11/21/2018 21:29:03 
E,232,3, N3,6930,6959, 11/21/2018 21:29:04, 11/21/2018 21:29:33 
E,233,3, N3,6960,6989, 11/21/2018 21:29:34, 11/21/2018 21:30:03 
E,234,3, N3,6990,7019, 11/21/2018 21:30:04, 11/21/2018 21:30:33 
E,235,3, N3,7020,7049, 11/21/2018 21:30:34, 11/21/2018 21:31:03 
E,236,3, N3,7050,7079, 11/21/2018 21:31:04, 11/21/2018 21:31:33 
E,237,3, N3,7080,7109, 11/21/2018 21:31:34, 11/21/2018 21:32:03 
E,238,3, N3,7110,7139, 11/21/2018 21:32:04, 11/21/2018 21:32:33 
E,239,U,U,7140,7169, 11/21/2018 21:32:34, 11/21/2018 21:33:03 
E,240,3, N3,7170,7199, 11/21/2018 21:33:04, 11/21/2018 21:33:33 
E,241,3, N3,7200,7229, 11/21/2018 21:33:34, 11/21/2018 21:34:03 
E,242,3, N3,7230,7259, 11/21/2018 21:34:04, 11/21/2018 21:34:33 
E,243,3, N3,7260,7289, 11/21/2018 21:34:34, 11/21/2018 21:35:03 
E,244,3, N3,7290,7319, 11/21/2018 21:35:04, 11/21/2018 21:35:33 
E,245,3, N3,7320,7349, 11/21/2018 21:35:34, 11/21/2018 21:36:03 
E,246,3, N3,7350,7379, 11/21/2018 21:36:04, 11/21/2018 21:36:33 
E,247,3, N3,7380,7409, 11/21/2018 21:36:34, 11/21/2018 21:37:03 
E,248,3, N3,7410,7439, 11/21/2018 21:37:04, 11/21/2018 21:37:33 
E,249,3, N3,7440,7469, 11/21/2018 21:37:34, 11/21/2018 21:38:03 
E,250,3, N3,7470,7499, 11/21/2018 21:38:04, 11/21/2018 21:38:33 
E,251,3, N3,7500,7529, 11/21/2018 21:38:34, 11/21/2018 21:39:03 
E,252,3, N3,7530,7559, 11/21/2018 21:39:04, 11/21/2018 21:39:33 
E,253,3, N3,7560,7589, 11/21/2018 21:39:34, 11/21/2018 21:40:03 
E,254,3, N3,7590,7619, 11/21/2018 21:40:04, 11/21/2018 21:40:33 
E,255,5, W,7620,7649, 11/21/2018 21:40:34, 11/21/2018 21:41:03 
E,256,U,U,7650,7679, 11/21/2018 21:41:04, 11/21/2018 21:41:33 
E,257,U,U,7680,7709, 11/21/2018 21:41:34, 11/21/2018 21:42:03 
E,258,U,U,7710,7739, 11/21/2018 21:42:04, 11/21/2018 21:42:33 
E,259,U,U,7740,7769, 11/21/2018 21:42:34, 11/21/2018 21:43:03 
E,260,U,U,7770,7799, 11/21/2018 21:43:04, 11/21/2018 21:43:33 
E,261,U,U,7800,7829, 11/21/2018 21:43:34, 11/21/2018 21:44:03 
E,262,5, W,7830,7859, 11/21/2018 21:44:04, 11/21/2018 21:44:33 
E,263,5, W,7860,7889, 11/21/2018 21:44:34, 11/21/2018 21:45:03 
E,264,2, N2,7890,7919, 11/21/2018 21:45:04, 11/21/2018 21:45:33 
E,265,U,U,7920,7949, 11/21/2018 21:45:34, 11/21/2018 21:46:03 
E,266,U,U,7950,7979, 11/21/2018 21:46:04, 11/21/2018 21:46:33 
E,267,2, N2,7980,8009, 11/21/2018 21:46:34, 11/21/2018 21:47:03 
E,268,2, N2,8010,8039, 11/21/2018 21:47:04, 11/21/2018 21:47:33 
E,269,2, N2,8040,8069, 11/21/2018 21:47:34, 11/21/2018 21:48:03 
E,270,U,U,8070,8099, 11/21/2018 21:48:04, 11/21/2018 21:48:33 
E,271,U,U,8100,8129, 11/21/2018 21:48:34, 11/21/2018 21:49:03 
E,272,U,U,8130,8159, 11/21/2018 21:49:04, 11/21/2018 21:49:33 
E,273,U,U,8160,8189, 11/21/2018 21:49:34, 11/21/2018 21:50:03 
E,274,U,U,8190,8219, 11/21/2018 21:50:04, 11/21/2018 21:50:33 
E,275,U,U,8220,8249, 11/21/2018 21:50:34, 11/21/2018 21:51:03 
E,276,4, R,8250,8279, 11/21/2018 21:51:04, 11/21/2018 21:51:33 
E,277,4, R,8280,8309, 11/21/2018 21:51:34, 11/21/2018 21:52:03 
E,278,4, R,8310,8339, 11/21/2018 21:52:04, 11/21/2018 21:52:33 
E,279,4, R,8340,8369, 11/21/2018 21:52:34, 11/21/2018 21:53:03 
E,280,4, R,8370,8399, 11/21/2018 21:53:04, 11/21/2018 21:53:33 
E,281,4, R,8400,8429, 11/21/2018 21:53:34, 11/21/2018 21:54:03 
E,282,4, R,8430,8459, 11/21/2018 21:54:04, 11/21/2018 21:54:33 
E,283,4, R,8460,8489, 11/21/2018 21:54:34, 11/21/2018 21:55:03 
E,284,4, R,8490,8519, 11/21/2018 21:55:04, 11/21/2018 21:55:33 
E,285,4, R,8520,8549, 11/21/2018 21:55:34, 11/21/2018 21:56:03 
E,286,4, R,8550,8579, 11/21/2018 21:56:04, 11/21/2018 21:56:33 
E,287,4, R,8580,8609, 11/21/2018 21:56:34, 11/21/2018 21:57:03 
E,288,4, R,8610,8639, 11/21/2018 21:57:04, 11/21/2018 21:57:33 
E,289,4, R,8640,8669, 11/21/2018 21:57:34, 11/21/2018 21:58:03 
E,290,4, R,8670,8699, 11/21/2018 21:58:04, 11/21/2018 21:58:33 
E,291,4, R,8700,8729, 11/21/2018 21:58:34, 11/21/2018 21:59:03 
E,292,4, R,8730,8759, 11/21/2018 21:59:04, 11/21/2018 21:59:33 
E,293,4, R,8760,8789, 11/21/2018 21:59:34, 11/21/2018 22:00:03 
E,294,U,U,8790,8819, 11/21/2018 22:00:04, 11/21/2018 22:00:33 
E,295,4, R,8820,8849, 11/21/2018 22:00:34, 11/21/2018 22:01:03 
E,296,4, R,8850,8879, 11/21/2018 22:01:04, 11/21/2018 22:01:33 
E,297,4, R,8880,8909, 11/21/2018 22:01:34, 11/21/2018 22:02:03 
E,298,U,U,8910,8939, 11/21/2018 22:02:04, 11/21/2018 22:02:33 
E,299,4, R,8940,8969, 11/21/2018 22:02:34, 11/21/2018 22:03:03 
E,300,4, R,8970,8999, 11/21/2018 22:03:04, 11/21/2018 22:03:33 
E,301,4, R,9000,9029, 11/21/2018 22:03:34, 11/21/2018 22:04:03 
E,302,4, R,9030,9059, 11/21/2018 22:04:04, 11/21/2018 22:04:33 
E,303,4, R,9060,9089, 11/21/2018 22:04:34, 11/21/2018 22:05:03 
E,304,4, R,9090,9119, 11/21/2018 22:05:04, 11/21/2018 22:05:33 
E,305,4, R,9120,9149, 11/21/2018 22:05:34, 11/21/2018 22:06:03 
E,306,4, R,9150,9179, 11/21/2018 22:06:04, 11/21/2018 22:06:33 
E,307,4, R,9180,9209, 11/21/2018 22:06:34, 11/21/2018 22:07:03 
E,308,4, R,9210,9239, 11/21/2018 22:07:04, 11/21/2018 22:07:33 
E,309,4, R,9240,9269, 11/21/2018 22:07:34, 11/21/2018 22:08:03 
E,310,4, R,9270,9299, 11/21/2018 22:08:04, 11/21/2018 22:08:33 
E,311,4, R,9300,9329, 11/21/2018 22:08:34, 11/21/2018 22:09:03 
E,312,4, R,9330,9359, 11/21/2018 22:09:04, 11/21/2018 22:09:33 
E,313,4, R,9360,9389, 11/21/2018 22:09:34, 11/21/2018 22:10:03 
E,314,4, R,9390,9419, 11/21/2018 22:10:04, 11/21/2018 22:10:33 
E,315,4, R,9420,9449, 11/21/2018 22:10:34, 11/21/2018 22:11:03 
E,316,4, R,9450,9479, 11/21/2018 22:11:04, 11/21/2018 22:11:33 
E,317,4, R,9480,9509, 11/21/2018 22:11:34, 11/21/2018 22:12:03 
E,318,4, R,9510,9539, 11/21/2018 22:12:04, 11/21/2018 22:12:33 
E,319,4, R,9540,9569, 11/21/2018 22:12:34, 11/21/2018 22:13:03 
E,320,4, R,9570,9599, 11/21/2018 22:13:04, 11/21/2018 22:13:33 
E,321,4, R,9600,9629, 11/21/2018 22:13:34, 11/21/2018 22:14:03 
E,322,4, R,9630,9659, 11/21/2018 22:14:04, 11/21/2018 22:14:33 
E,323,4, R,9660,9689, 11/21/2018 22:14:34, 11/21/2018 22:15:03 
E,324,4, R,9690,9719, 11/21/2018 22:15:04, 11/21/2018 22:15:33 
E,325,U,U,9720,9749, 11/21/2018 22:15:34, 11/21/2018 22:16:03 
E,326,4, R,9750,9779, 11/21/2018 22:16:04, 11/21/2018 22:16:33 
E,327,4, R,9780,9809, 11/21/2018 22:16:34, 11/21/2018 22:17:03 
E,328,4, R,9810,9839, 11/21/2018 22:17:04, 11/21/2018 22:17:33 
E,329,4, R,9840,9869, 11/21/2018 22:17:34, 11/21/2018 22:18:03 
E,330,4, R,9870,9899, 11/21/2018 22:18:04, 11/21/2018 22:18:33 
E,331,5, W,9900,9929, 11/21/2018 22:18:34, 11/21/2018 22:19:03 
E,332,1, N1,9930,9959, 11/21/2018 22:19:04, 11/21/2018 22:19:33 
E,333,1, N1,9960,9989, 11/21/2018 22:19:34, 11/21/2018 22:20:03 
E,334,2, N2,9990,10019, 11/21/2018 22:20:04, 11/21/2018 22:20:33 
E,335,2, N2,10020,10049, 11/21/2018 22:20:34, 11/21/2018 22:21:03 
E,336,2, N2,10050,10079, 11/21/2018 22:21:04, 11/21/2018 22:21:33 
E,337,2, N2,10080,10109, 11/21/2018 22:21:34, 11/21/2018 22:22:03 
E,338,2, N2,10110,10139, 11/21/2018 22:22:04, 11/21/2018 22:22:33 
E,339,2, N2,10140,10169, 11/21/2018 22:22:34, 11/21/2018 22:23:03 
E,340,2, N2,10170,10199, 11/21/2018 22:23:04, 11/21/2018 22:23:33 
E,341,2, N2,10200,10229, 11/21/2018 22:23:34, 11/21/2018 22:24:03 
E,342,2, N2,10230,10259, 11/21/2018 22:24:04, 11/21/2018 22:24:33 
E,343,2, N2,10260,10289, 11/21/2018 22:24:34, 11/21/2018 22:25:03 
E,344,2, N2,10290,10319, 11/21/2018 22:25:04, 11/21/2018 22:25:33 
E,345,2, N2,10320,10349, 11/21/2018 22:25:34, 11/21/2018 22:26:03 
E,346,2, N2,10350,10379, 11/21/2018 22:26:04, 11/21/2018 22:26:33 
E,347,2, N2,10380,10409, 11/21/2018 22:26:34, 11/21/2018 22:27:03 
E,348,2, N2,10410,10439, 11/21/2018 22:27:04, 11/21/2018 22:27:33 
E,349,2, N2,10440,10469, 11/21/2018 22:27:34, 11/21/2018 22:28:03 
E,350,2, N2,10470,10499, 11/21/2018 22:28:04, 11/21/2018 22:28:33 
E,351,2, N2,10500,10529, 11/21/2018 22:28:34, 11/21/2018 22:29:03 
E,352,2, N2,10530,10559, 11/21/2018 22:29:04, 11/21/2018 22:29:33 
E,353,2, N2,10560,10589, 11/21/2018 22:29:34, 11/21/2018 22:30:03 
E,354,2, N2,10590,10619, 11/21/2018 22:30:04, 11/21/2018 22:30:33 
E,355,2, N2,10620,10649, 11/21/2018 22:30:34, 11/21/2018 22:31:03 
E,356,2, N2,10650,10679, 11/21/2018 22:31:04, 11/21/2018 22:31:33 
E,357,2, N2,10680,10709, 11/21/2018 22:31:34, 11/21/2018 22:32:03 
E,358,U,U,10710,10739, 11/21/2018 22:32:04, 11/21/2018 22:32:33 
E,359,U,U,10740,10769, 11/21/2018 22:32:34, 11/21/2018 22:33:03 
E,360,U,U,10770,10799, 11/21/2018 22:33:04, 11/21/2018 22:33:33 
E,361,U,U,10800,10829, 11/21/2018 22:33:34, 11/21/2018 22:34:03 
E,362,3, N3,10830,10859, 11/21/2018 22:34:04, 11/21/2018 22:34:33 
E,363,U,U,10860,10889, 11/21/2018 22:34:34, 11/21/2018 22:35:03 
E,364,U,U,10890,10919, 11/21/2018 22:35:04, 11/21/2018 22:35:33 
E,365,U,U,10920,10949, 11/21/2018 22:35:34, 11/21/2018 22:36:03 
E,366,U,U,10950,10979, 11/21/2018 22:36:04, 11/21/2018 22:36:33 
E,367,U,U,10980,11009, 11/21/2018 22:36:34, 11/21/2018 22:37:03 
E,368,U,U,11010,11039, 11/21/2018 22:37:04, 11/21/2018 22:37:33 
E,369,U,U,11040,11069, 11/21/2018 22:37:34, 11/21/2018 22:38:03 
E,370,U,U,11070,11099, 11/21/2018 22:38:04, 11/21/2018 22:38:33 
E,371,3, N3,11100,11129, 11/21/2018 22:38:34, 11/21/2018 22:39:03 
E,372,3, N3,11130,11159, 11/21/2018 22:39:04, 11/21/2018 22:39:33 
E,373,3, N3,11160,11189, 11/21/2018 22:39:34, 11/21/2018 22:40:03 
E,374,3, N3,11190,11219, 11/21/2018 22:40:04, 11/21/2018 22:40:33 
E,375,3, N3,11220,11249, 11/21/2018 22:40:34, 11/21/2018 22:41:03 
E,376,3, N3,11250,11279, 11/21/2018 22:41:04, 11/21/2018 22:41:33 
E,377,3, N3,11280,11309, 11/21/2018 22:41:34, 11/21/2018 22:42:03 
E,378,3, N3,11310,11339, 11/21/2018 22:42:04, 11/21/2018 22:42:33 
E,379,3, N3,11340,11369, 11/21/2018 22:42:34, 11/21/2018 22:43:03 
E,380,3, N3,11370,11399, 11/21/2018 22:43:04, 11/21/2018 22:43:33 
E,381,3, N3,11400,11429, 11/21/2018 22:43:34, 11/21/2018 22:44:03 
E,382,3, N3,11430,11459, 11/21/2018 22:44:04, 11/21/2018 22:44:33 
E,383,3, N3,11460,11489, 11/21/2018 22:44:34, 11/21/2018 22:45:03 
E,384,3, N3,11490,11519, 11/21/2018 22:45:04, 11/21/2018 22:45:33 
E,385,3, N3,11520,11549, 11/21/2018 22:45:34, 11/21/2018 22:46:03 
E,386,3, N3,11550,11579, 11/21/2018 22:46:04, 11/21/2018 22:46:33 
E,387,3, N3,11580,11609, 11/21/2018 22:46:34, 11/21/2018 22:47:03 
E,388,3, N3,11610,11639, 11/21/2018 22:47:04, 11/21/2018 22:47:33 
E,389,U,U,11640,11669, 11/21/2018 22:47:34, 11/21/2018 22:48:03 
E,390,3, N3,11670,11699, 11/21/2018 22:48:04, 11/21/2018 22:48:33 
E,391,3, N3,11700,11729, 11/21/2018 22:48:34, 11/21/2018 22:49:03 
E,392,3, N3,11730,11759, 11/21/2018 22:49:04, 11/21/2018 22:49:33 
E,393,3, N3,11760,11789, 11/21/2018 22:49:34, 11/21/2018 22:50:03 
E,394,3, N3,11790,11819, 11/21/2018 22:50:04, 11/21/2018 22:50:33 
E,395,3, N3,11820,11849, 11/21/2018 22:50:34, 11/21/2018 22:51:03 
E,396,3, N3,11850,11879, 11/21/2018 22:51:04, 11/21/2018 22:51:33 
E,397,3, N3,11880,11909, 11/21/2018 22:51:34, 11/21/2018 22:52:03 
E,398,3, N3,11910,11939, 11/21/2018 22:52:04, 11/21/2018 22:52:33 
E,399,3, N3,11940,11969, 11/21/2018 22:52:34, 11/21/2018 22:53:03 
E,400,3, N3,11970,11999, 11/21/2018 22:53:04, 11/21/2018 22:53:33 
E,401,3, N3,12000,12029, 11/21/2018 22:53:34, 11/21/2018 22:54:03 
E,402,3, N3,12030,12059, 11/21/2018 22:54:04, 11/21/2018 22:54:33 
E,403,3, N3,12060,12089, 11/21/2018 22:54:34, 11/21/2018 22:55:03 
E,404,3, N3,12090,12119, 11/21/2018 22:55:04, 11/21/2018 22:55:33 
E,405,3, N3,12120,12149, 11/21/2018 22:55:34, 11/21/2018 22:56:03 
E,406,3, N3,12150,12179, 11/21/2018 22:56:04, 11/21/2018 22:56:33 
E,407,3, N3,12180,12209, 11/21/2018 22:56:34, 11/21/2018 22:57:03 
E,408,3, N3,12210,12239, 11/21/2018 22:57:04, 11/21/2018 22:57:33 
E,409,U,U,12240,12269, 11/21/2018 22:57:34, 11/21/2018 22:58:03 
E,410,3, N3,12270,12299, 11/21/2018 22:58:04, 11/21/2018 22:58:33 
E,411,3, N3,12300,12329, 11/21/2018 22:58:34, 11/21/2018 22:59:03 
E,412,3, N3,12330,12359, 11/21/2018 22:59:04, 11/21/2018 22:59:33 
E,413,3, N3,12360,12389, 11/21/2018 22:59:34, 11/21/2018 23:00:03 
E,414,3, N3,12390,12419, 11/21/2018 23:00:04, 11/21/2018 23:00:33 
E,415,3, N3,12420,12449, 11/21/2018 23:00:34, 11/21/2018 23:01:03 
E,416,3, N3,12450,12479, 11/21/2018 23:01:04, 11/21/2018 23:01:33 
E,417,3, N3,12480,12509, 11/21/2018 23:01:34, 11/21/2018 23:02:03 
E,418,3, N3,12510,12539, 11/21/2018 23:02:04, 11/21/2018 23:02:33 
E,419,3, N3,12540,12569, 11/21/2018 23:02:34, 11/21/2018 23:03:03 
E,420,3, N3,12570,12599, 11/21/2018 23:03:04, 11/21/2018 23:03:33 
E,421,U,U,12600,12629, 11/21/2018 23:03:34, 11/21/2018 23:04:03 
E,422,3, N3,12630,12659, 11/21/2018 23:04:04, 11/21/2018 23:04:33 
E,423,3, N3,12660,12689, 11/21/2018 23:04:34, 11/21/2018 23:05:03 
E,424,3, N3,12690,12719, 11/21/2018 23:05:04, 11/21/2018 23:05:33 
E,425,3, N3,12720,12749, 11/21/2018 23:05:34, 11/21/2018 23:06:03 
E,426,3, N3,12750,12779, 11/21/2018 23:06:04, 11/21/2018 23:06:33 
E,427,3, N3,12780,12809, 11/21/2018 23:06:34, 11/21/2018 23:07:03 
E,428,3, N3,12810,12839, 11/21/2018 23:07:04, 11/21/2018 23:07:33 
E,429,3, N3,12840,12869, 11/21/2018 23:07:34, 11/21/2018 23:08:03 
E,430,3, N3,12870,12899, 11/21/2018 23:08:04, 11/21/2018 23:08:33 
E,431,3, N3,12900,12929, 11/21/2018 23:08:34, 11/21/2018 23:09:03 
E,432,3, N3,12930,12959, 11/21/2018 23:09:04, 11/21/2018 23:09:33 
E,433,3, N3,12960,12989, 11/21/2018 23:09:34, 11/21/2018 23:10:03 
E,434,5, W,12990,13019, 11/21/2018 23:10:04, 11/21/2018 23:10:33 
E,435,5, W,13020,13049, 11/21/2018 23:10:34, 11/21/2018 23:11:03 
E,436,U,U,13050,13079, 11/21/2018 23:11:04, 11/21/2018 23:11:33 
E,437,5, W,13080,13109, 11/21/2018 23:11:34, 11/21/2018 23:12:03 
E,438,2, N2,13110,13139, 11/21/2018 23:12:04, 11/21/2018 23:12:33 
E,439,2, N2,13140,13169, 11/21/2018 23:12:34, 11/21/2018 23:13:03 
E,440,2, N2,13170,13199, 11/21/2018 23:13:04, 11/21/2018 23:13:33 
E,441,2, N2,13200,13229, 11/21/2018 23:13:34, 11/21/2018 23:14:03 
E,442,2, N2,13230,13259, 11/21/2018 23:14:04, 11/21/2018 23:14:33 
E,443,2, N2,13260,13289, 11/21/2018 23:14:34, 11/21/2018 23:15:03 
E,444,2, N2,13290,13319, 11/21/2018 23:15:04, 11/21/2018 23:15:33 
E,445,2, N2,13320,13349, 11/21/2018 23:15:34, 11/21/2018 23:16:03 
E,446,2, N2,13350,13379, 11/21/2018 23:16:04, 11/21/2018 23:16:33 
E,447,U,U,13380,13409, 11/21/2018 23:16:34, 11/21/2018 23:17:03 
E,448,3, N3,13410,13439, 11/21/2018 23:17:04, 11/21/2018 23:17:33 
E,449,U,U,13440,13469, 11/21/2018 23:17:34, 11/21/2018 23:18:03 
E,450,U,U,13470,13499, 11/21/2018 23:18:04, 11/21/2018 23:18:33 
E,451,U,U,13500,13529, 11/21/2018 23:18:34, 11/21/2018 23:19:03 
E,452,U,U,13530,13559, 11/21/2018 23:19:04, 11/21/2018 23:19:33 
E,453,U,U,13560,13589, 11/21/2018 23:19:34, 11/21/2018 23:20:03 
E,454,U,U,13590,13619, 11/21/2018 23:20:04, 11/21/2018 23:20:33 
E,455,U,U,13620,13649, 11/21/2018 23:20:34, 11/21/2018 23:21:03 
E,456,U,U,13650,13679, 11/21/2018 23:21:04, 11/21/2018 23:21:33 
E,457,U,U,13680,13709, 11/21/2018 23:21:34, 11/21/2018 23:22:03 
E,458,U,U,13710,13739, 11/21/2018 23:22:04, 11/21/2018 23:22:33 
E,459,U,U,13740,13769, 11/21/2018 23:22:34, 11/21/2018 23:23:03 
E,460,U,U,13770,13799, 11/21/2018 23:23:04, 11/21/2018 23:23:33 
E,461,U,U,13800,13829, 11/21/2018 23:23:34, 11/21/2018 23:24:03 
E,462,U,U,13830,13859, 11/21/2018 23:24:04, 11/21/2018 23:24:33 
E,463,U,U,13860,13889, 11/21/2018 23:24:34, 11/21/2018 23:25:03 
E,464,U,U,13890,13919, 11/21/2018 23:25:04, 11/21/2018 23:25:33 
E,465,U,U,13920,13949, 11/21/2018 23:25:34, 11/21/2018 23:26:03 
E,466,U,U,13950,13979, 11/21/2018 23:26:04, 11/21/2018 23:26:33 
E,467,U,U,13980,14009, 11/21/2018 23:26:34, 11/21/2018 23:27:03 
E,468,U,U,14010,14039, 11/21/2018 23:27:04, 11/21/2018 23:27:33 
E,469,U,U,14040,14069, 11/21/2018 23:27:34, 11/21/2018 23:28:03 
E,470,U,U,14070,14099, 11/21/2018 23:28:04, 11/21/2018 23:28:33 
E,471,U,U,14100,14129, 11/21/2018 23:28:34, 11/21/2018 23:29:03 
E,472,U,U,14130,14159, 11/21/2018 23:29:04, 11/21/2018 23:29:33 
E,473,U,U,14160,14189, 11/21/2018 23:29:34, 11/21/2018 23:30:03 
E,474,U,U,14190,14219, 11/21/2018 23:30:04, 11/21/2018 23:30:33 
E,475,U,U,14220,14249, 11/21/2018 23:30:34, 11/21/2018 23:31:03 
E,476,U,U,14250,14279, 11/21/2018 23:31:04, 11/21/2018 23:31:33 
E,477,2, N2,14280,14309, 11/21/2018 23:31:34, 11/21/2018 23:32:03 
E,478,2, N2,14310,14339, 11/21/2018 23:32:04, 11/21/2018 23:32:33 
E,479,2, N2,14340,14369, 11/21/2018 23:32:34, 11/21/2018 23:33:03 
E,480,2, N2,14370,14399, 11/21/2018 23:33:04, 11/21/2018 23:33:33 
E,481,2, N2,14400,14429, 11/21/2018 23:33:34, 11/21/2018 23:34:03 
E,482,2, N2,14430,14459, 11/21/2018 23:34:04, 11/21/2018 23:34:33 
E,483,2, N2,14460,14489, 11/21/2018 23:34:34, 11/21/2018 23:35:03 
E,484,2, N2,14490,14519, 11/21/2018 23:35:04, 11/21/2018 23:35:33 
E,485,2, N2,14520,14549, 11/21/2018 23:35:34, 11/21/2018 23:36:03 
E,486,2, N2,14550,14579, 11/21/2018 23:36:04, 11/21/2018 23:36:33 
E,487,2, N2,14580,14609, 11/21/2018 23:36:34, 11/21/2018 23:37:03 
E,488,2, N2,14610,14639, 11/21/2018 23:37:04, 11/21/2018 23:37:33 
E,489,2, N2,14640,14669, 11/21/2018 23:37:34, 11/21/2018 23:38:03 
E,490,2, N2,14670,14699, 11/21/2018 23:38:04, 11/21/2018 23:38:33 
E,491,2, N2,14700,14729, 11/21/2018 23:38:34, 11/21/2018 23:39:03 
E,492,2, N2,14730,14759, 11/21/2018 23:39:04, 11/21/2018 23:39:33 
E,493,2, N2,14760,14789, 11/21/2018 23:39:34, 11/21/2018 23:40:03 
E,494,2, N2,14790,14819, 11/21/2018 23:40:04, 11/21/2018 23:40:33 
E,495,2, N2,14820,14849, 11/21/2018 23:40:34, 11/21/2018 23:41:03 
E,496,2, N2,14850,14879, 11/21/2018 23:41:04, 11/21/2018 23:41:33 
E,497,2, N2,14880,14909, 11/21/2018 23:41:34, 11/21/2018 23:42:03 
E,498,2, N2,14910,14939, 11/21/2018 23:42:04, 11/21/2018 23:42:33 
E,499,5, W,14940,14969, 11/21/2018 23:42:34, 11/21/2018 23:43:03 
E,500,5, W,14970,14999, 11/21/2018 23:43:04, 11/21/2018 23:43:33 
E,501,U,U,15000,15029, 11/21/2018 23:43:34, 11/21/2018 23:44:03 
E,502,2, N2,15030,15059, 11/21/2018 23:44:04, 11/21/2018 23:44:33 
E,503,2, N2,15060,15089, 11/21/2018 23:44:34, 11/21/2018 23:45:03 
E,504,2, N2,15090,15119, 11/21/2018 23:45:04, 11/21/2018 23:45:33 
E,505,2, N2,15120,15149, 11/21/2018 23:45:34, 11/21/2018 23:46:03 
E,506,2, N2,15150,15179, 11/21/2018 23:46:04, 11/21/2018 23:46:33 
E,507,2, N2,15180,15209, 11/21/2018 23:46:34, 11/21/2018 23:47:03 
E,508,2, N2,15210,15239, 11/21/2018 23:47:04, 11/21/2018 23:47:33 
E,509,2, N2,15240,15269, 11/21/2018 23:47:34, 11/21/2018 23:48:03 
E,510,2, N2,15270,15299, 11/21/2018 23:48:04, 11/21/2018 23:48:33 
E,511,2, N2,15300,15329, 11/21/2018 23:48:34, 11/21/2018 23:49:03 
E,512,5, W,15330,15359, 11/21/2018 23:49:04, 11/21/2018 23:49:33 
E,513,5, W,15360,15389, 11/21/2018 23:49:34, 11/21/2018 23:50:03 
E,514,U,U,15390,15419, 11/21/2018 23:50:04, 11/21/2018 23:50:33 
E,515,U,U,15420,15449, 11/21/2018 23:50:34, 11/21/2018 23:51:03 
E,516,5, W,15450,15479, 11/21/2018 23:51:04, 11/21/2018 23:51:33 
E,517,2, N2,15480,15509, 11/21/2018 23:51:34, 11/21/2018 23:52:03 
E,518,2, N2,15510,15539, 11/21/2018 23:52:04, 11/21/2018 23:52:33 
E,519,2, N2,15540,15569, 11/21/2018 23:52:34, 11/21/2018 23:53:03 
E,520,2, N2,15570,15599, 11/21/2018 23:53:04, 11/21/2018 23:53:33 
E,521,2, N2,15600,15629, 11/21/2018 23:53:34, 11/21/2018 23:54:03 
E,522,2, N2,15630,15659, 11/21/2018 23:54:04, 11/21/2018 23:54:33 
E,523,2, N2,15660,15689, 11/21/2018 23:54:34, 11/21/2018 23:55:03 
E,524,2, N2,15690,15719, 11/21/2018 23:55:04, 11/21/2018 23:55:33 
E,525,2, N2,15720,15749, 11/21/2018 23:55:34, 11/21/2018 23:56:03 
E,526,2, N2,15750,15779, 11/21/2018 23:56:04, 11/21/2018 23:56:33 
E,527,2, N2,15780,15809, 11/21/2018 23:56:34, 11/21/2018 23:57:03 
E,528,2, N2,15810,15839, 11/21/2018 23:57:04, 11/21/2018 23:57:33 
E,529,2, N2,15840,15869, 11/21/2018 23:57:34, 11/21/2018 23:58:03 
E,530,2, N2,15870,15899, 11/21/2018 23:58:04, 11/21/2018 23:58:33 
E,531,2, N2,15900,15929, 11/21/2018 23:58:34, 11/21/2018 23:59:03 
E,532,2, N2,15930,15959, 11/21/2018 23:59:04, 11/21/2018 23:59:33 
E,533,2, N2,15960,15989, 11/21/2018 23:59:34, 11/22/2018 00:00:03 
E,534,2, N2,15990,16019, 11/22/2018 00:00:04, 11/22/2018 00:00:33 
E,535,2, N2,16020,16049, 11/22/2018 00:00:34, 11/22/2018 00:01:03 
E,536,2, N2,16050,16079, 11/22/2018 00:01:04, 11/22/2018 00:01:33 
E,537,2, N2,16080,16109, 11/22/2018 00:01:34, 11/22/2018 00:02:03 
E,538,5, W,16110,16139, 11/22/2018 00:02:04, 11/22/2018 00:02:33 
E,539,5, W,16140,16169, 11/22/2018 00:02:34, 11/22/2018 00:03:03 
E,540,2, N2,16170,16199, 11/22/2018 00:03:04, 11/22/2018 00:03:33 
E,541,2, N2,16200,16229, 11/22/2018 00:03:34, 11/22/2018 00:04:03 
E,542,2, N2,16230,16259, 11/22/2018 00:04:04, 11/22/2018 00:04:33 
E,543,2, N2,16260,16289, 11/22/2018 00:04:34, 11/22/2018 00:05:03 
E,544,5, W,16290,16319, 11/22/2018 00:05:04, 11/22/2018 00:05:33 
E,545,2, N2,16320,16349, 11/22/2018 00:05:34, 11/22/2018 00:06:03 
E,546,2, N2,16350,16379, 11/22/2018 00:06:04, 11/22/2018 00:06:33 
E,547,2, N2,16380,16409, 11/22/2018 00:06:34, 11/22/2018 00:07:03 
E,548,2, N2,16410,16439, 11/22/2018 00:07:04, 11/22/2018 00:07:33 
E,549,2, N2,16440,16469, 11/22/2018 00:07:34, 11/22/2018 00:08:03 
E,550,5, W,16470,16499, 11/22/2018 00:08:04, 11/22/2018 00:08:33 
E,551,5, W,16500,16529, 11/22/2018 00:08:34, 11/22/2018 00:09:03 
E,552,2, N2,16530,16559, 11/22/2018 00:09:04, 11/22/2018 00:09:33 
E,553,2, N2,16560,16589, 11/22/2018 00:09:34, 11/22/2018 00:10:03 
E,554,2, N2,16590,16619, 11/22/2018 00:10:04, 11/22/2018 00:10:33 
E,555,2, N2,16620,16649, 11/22/2018 00:10:34, 11/22/2018 00:11:03 
E,556,2, N2,16650,16679, 11/22/2018 00:11:04, 11/22/2018 00:11:33 
E,557,2, N2,16680,16709, 11/22/2018 00:11:34, 11/22/2018 00:12:03 
E,558,2, N2,16710,16739, 11/22/2018 00:12:04, 11/22/2018 00:12:33 
E,559,5, W,16740,16769, 11/22/2018 00:12:34, 11/22/2018 00:13:03 
E,560,U,U,16770,16799, 11/22/2018 00:13:04, 11/22/2018 00:13:33 
E,561,2, N2,16800,16829, 11/22/2018 00:13:34, 11/22/2018 00:14:03 
E,562,2, N2,16830,16859, 11/22/2018 00:14:04, 11/22/2018 00:14:33 
E,563,2, N2,16860,16889, 11/22/2018 00:14:34, 11/22/2018 00:15:03 
E,564,2, N2,16890,16919, 11/22/2018 00:15:04, 11/22/2018 00:15:33 
E,565,2, N2,16920,16949, 11/22/2018 00:15:34, 11/22/2018 00:16:03 
E,566,2, N2,16950,16979, 11/22/2018 00:16:04, 11/22/2018 00:16:33 
E,567,2, N2,16980,17009, 11/22/2018 00:16:34, 11/22/2018 00:17:03 
E,568,2, N2,17010,17039, 11/22/2018 00:17:04, 11/22/2018 00:17:33 
E,569,2, N2,17040,17069, 11/22/2018 00:17:34, 11/22/2018 00:18:03 
E,570,2, N2,17070,17099, 11/22/2018 00:18:04, 11/22/2018 00:18:33 
E,571,2, N2,17100,17129, 11/22/2018 00:18:34, 11/22/2018 00:19:03 
E,572,2, N2,17130,17159, 11/22/2018 00:19:04, 11/22/2018 00:19:33 
E,573,2, N2,17160,17189, 11/22/2018 00:19:34, 11/22/2018 00:20:03 
E,574,2, N2,17190,17219, 11/22/2018 00:20:04, 11/22/2018 00:20:33 
E,575,2, N2,17220,17249, 11/22/2018 00:20:34, 11/22/2018 00:21:03 
E,576,2, N2,17250,17279, 11/22/2018 00:21:04, 11/22/2018 00:21:33 
E,577,5, W,17280,17309, 11/22/2018 00:21:34, 11/22/2018 00:22:03 
E,578,5, W,17310,17339, 11/22/2018 00:22:04, 11/22/2018 00:22:33 
E,579,5, W,17340,17369, 11/22/2018 00:22:34, 11/22/2018 00:23:03 
E,580,2, N2,17370,17399, 11/22/2018 00:23:04, 11/22/2018 00:23:33 
E,581,2, N2,17400,17429, 11/22/2018 00:23:34, 11/22/2018 00:24:03 
E,582,2, N2,17430,17459, 11/22/2018 00:24:04, 11/22/2018 00:24:33 
E,583,2, N2,17460,17489, 11/22/2018 00:24:34, 11/22/2018 00:25:03 
E,584,U,U,17490,17519, 11/22/2018 00:25:04, 11/22/2018 00:25:33 
E,585,2, N2,17520,17549, 11/22/2018 00:25:34, 11/22/2018 00:26:03 
E,586,2, N2,17550,17579, 11/22/2018 00:26:04, 11/22/2018 00:26:33 
E,587,U,U,17580,17609, 11/22/2018 00:26:34, 11/22/2018 00:27:03 
E,588,4, R,17610,17639, 11/22/2018 00:27:04, 11/22/2018 00:27:33 
E,589,4, R,17640,17669, 11/22/2018 00:27:34, 11/22/2018 00:28:03 
E,590,4, R,17670,17699, 11/22/2018 00:28:04, 11/22/2018 00:28:33 
E,591,4, R,17700,17729, 11/22/2018 00:28:34, 11/22/2018 00:29:03 
E,592,4, R,17730,17759, 11/22/2018 00:29:04, 11/22/2018 00:29:33 
E,593,4, R,17760,17789, 11/22/2018 00:29:34, 11/22/2018 00:30:03 
E,594,4, R,17790,17819, 11/22/2018 00:30:04, 11/22/2018 00:30:33 
E,595,4, R,17820,17849, 11/22/2018 00:30:34, 11/22/2018 00:31:03 
E,596,4, R,17850,17879, 11/22/2018 00:31:04, 11/22/2018 00:31:33 
E,597,4, R,17880,17909, 11/22/2018 00:31:34, 11/22/2018 00:32:03 
E,598,4, R,17910,17939, 11/22/2018 00:32:04, 11/22/2018 00:32:33 
E,599,4, R,17940,17969, 11/22/2018 00:32:34, 11/22/2018 00:33:03 
E,600,4, R,17970,17999, 11/22/2018 00:33:04, 11/22/2018 00:33:33 
E,601,4, R,18000,18029, 11/22/2018 00:33:34, 11/22/2018 00:34:03 
E,602,4, R,18030,18059, 11/22/2018 00:34:04, 11/22/2018 00:34:33 
E,603,4, R,18060,18089, 11/22/2018 00:34:34, 11/22/2018 00:35:03 
E,604,4, R,18090,18119, 11/22/2018 00:35:04, 11/22/2018 00:35:33 
E,605,4, R,18120,18149, 11/22/2018 00:35:34, 11/22/2018 00:36:03 
E,606,4, R,18150,18179, 11/22/2018 00:36:04, 11/22/2018 00:36:33 
E,607,4, R,18180,18209, 11/22/2018 00:36:34, 11/22/2018 00:37:03 
E,608,4, R,18210,18239, 11/22/2018 00:37:04, 11/22/2018 00:37:33 
E,609,4, R,18240,18269, 11/22/2018 00:37:34, 11/22/2018 00:38:03 
E,610,4, R,18270,18299, 11/22/2018 00:38:04, 11/22/2018 00:38:33 
E,611,4, R,18300,18329, 11/22/2018 00:38:34, 11/22/2018 00:39:03 
E,612,4, R,18330,18359, 11/22/2018 00:39:04, 11/22/2018 00:39:33 
E,613,4, R,18360,18389, 11/22/2018 00:39:34, 11/22/2018 00:40:03 
E,614,4, R,18390,18419, 11/22/2018 00:40:04, 11/22/2018 00:40:33 
E,615,4, R,18420,18449, 11/22/2018 00:40:34, 11/22/2018 00:41:03 
E,616,4, R,18450,18479, 11/22/2018 00:41:04, 11/22/2018 00:41:33 
E,617,4, R,18480,18509, 11/22/2018 00:41:34, 11/22/2018 00:42:03 
E,618,4, R,18510,18539, 11/22/2018 00:42:04, 11/22/2018 00:42:33 
E,619,4, R,18540,18569, 11/22/2018 00:42:34, 11/22/2018 00:43:03 
E,620,4, R,18570,18599, 11/22/2018 00:43:04, 11/22/2018 00:43:33 
E,621,4, R,18600,18629, 11/22/2018 00:43:34, 11/22/2018 00:44:03 
E,622,4, R,18630,18659, 11/22/2018 00:44:04, 11/22/2018 00:44:33 
E,623,4, R,18660,18689, 11/22/2018 00:44:34, 11/22/2018 00:45:03 
E,624,4, R,18690,18719, 11/22/2018 00:45:04, 11/22/2018 00:45:33 
E,625,4, R,18720,18749, 11/22/2018 00:45:34, 11/22/2018 00:46:03 
E,626,4, R,18750,18779, 11/22/2018 00:46:04, 11/22/2018 00:46:33 
E,627,4, R,18780,18809, 11/22/2018 00:46:34, 11/22/2018 00:47:03 
E,628,4, R,18810,18839, 11/22/2018 00:47:04, 11/22/2018 00:47:33 
E,629,4, R,18840,18869, 11/22/2018 00:47:34, 11/22/2018 00:48:03 
E,630,4, R,18870,18899, 11/22/2018 00:48:04, 11/22/2018 00:48:33 
E,631,4, R,18900,18929, 11/22/2018 00:48:34, 11/22/2018 00:49:03 
E,632,4, R,18930,18959, 11/22/2018 00:49:04, 11/22/2018 00:49:33 
E,633,4, R,18960,18989, 11/22/2018 00:49:34, 11/22/2018 00:50:03 
E,634,4, R,18990,19019, 11/22/2018 00:50:04, 11/22/2018 00:50:33 
E,635,5, W,19020,19049, 11/22/2018 00:50:34, 11/22/2018 00:51:03 
E,636,5, W,19050,19079, 11/22/2018 00:51:04, 11/22/2018 00:51:33 
E,637,1, N1,19080,19109, 11/22/2018 00:51:34, 11/22/2018 00:52:03 
E,638,2, N2,19110,19139, 11/22/2018 00:52:04, 11/22/2018 00:52:33 
E,639,2, N2,19140,19169, 11/22/2018 00:52:34, 11/22/2018 00:53:03 
E,640,2, N2,19170,19199, 11/22/2018 00:53:04, 11/22/2018 00:53:33 
E,641,2, N2,19200,19229, 11/22/2018 00:53:34, 11/22/2018 00:54:03 
E,642,2, N2,19230,19259, 11/22/2018 00:54:04, 11/22/2018 00:54:33 
E,643,2, N2,19260,19289, 11/22/2018 00:54:34, 11/22/2018 00:55:03 
E,644,2, N2,19290,19319, 11/22/2018 00:55:04, 11/22/2018 00:55:33 
E,645,2, N2,19320,19349, 11/22/2018 00:55:34, 11/22/2018 00:56:03 
E,646,2, N2,19350,19379, 11/22/2018 00:56:04, 11/22/2018 00:56:33 
E,647,2, N2,19380,19409, 11/22/2018 00:56:34, 11/22/2018 00:57:03 
E,648,2, N2,19410,19439, 11/22/2018 00:57:04, 11/22/2018 00:57:33 
E,649,2, N2,19440,19469, 11/22/2018 00:57:34, 11/22/2018 00:58:03 
E,650,2, N2,19470,19499, 11/22/2018 00:58:04, 11/22/2018 00:58:33 
E,651,5, W,19500,19529, 11/22/2018 00:58:34, 11/22/2018 00:59:03 
E,652,U,U,19530,19559, 11/22/2018 00:59:04, 11/22/2018 00:59:33 
E,653,2, N2,19560,19589, 11/22/2018 00:59:34, 11/22/2018 01:00:03 
E,654,2, N2,19590,19619, 11/22/2018 01:00:04, 11/22/2018 01:00:33 
E,655,2, N2,19620,19649, 11/22/2018 01:00:34, 11/22/2018 01:01:03 
E,656,2, N2,19650,19679, 11/22/2018 01:01:04, 11/22/2018 01:01:33 
E,657,2, N2,19680,19709, 11/22/2018 01:01:34, 11/22/2018 01:02:03 
E,658,2, N2,19710,19739, 11/22/2018 01:02:04, 11/22/2018 01:02:33 
E,659,2, N2,19740,19769, 11/22/2018 01:02:34, 11/22/2018 01:03:03 
E,660,U,U,19770,19799, 11/22/2018 01:03:04, 11/22/2018 01:03:33 
E,661,U,U,19800,19829, 11/22/2018 01:03:34, 11/22/2018 01:04:03 
E,662,U,U,19830,19859, 11/22/2018 01:04:04, 11/22/2018 01:04:33 
E,663,U,U,19860,19889, 11/22/2018 01:04:34, 11/22/2018 01:05:03 
E,664,U,U,19890,19919, 11/22/2018 01:05:04, 11/22/2018 01:05:33 
E,665,U,U,19920,19949, 11/22/2018 01:05:34, 11/22/2018 01:06:03 
E,666,U,U,19950,19979, 11/22/2018 01:06:04, 11/22/2018 01:06:33 
E,667,U,U,19980,20009, 11/22/2018 01:06:34, 11/22/2018 01:07:03 
E,668,U,U,20010,20039, 11/22/2018 01:07:04, 11/22/2018 01:07:33 
E,669,U,U,20040,20069, 11/22/2018 01:07:34, 11/22/2018 01:08:03 
E,670,U,U,20070,20099, 11/22/2018 01:08:04, 11/22/2018 01:08:33 
E,671,U,U,20100,20129, 11/22/2018 01:08:34, 11/22/2018 01:09:03 
E,672,U,U,20130,20159, 11/22/2018 01:09:04, 11/22/2018 01:09:33 
E,673,U,U,20160,20189, 11/22/2018 01:09:34, 11/22/2018 01:10:03 
E,674,U,U,20190,20219, 11/22/2018 01:10:04, 11/22/2018 01:10:33 
E,675,5, W,20220,20249, 11/22/2018 01:10:34, 11/22/2018 01:11:03 
E,676,5, W,20250,20279, 11/22/2018 01:11:04, 11/22/2018 01:11:33 
E,677,5, W,20280,20309, 11/22/2018 01:11:34, 11/22/2018 01:12:03 
E,678,U,U,20310,20339, 11/22/2018 01:12:04, 11/22/2018 01:12:33 
E,679,U,U,20340,20369, 11/22/2018 01:12:34, 11/22/2018 01:13:03 
E,680,5, W,20370,20399, 11/22/2018 01:13:04, 11/22/2018 01:13:33 
E,681,5, W,20400,20429, 11/22/2018 01:13:34, 11/22/2018 01:14:03 
E,682,U,U,20430,20459, 11/22/2018 01:14:04, 11/22/2018 01:14:33 
E,683,U,U,20460,20489, 11/22/2018 01:14:34, 11/22/2018 01:15:03 
E,684,U,U,20490,20519, 11/22/2018 01:15:04, 11/22/2018 01:15:33 
E,685,U,U,20520,20549, 11/22/2018 01:15:34, 11/22/2018 01:16:03 
E,686,U,U,20550,20579, 11/22/2018 01:16:04, 11/22/2018 01:16:33 
E,687,U,U,20580,20609, 11/22/2018 01:16:34, 11/22/2018 01:17:03 
E,688,U,U,20610,20639, 11/22/2018 01:17:04, 11/22/2018 01:17:33 
E,689,U,U,20640,20669, 11/22/2018 01:17:34, 11/22/2018 01:18:03 
E,690,U,U,20670,20699, 11/22/2018 01:18:04, 11/22/2018 01:18:33 
E,691,U,U,20700,20729, 11/22/2018 01:18:34, 11/22/2018 01:19:03 
E,692,U,U,20730,20759, 11/22/2018 01:19:04, 11/22/2018 01:19:33 
E,693,U,U,20760,20789, 11/22/2018 01:19:34, 11/22/2018 01:20:03 
E,694,U,U,20790,20819, 11/22/2018 01:20:04, 11/22/2018 01:20:33 
E,695,5, W,20820,20849, 11/22/2018 01:20:34, 11/22/2018 01:21:03 
E,696,5, W,20850,20879, 11/22/2018 01:21:04, 11/22/2018 01:21:33 
E,697,5, W,20880,20909, 11/22/2018 01:21:34, 11/22/2018 01:22:03 
E,698,5, W,20910,20939, 11/22/2018 01:22:04, 11/22/2018 01:22:33 
E,699,5, W,20940,20969, 11/22/2018 01:22:34, 11/22/2018 01:23:03 
E,700,5, W,20970,20999, 11/22/2018 01:23:04, 11/22/2018 01:23:33 
E,701,5, W,21000,21029, 11/22/2018 01:23:34, 11/22/2018 01:24:03 
E,702,5, W,21030,21059, 11/22/2018 01:24:04, 11/22/2018 01:24:33 
E,703,5, W,21060,21089, 11/22/2018 01:24:34, 11/22/2018 01:25:03 
LOUT,1,,,,,,
LON,702,,,,,,
