E,1,U,U,0,29, 29-11-2018 21:58:36, 29-11-2018 21:59:05 
E,2,U,U,30,59, 29-11-2018 21:59:06, 29-11-2018 21:59:35 
E,3,U,U,60,89, 29-11-2018 21:59:36, 29-11-2018 22:00:05 
E,4,U,U,90,119, 29-11-2018 22:00:06, 29-11-2018 22:00:35 
E,5,U,U,120,149, 29-11-2018 22:00:36, 29-11-2018 22:01:05 
E,6,5, W,150,179, 29-11-2018 22:01:06, 29-11-2018 22:01:35 
E,7,5, W,180,209, 29-11-2018 22:01:36, 29-11-2018 22:02:05 
E,8,5, W,210,239, 29-11-2018 22:02:06, 29-11-2018 22:02:35 
E,9,5, W,240,269, 29-11-2018 22:02:36, 29-11-2018 22:03:05 
E,10,5, W,270,299, 29-11-2018 22:03:06, 29-11-2018 22:03:35 
E,11,5, W,300,329, 29-11-2018 22:03:36, 29-11-2018 22:04:05 
E,12,5, W,330,359, 29-11-2018 22:04:06, 29-11-2018 22:04:35 
E,13,5, W,360,389, 29-11-2018 22:04:36, 29-11-2018 22:05:05 
E,14,5, W,390,419, 29-11-2018 22:05:06, 29-11-2018 22:05:35 
E,15,5, W,420,449, 29-11-2018 22:05:36, 29-11-2018 22:06:05 
E,16,5, W,450,479, 29-11-2018 22:06:06, 29-11-2018 22:06:35 
E,17,5, W,480,509, 29-11-2018 22:06:36, 29-11-2018 22:07:05 
E,18,5, W,510,539, 29-11-2018 22:07:06, 29-11-2018 22:07:35 
E,19,5, W,540,569, 29-11-2018 22:07:36, 29-11-2018 22:08:05 
E,20,5, W,570,599, 29-11-2018 22:08:06, 29-11-2018 22:08:35 
E,21,5, W,600,629, 29-11-2018 22:08:36, 29-11-2018 22:09:05 
E,22,5, W,630,659, 29-11-2018 22:09:06, 29-11-2018 22:09:35 
E,23,5, W,660,689, 29-11-2018 22:09:36, 29-11-2018 22:10:05 
E,24,5, W,690,719, 29-11-2018 22:10:06, 29-11-2018 22:10:35 
E,25,5, W,720,749, 29-11-2018 22:10:36, 29-11-2018 22:11:05 
E,26,5, W,750,779, 29-11-2018 22:11:06, 29-11-2018 22:11:35 
E,27,5, W,780,809, 29-11-2018 22:11:36, 29-11-2018 22:12:05 
E,28,5, W,810,839, 29-11-2018 22:12:06, 29-11-2018 22:12:35 
E,29,5, W,840,869, 29-11-2018 22:12:36, 29-11-2018 22:13:05 
E,30,5, W,870,899, 29-11-2018 22:13:06, 29-11-2018 22:13:35 
E,31,5, W,900,929, 29-11-2018 22:13:36, 29-11-2018 22:14:05 
E,32,5, W,930,959, 29-11-2018 22:14:06, 29-11-2018 22:14:35 
E,33,5, W,960,989, 29-11-2018 22:14:36, 29-11-2018 22:15:05 
E,34,5, W,990,1019, 29-11-2018 22:15:06, 29-11-2018 22:15:35 
E,35,5, W,1020,1049, 29-11-2018 22:15:36, 29-11-2018 22:16:05 
E,36,5, W,1050,1079, 29-11-2018 22:16:06, 29-11-2018 22:16:35 
E,37,5, W,1080,1109, 29-11-2018 22:16:36, 29-11-2018 22:17:05 
E,38,5, W,1110,1139, 29-11-2018 22:17:06, 29-11-2018 22:17:35 
E,39,5, W,1140,1169, 29-11-2018 22:17:36, 29-11-2018 22:18:05 
E,40,5, W,1170,1199, 29-11-2018 22:18:06, 29-11-2018 22:18:35 
E,41,5, W,1200,1229, 29-11-2018 22:18:36, 29-11-2018 22:19:05 
E,42,5, W,1230,1259, 29-11-2018 22:19:06, 29-11-2018 22:19:35 
E,43,5, W,1260,1289, 29-11-2018 22:19:36, 29-11-2018 22:20:05 
E,44,5, W,1290,1319, 29-11-2018 22:20:06, 29-11-2018 22:20:35 
E,45,5, W,1320,1349, 29-11-2018 22:20:36, 29-11-2018 22:21:05 
E,46,5, W,1350,1379, 29-11-2018 22:21:06, 29-11-2018 22:21:35 
E,47,5, W,1380,1409, 29-11-2018 22:21:36, 29-11-2018 22:22:05 
E,48,5, W,1410,1439, 29-11-2018 22:22:06, 29-11-2018 22:22:35 
E,49,5, W,1440,1469, 29-11-2018 22:22:36, 29-11-2018 22:23:05 
E,50,5, W,1470,1499, 29-11-2018 22:23:06, 29-11-2018 22:23:35 
E,51,5, W,1500,1529, 29-11-2018 22:23:36, 29-11-2018 22:24:05 
E,52,5, W,1530,1559, 29-11-2018 22:24:06, 29-11-2018 22:24:35 
E,53,5, W,1560,1589, 29-11-2018 22:24:36, 29-11-2018 22:25:05 
E,54,5, W,1590,1619, 29-11-2018 22:25:06, 29-11-2018 22:25:35 
E,55,5, W,1620,1649, 29-11-2018 22:25:36, 29-11-2018 22:26:05 
E,56,5, W,1650,1679, 29-11-2018 22:26:06, 29-11-2018 22:26:35 
E,57,5, W,1680,1709, 29-11-2018 22:26:36, 29-11-2018 22:27:05 
E,58,5, W,1710,1739, 29-11-2018 22:27:06, 29-11-2018 22:27:35 
E,59,5, W,1740,1769, 29-11-2018 22:27:36, 29-11-2018 22:28:05 
E,60,5, W,1770,1799, 29-11-2018 22:28:06, 29-11-2018 22:28:35 
E,61,5, W,1800,1829, 29-11-2018 22:28:36, 29-11-2018 22:29:05 
E,62,5, W,1830,1859, 29-11-2018 22:29:06, 29-11-2018 22:29:35 
E,63,5, W,1860,1889, 29-11-2018 22:29:36, 29-11-2018 22:30:05 
E,64,5, W,1890,1919, 29-11-2018 22:30:06, 29-11-2018 22:30:35 
E,65,5, W,1920,1949, 29-11-2018 22:30:36, 29-11-2018 22:31:05 
E,66,5, W,1950,1979, 29-11-2018 22:31:06, 29-11-2018 22:31:35 
E,67,5, W,1980,2009, 29-11-2018 22:31:36, 29-11-2018 22:32:05 
E,68,5, W,2010,2039, 29-11-2018 22:32:06, 29-11-2018 22:32:35 
E,69,5, W,2040,2069, 29-11-2018 22:32:36, 29-11-2018 22:33:05 
E,70,5, W,2070,2099, 29-11-2018 22:33:06, 29-11-2018 22:33:35 
E,71,5, W,2100,2129, 29-11-2018 22:33:36, 29-11-2018 22:34:05 
E,72,5, W,2130,2159, 29-11-2018 22:34:06, 29-11-2018 22:34:35 
E,73,5, W,2160,2189, 29-11-2018 22:34:36, 29-11-2018 22:35:05 
E,74,5, W,2190,2219, 29-11-2018 22:35:06, 29-11-2018 22:35:35 
E,75,5, W,2220,2249, 29-11-2018 22:35:36, 29-11-2018 22:36:05 
E,76,5, W,2250,2279, 29-11-2018 22:36:06, 29-11-2018 22:36:35 
E,77,5, W,2280,2309, 29-11-2018 22:36:36, 29-11-2018 22:37:05 
E,78,5, W,2310,2339, 29-11-2018 22:37:06, 29-11-2018 22:37:35 
E,79,5, W,2340,2369, 29-11-2018 22:37:36, 29-11-2018 22:38:05 
E,80,5, W,2370,2399, 29-11-2018 22:38:06, 29-11-2018 22:38:35 
E,81,5, W,2400,2429, 29-11-2018 22:38:36, 29-11-2018 22:39:05 
E,82,U,U,2430,2459, 29-11-2018 22:39:06, 29-11-2018 22:39:35 
E,83,U,U,2460,2489, 29-11-2018 22:39:36, 29-11-2018 22:40:05 
E,84,1, N1,2490,2519, 29-11-2018 22:40:06, 29-11-2018 22:40:35 
E,85,1, N1,2520,2549, 29-11-2018 22:40:36, 29-11-2018 22:41:05 
E,86,1, N1,2550,2579, 29-11-2018 22:41:06, 29-11-2018 22:41:35 
E,87,1, N1,2580,2609, 29-11-2018 22:41:36, 29-11-2018 22:42:05 
E,88,1, N1,2610,2639, 29-11-2018 22:42:06, 29-11-2018 22:42:35 
E,89,5, W,2640,2669, 29-11-2018 22:42:36, 29-11-2018 22:43:05 
E,90,U,U,2670,2699, 29-11-2018 22:43:06, 29-11-2018 22:43:35 
E,91,U,U,2700,2729, 29-11-2018 22:43:36, 29-11-2018 22:44:05 
E,92,U,U,2730,2759, 29-11-2018 22:44:06, 29-11-2018 22:44:35 
E,93,U,U,2760,2789, 29-11-2018 22:44:36, 29-11-2018 22:45:05 
E,94,5, W,2790,2819, 29-11-2018 22:45:06, 29-11-2018 22:45:35 
E,95,5, W,2820,2849, 29-11-2018 22:45:36, 29-11-2018 22:46:05 
E,96,U,U,2850,2879, 29-11-2018 22:46:06, 29-11-2018 22:46:35 
E,97,U,U,2880,2909, 29-11-2018 22:46:36, 29-11-2018 22:47:05 
E,98,U,U,2910,2939, 29-11-2018 22:47:06, 29-11-2018 22:47:35 
E,99,U,U,2940,2969, 29-11-2018 22:47:36, 29-11-2018 22:48:05 
E,100,U,U,2970,2999, 29-11-2018 22:48:06, 29-11-2018 22:48:35 
E,101,U,U,3000,3029, 29-11-2018 22:48:36, 29-11-2018 22:49:05 
E,102,U,U,3030,3059, 29-11-2018 22:49:06, 29-11-2018 22:49:35 
E,103,U,U,3060,3089, 29-11-2018 22:49:36, 29-11-2018 22:50:05 
E,104,U,U,3090,3119, 29-11-2018 22:50:06, 29-11-2018 22:50:35 
E,105,U,U,3120,3149, 29-11-2018 22:50:36, 29-11-2018 22:51:05 
E,106,U,U,3150,3179, 29-11-2018 22:51:06, 29-11-2018 22:51:35 
E,107,U,U,3180,3209, 29-11-2018 22:51:36, 29-11-2018 22:52:05 
E,108,U,U,3210,3239, 29-11-2018 22:52:06, 29-11-2018 22:52:35 
E,109,5, W,3240,3269, 29-11-2018 22:52:36, 29-11-2018 22:53:05 
E,110,U,U,3270,3299, 29-11-2018 22:53:06, 29-11-2018 22:53:35 
E,111,U,U,3300,3329, 29-11-2018 22:53:36, 29-11-2018 22:54:05 
E,112,U,U,3330,3359, 29-11-2018 22:54:06, 29-11-2018 22:54:35 
E,113,U,U,3360,3389, 29-11-2018 22:54:36, 29-11-2018 22:55:05 
E,114,U,U,3390,3419, 29-11-2018 22:55:06, 29-11-2018 22:55:35 
E,115,U,U,3420,3449, 29-11-2018 22:55:36, 29-11-2018 22:56:05 
E,116,U,U,3450,3479, 29-11-2018 22:56:06, 29-11-2018 22:56:35 
E,117,2, N2,3480,3509, 29-11-2018 22:56:36, 29-11-2018 22:57:05 
E,118,2, N2,3510,3539, 29-11-2018 22:57:06, 29-11-2018 22:57:35 
E,119,2, N2,3540,3569, 29-11-2018 22:57:36, 29-11-2018 22:58:05 
E,120,2, N2,3570,3599, 29-11-2018 22:58:06, 29-11-2018 22:58:35 
E,121,2, N2,3600,3629, 29-11-2018 22:58:36, 29-11-2018 22:59:05 
E,122,2, N2,3630,3659, 29-11-2018 22:59:06, 29-11-2018 22:59:35 
E,123,2, N2,3660,3689, 29-11-2018 22:59:36, 29-11-2018 23:00:05 
E,124,2, N2,3690,3719, 29-11-2018 23:00:06, 29-11-2018 23:00:35 
E,125,U,U,3720,3749, 29-11-2018 23:00:36, 29-11-2018 23:01:05 
E,126,U,U,3750,3779, 29-11-2018 23:01:06, 29-11-2018 23:01:35 
E,127,2, N2,3780,3809, 29-11-2018 23:01:36, 29-11-2018 23:02:05 
E,128,2, N2,3810,3839, 29-11-2018 23:02:06, 29-11-2018 23:02:35 
E,129,2, N2,3840,3869, 29-11-2018 23:02:36, 29-11-2018 23:03:05 
E,130,2, N2,3870,3899, 29-11-2018 23:03:06, 29-11-2018 23:03:35 
E,131,2, N2,3900,3929, 29-11-2018 23:03:36, 29-11-2018 23:04:05 
E,132,2, N2,3930,3959, 29-11-2018 23:04:06, 29-11-2018 23:04:35 
E,133,2, N2,3960,3989, 29-11-2018 23:04:36, 29-11-2018 23:05:05 
E,134,2, N2,3990,4019, 29-11-2018 23:05:06, 29-11-2018 23:05:35 
E,135,2, N2,4020,4049, 29-11-2018 23:05:36, 29-11-2018 23:06:05 
E,136,2, N2,4050,4079, 29-11-2018 23:06:06, 29-11-2018 23:06:35 
E,137,2, N2,4080,4109, 29-11-2018 23:06:36, 29-11-2018 23:07:05 
E,138,2, N2,4110,4139, 29-11-2018 23:07:06, 29-11-2018 23:07:35 
E,139,2, N2,4140,4169, 29-11-2018 23:07:36, 29-11-2018 23:08:05 
E,140,2, N2,4170,4199, 29-11-2018 23:08:06, 29-11-2018 23:08:35 
E,141,2, N2,4200,4229, 29-11-2018 23:08:36, 29-11-2018 23:09:05 
E,142,2, N2,4230,4259, 29-11-2018 23:09:06, 29-11-2018 23:09:35 
E,143,2, N2,4260,4289, 29-11-2018 23:09:36, 29-11-2018 23:10:05 
E,144,2, N2,4290,4319, 29-11-2018 23:10:06, 29-11-2018 23:10:35 
E,145,U,U,4320,4349, 29-11-2018 23:10:36, 29-11-2018 23:11:05 
E,146,2, N2,4350,4379, 29-11-2018 23:11:06, 29-11-2018 23:11:35 
E,147,2, N2,4380,4409, 29-11-2018 23:11:36, 29-11-2018 23:12:05 
E,148,2, N2,4410,4439, 29-11-2018 23:12:06, 29-11-2018 23:12:35 
E,149,2, N2,4440,4469, 29-11-2018 23:12:36, 29-11-2018 23:13:05 
E,150,2, N2,4470,4499, 29-11-2018 23:13:06, 29-11-2018 23:13:35 
E,151,2, N2,4500,4529, 29-11-2018 23:13:36, 29-11-2018 23:14:05 
E,152,2, N2,4530,4559, 29-11-2018 23:14:06, 29-11-2018 23:14:35 
E,153,2, N2,4560,4589, 29-11-2018 23:14:36, 29-11-2018 23:15:05 
E,154,U,U,4590,4619, 29-11-2018 23:15:06, 29-11-2018 23:15:35 
E,155,2, N2,4620,4649, 29-11-2018 23:15:36, 29-11-2018 23:16:05 
E,156,U,U,4650,4679, 29-11-2018 23:16:06, 29-11-2018 23:16:35 
E,157,2, N2,4680,4709, 29-11-2018 23:16:36, 29-11-2018 23:17:05 
E,158,2, N2,4710,4739, 29-11-2018 23:17:06, 29-11-2018 23:17:35 
E,159,2, N2,4740,4769, 29-11-2018 23:17:36, 29-11-2018 23:18:05 
E,160,2, N2,4770,4799, 29-11-2018 23:18:06, 29-11-2018 23:18:35 
E,161,2, N2,4800,4829, 29-11-2018 23:18:36, 29-11-2018 23:19:05 
E,162,2, N2,4830,4859, 29-11-2018 23:19:06, 29-11-2018 23:19:35 
E,163,2, N2,4860,4889, 29-11-2018 23:19:36, 29-11-2018 23:20:05 
E,164,2, N2,4890,4919, 29-11-2018 23:20:06, 29-11-2018 23:20:35 
E,165,2, N2,4920,4949, 29-11-2018 23:20:36, 29-11-2018 23:21:05 
E,166,5, W,4950,4979, 29-11-2018 23:21:06, 29-11-2018 23:21:35 
E,167,2, N2,4980,5009, 29-11-2018 23:21:36, 29-11-2018 23:22:05 
E,168,2, N2,5010,5039, 29-11-2018 23:22:06, 29-11-2018 23:22:35 
E,169,2, N2,5040,5069, 29-11-2018 23:22:36, 29-11-2018 23:23:05 
E,170,2, N2,5070,5099, 29-11-2018 23:23:06, 29-11-2018 23:23:35 
E,171,2, N2,5100,5129, 29-11-2018 23:23:36, 29-11-2018 23:24:05 
E,172,2, N2,5130,5159, 29-11-2018 23:24:06, 29-11-2018 23:24:35 
E,173,2, N2,5160,5189, 29-11-2018 23:24:36, 29-11-2018 23:25:05 
E,174,2, N2,5190,5219, 29-11-2018 23:25:06, 29-11-2018 23:25:35 
E,175,U,U,5220,5249, 29-11-2018 23:25:36, 29-11-2018 23:26:05 
E,176,U,U,5250,5279, 29-11-2018 23:26:06, 29-11-2018 23:26:35 
E,177,2, N2,5280,5309, 29-11-2018 23:26:36, 29-11-2018 23:27:05 
E,178,2, N2,5310,5339, 29-11-2018 23:27:06, 29-11-2018 23:27:35 
E,179,U,U,5340,5369, 29-11-2018 23:27:36, 29-11-2018 23:28:05 
E,180,2, N2,5370,5399, 29-11-2018 23:28:06, 29-11-2018 23:28:35 
E,181,2, N2,5400,5429, 29-11-2018 23:28:36, 29-11-2018 23:29:05 
E,182,2, N2,5430,5459, 29-11-2018 23:29:06, 29-11-2018 23:29:35 
E,183,2, N2,5460,5489, 29-11-2018 23:29:36, 29-11-2018 23:30:05 
E,184,U,U,5490,5519, 29-11-2018 23:30:06, 29-11-2018 23:30:35 
E,185,2, N2,5520,5549, 29-11-2018 23:30:36, 29-11-2018 23:31:05 
E,186,2, N2,5550,5579, 29-11-2018 23:31:06, 29-11-2018 23:31:35 
E,187,U,U,5580,5609, 29-11-2018 23:31:36, 29-11-2018 23:32:05 
E,188,U,U,5610,5639, 29-11-2018 23:32:06, 29-11-2018 23:32:35 
E,189,U,U,5640,5669, 29-11-2018 23:32:36, 29-11-2018 23:33:05 
E,190,U,U,5670,5699, 29-11-2018 23:33:06, 29-11-2018 23:33:35 
E,191,U,U,5700,5729, 29-11-2018 23:33:36, 29-11-2018 23:34:05 
E,192,2, N2,5730,5759, 29-11-2018 23:34:06, 29-11-2018 23:34:35 
E,193,2, N2,5760,5789, 29-11-2018 23:34:36, 29-11-2018 23:35:05 
E,194,2, N2,5790,5819, 29-11-2018 23:35:06, 29-11-2018 23:35:35 
E,195,2, N2,5820,5849, 29-11-2018 23:35:36, 29-11-2018 23:36:05 
E,196,2, N2,5850,5879, 29-11-2018 23:36:06, 29-11-2018 23:36:35 
E,197,U,U,5880,5909, 29-11-2018 23:36:36, 29-11-2018 23:37:05 
E,198,U,U,5910,5939, 29-11-2018 23:37:06, 29-11-2018 23:37:35 
E,199,2, N2,5940,5969, 29-11-2018 23:37:36, 29-11-2018 23:38:05 
E,200,U,U,5970,5999, 29-11-2018 23:38:06, 29-11-2018 23:38:35 
E,201,U,U,6000,6029, 29-11-2018 23:38:36, 29-11-2018 23:39:05 
E,202,U,U,6030,6059, 29-11-2018 23:39:06, 29-11-2018 23:39:35 
E,203,U,U,6060,6089, 29-11-2018 23:39:36, 29-11-2018 23:40:05 
E,204,5, W,6090,6119, 29-11-2018 23:40:06, 29-11-2018 23:40:35 
E,205,U,U,6120,6149, 29-11-2018 23:40:36, 29-11-2018 23:41:05 
E,206,U,U,6150,6179, 29-11-2018 23:41:06, 29-11-2018 23:41:35 
E,207,2, N2,6180,6209, 29-11-2018 23:41:36, 29-11-2018 23:42:05 
E,208,2, N2,6210,6239, 29-11-2018 23:42:06, 29-11-2018 23:42:35 
E,209,2, N2,6240,6269, 29-11-2018 23:42:36, 29-11-2018 23:43:05 
E,210,2, N2,6270,6299, 29-11-2018 23:43:06, 29-11-2018 23:43:35 
E,211,2, N2,6300,6329, 29-11-2018 23:43:36, 29-11-2018 23:44:05 
E,212,2, N2,6330,6359, 29-11-2018 23:44:06, 29-11-2018 23:44:35 
E,213,2, N2,6360,6389, 29-11-2018 23:44:36, 29-11-2018 23:45:05 
E,214,2, N2,6390,6419, 29-11-2018 23:45:06, 29-11-2018 23:45:35 
E,215,2, N2,6420,6449, 29-11-2018 23:45:36, 29-11-2018 23:46:05 
E,216,2, N2,6450,6479, 29-11-2018 23:46:06, 29-11-2018 23:46:35 
E,217,2, N2,6480,6509, 29-11-2018 23:46:36, 29-11-2018 23:47:05 
E,218,U,U,6510,6539, 29-11-2018 23:47:06, 29-11-2018 23:47:35 
E,219,U,U,6540,6569, 29-11-2018 23:47:36, 29-11-2018 23:48:05 
E,220,U,U,6570,6599, 29-11-2018 23:48:06, 29-11-2018 23:48:35 
E,221,U,U,6600,6629, 29-11-2018 23:48:36, 29-11-2018 23:49:05 
E,222,U,U,6630,6659, 29-11-2018 23:49:06, 29-11-2018 23:49:35 
E,223,U,U,6660,6689, 29-11-2018 23:49:36, 29-11-2018 23:50:05 
E,224,U,U,6690,6719, 29-11-2018 23:50:06, 29-11-2018 23:50:35 
E,225,U,U,6720,6749, 29-11-2018 23:50:36, 29-11-2018 23:51:05 
E,226,U,U,6750,6779, 29-11-2018 23:51:06, 29-11-2018 23:51:35 
E,227,4, R,6780,6809, 29-11-2018 23:51:36, 29-11-2018 23:52:05 
E,228,4, R,6810,6839, 29-11-2018 23:52:06, 29-11-2018 23:52:35 
E,229,4, R,6840,6869, 29-11-2018 23:52:36, 29-11-2018 23:53:05 
E,230,U,U,6870,6899, 29-11-2018 23:53:06, 29-11-2018 23:53:35 
E,231,U,U,6900,6929, 29-11-2018 23:53:36, 29-11-2018 23:54:05 
E,232,U,U,6930,6959, 29-11-2018 23:54:06, 29-11-2018 23:54:35 
E,233,U,U,6960,6989, 29-11-2018 23:54:36, 29-11-2018 23:55:05 
E,234,U,U,6990,7019, 29-11-2018 23:55:06, 29-11-2018 23:55:35 
E,235,U,U,7020,7049, 29-11-2018 23:55:36, 29-11-2018 23:56:05 
E,236,U,U,7050,7079, 29-11-2018 23:56:06, 29-11-2018 23:56:35 
E,237,U,U,7080,7109, 29-11-2018 23:56:36, 29-11-2018 23:57:05 
E,238,4, R,7110,7139, 29-11-2018 23:57:06, 29-11-2018 23:57:35 
E,239,4, R,7140,7169, 29-11-2018 23:57:36, 29-11-2018 23:58:05 
E,240,4, R,7170,7199, 29-11-2018 23:58:06, 29-11-2018 23:58:35 
E,241,4, R,7200,7229, 29-11-2018 23:58:36, 29-11-2018 23:59:05 
E,242,4, R,7230,7259, 29-11-2018 23:59:06, 29-11-2018 23:59:35 
E,243,4, R,7260,7289, 29-11-2018 23:59:36, 30-11-2018 00:00:05 
E,244,4, R,7290,7319, 30-11-2018 00:00:06, 30-11-2018 00:00:35 
E,245,4, R,7320,7349, 30-11-2018 00:00:36, 30-11-2018 00:01:05 
E,246,4, R,7350,7379, 30-11-2018 00:01:06, 30-11-2018 00:01:35 
E,247,4, R,7380,7409, 30-11-2018 00:01:36, 30-11-2018 00:02:05 
E,248,4, R,7410,7439, 30-11-2018 00:02:06, 30-11-2018 00:02:35 
E,249,4, R,7440,7469, 30-11-2018 00:02:36, 30-11-2018 00:03:05 
E,250,4, R,7470,7499, 30-11-2018 00:03:06, 30-11-2018 00:03:35 
E,251,4, R,7500,7529, 30-11-2018 00:03:36, 30-11-2018 00:04:05 
E,252,4, R,7530,7559, 30-11-2018 00:04:06, 30-11-2018 00:04:35 
E,253,4, R,7560,7589, 30-11-2018 00:04:36, 30-11-2018 00:05:05 
E,254,4, R,7590,7619, 30-11-2018 00:05:06, 30-11-2018 00:05:35 
E,255,4, R,7620,7649, 30-11-2018 00:05:36, 30-11-2018 00:06:05 
E,256,4, R,7650,7679, 30-11-2018 00:06:06, 30-11-2018 00:06:35 
E,257,4, R,7680,7709, 30-11-2018 00:06:36, 30-11-2018 00:07:05 
E,258,4, R,7710,7739, 30-11-2018 00:07:06, 30-11-2018 00:07:35 
E,259,4, R,7740,7769, 30-11-2018 00:07:36, 30-11-2018 00:08:05 
E,260,4, R,7770,7799, 30-11-2018 00:08:06, 30-11-2018 00:08:35 
E,261,4, R,7800,7829, 30-11-2018 00:08:36, 30-11-2018 00:09:05 
E,262,4, R,7830,7859, 30-11-2018 00:09:06, 30-11-2018 00:09:35 
E,263,4, R,7860,7889, 30-11-2018 00:09:36, 30-11-2018 00:10:05 
E,264,4, R,7890,7919, 30-11-2018 00:10:06, 30-11-2018 00:10:35 
E,265,4, R,7920,7949, 30-11-2018 00:10:36, 30-11-2018 00:11:05 
E,266,4, R,7950,7979, 30-11-2018 00:11:06, 30-11-2018 00:11:35 
E,267,4, R,7980,8009, 30-11-2018 00:11:36, 30-11-2018 00:12:05 
E,268,5, W,8010,8039, 30-11-2018 00:12:06, 30-11-2018 00:12:35 
E,269,U,U,8040,8069, 30-11-2018 00:12:36, 30-11-2018 00:13:05 
E,270,U,U,8070,8099, 30-11-2018 00:13:06, 30-11-2018 00:13:35 
E,271,U,U,8100,8129, 30-11-2018 00:13:36, 30-11-2018 00:14:05 
E,272,U,U,8130,8159, 30-11-2018 00:14:06, 30-11-2018 00:14:35 
E,273,U,U,8160,8189, 30-11-2018 00:14:36, 30-11-2018 00:15:05 
E,274,U,U,8190,8219, 30-11-2018 00:15:06, 30-11-2018 00:15:35 
E,275,U,U,8220,8249, 30-11-2018 00:15:36, 30-11-2018 00:16:05 
E,276,U,U,8250,8279, 30-11-2018 00:16:06, 30-11-2018 00:16:35 
E,277,U,U,8280,8309, 30-11-2018 00:16:36, 30-11-2018 00:17:05 
E,278,U,U,8310,8339, 30-11-2018 00:17:06, 30-11-2018 00:17:35 
E,279,5, W,8340,8369, 30-11-2018 00:17:36, 30-11-2018 00:18:05 
E,280,U,U,8370,8399, 30-11-2018 00:18:06, 30-11-2018 00:18:35 
E,281,U,U,8400,8429, 30-11-2018 00:18:36, 30-11-2018 00:19:05 
E,282,U,U,8430,8459, 30-11-2018 00:19:06, 30-11-2018 00:19:35 
E,283,U,U,8460,8489, 30-11-2018 00:19:36, 30-11-2018 00:20:05 
E,284,U,U,8490,8519, 30-11-2018 00:20:06, 30-11-2018 00:20:35 
E,285,5, W,8520,8549, 30-11-2018 00:20:36, 30-11-2018 00:21:05 
E,286,1, N1,8550,8579, 30-11-2018 00:21:06, 30-11-2018 00:21:35 
E,287,2, N2,8580,8609, 30-11-2018 00:21:36, 30-11-2018 00:22:05 
E,288,2, N2,8610,8639, 30-11-2018 00:22:06, 30-11-2018 00:22:35 
E,289,2, N2,8640,8669, 30-11-2018 00:22:36, 30-11-2018 00:23:05 
E,290,2, N2,8670,8699, 30-11-2018 00:23:06, 30-11-2018 00:23:35 
E,291,2, N2,8700,8729, 30-11-2018 00:23:36, 30-11-2018 00:24:05 
E,292,2, N2,8730,8759, 30-11-2018 00:24:06, 30-11-2018 00:24:35 
E,293,2, N2,8760,8789, 30-11-2018 00:24:36, 30-11-2018 00:25:05 
E,294,2, N2,8790,8819, 30-11-2018 00:25:06, 30-11-2018 00:25:35 
E,295,2, N2,8820,8849, 30-11-2018 00:25:36, 30-11-2018 00:26:05 
E,296,2, N2,8850,8879, 30-11-2018 00:26:06, 30-11-2018 00:26:35 
E,297,5, W,8880,8909, 30-11-2018 00:26:36, 30-11-2018 00:27:05 
E,298,5, W,8910,8939, 30-11-2018 00:27:06, 30-11-2018 00:27:35 
E,299,U,U,8940,8969, 30-11-2018 00:27:36, 30-11-2018 00:28:05 
E,300,U,U,8970,8999, 30-11-2018 00:28:06, 30-11-2018 00:28:35 
E,301,U,U,9000,9029, 30-11-2018 00:28:36, 30-11-2018 00:29:05 
E,302,5, W,9030,9059, 30-11-2018 00:29:06, 30-11-2018 00:29:35 
E,303,U,U,9060,9089, 30-11-2018 00:29:36, 30-11-2018 00:30:05 
E,304,U,U,9090,9119, 30-11-2018 00:30:06, 30-11-2018 00:30:35 
E,305,5, W,9120,9149, 30-11-2018 00:30:36, 30-11-2018 00:31:05 
E,306,U,U,9150,9179, 30-11-2018 00:31:06, 30-11-2018 00:31:35 
E,307,U,U,9180,9209, 30-11-2018 00:31:36, 30-11-2018 00:32:05 
E,308,U,U,9210,9239, 30-11-2018 00:32:06, 30-11-2018 00:32:35 
E,309,U,U,9240,9269, 30-11-2018 00:32:36, 30-11-2018 00:33:05 
E,310,U,U,9270,9299, 30-11-2018 00:33:06, 30-11-2018 00:33:35 
E,311,2, N2,9300,9329, 30-11-2018 00:33:36, 30-11-2018 00:34:05 
E,312,2, N2,9330,9359, 30-11-2018 00:34:06, 30-11-2018 00:34:35 
E,313,2, N2,9360,9389, 30-11-2018 00:34:36, 30-11-2018 00:35:05 
E,314,2, N2,9390,9419, 30-11-2018 00:35:06, 30-11-2018 00:35:35 
E,315,2, N2,9420,9449, 30-11-2018 00:35:36, 30-11-2018 00:36:05 
E,316,2, N2,9450,9479, 30-11-2018 00:36:06, 30-11-2018 00:36:35 
E,317,2, N2,9480,9509, 30-11-2018 00:36:36, 30-11-2018 00:37:05 
E,318,2, N2,9510,9539, 30-11-2018 00:37:06, 30-11-2018 00:37:35 
E,319,2, N2,9540,9569, 30-11-2018 00:37:36, 30-11-2018 00:38:05 
E,320,2, N2,9570,9599, 30-11-2018 00:38:06, 30-11-2018 00:38:35 
E,321,2, N2,9600,9629, 30-11-2018 00:38:36, 30-11-2018 00:39:05 
E,322,2, N2,9630,9659, 30-11-2018 00:39:06, 30-11-2018 00:39:35 
E,323,2, N2,9660,9689, 30-11-2018 00:39:36, 30-11-2018 00:40:05 
E,324,2, N2,9690,9719, 30-11-2018 00:40:06, 30-11-2018 00:40:35 
E,325,2, N2,9720,9749, 30-11-2018 00:40:36, 30-11-2018 00:41:05 
E,326,U,U,9750,9779, 30-11-2018 00:41:06, 30-11-2018 00:41:35 
E,327,U,U,9780,9809, 30-11-2018 00:41:36, 30-11-2018 00:42:05 
E,328,U,U,9810,9839, 30-11-2018 00:42:06, 30-11-2018 00:42:35 
E,329,U,U,9840,9869, 30-11-2018 00:42:36, 30-11-2018 00:43:05 
E,330,U,U,9870,9899, 30-11-2018 00:43:06, 30-11-2018 00:43:35 
E,331,U,U,9900,9929, 30-11-2018 00:43:36, 30-11-2018 00:44:05 
E,332,U,U,9930,9959, 30-11-2018 00:44:06, 30-11-2018 00:44:35 
E,333,U,U,9960,9989, 30-11-2018 00:44:36, 30-11-2018 00:45:05 
E,334,U,U,9990,10019, 30-11-2018 00:45:06, 30-11-2018 00:45:35 
E,335,U,U,10020,10049, 30-11-2018 00:45:36, 30-11-2018 00:46:05 
E,336,3, N3,10050,10079, 30-11-2018 00:46:06, 30-11-2018 00:46:35 
E,337,3, N3,10080,10109, 30-11-2018 00:46:36, 30-11-2018 00:47:05 
E,338,U,U,10110,10139, 30-11-2018 00:47:06, 30-11-2018 00:47:35 
E,339,U,U,10140,10169, 30-11-2018 00:47:36, 30-11-2018 00:48:05 
E,340,U,U,10170,10199, 30-11-2018 00:48:06, 30-11-2018 00:48:35 
E,341,U,U,10200,10229, 30-11-2018 00:48:36, 30-11-2018 00:49:05 
E,342,U,U,10230,10259, 30-11-2018 00:49:06, 30-11-2018 00:49:35 
E,343,3, N3,10260,10289, 30-11-2018 00:49:36, 30-11-2018 00:50:05 
E,344,3, N3,10290,10319, 30-11-2018 00:50:06, 30-11-2018 00:50:35 
E,345,U,U,10320,10349, 30-11-2018 00:50:36, 30-11-2018 00:51:05 
E,346,U,U,10350,10379, 30-11-2018 00:51:06, 30-11-2018 00:51:35 
E,347,U,U,10380,10409, 30-11-2018 00:51:36, 30-11-2018 00:52:05 
E,348,3, N3,10410,10439, 30-11-2018 00:52:06, 30-11-2018 00:52:35 
E,349,U,U,10440,10469, 30-11-2018 00:52:36, 30-11-2018 00:53:05 
E,350,3, N3,10470,10499, 30-11-2018 00:53:06, 30-11-2018 00:53:35 
E,351,U,U,10500,10529, 30-11-2018 00:53:36, 30-11-2018 00:54:05 
E,352,3, N3,10530,10559, 30-11-2018 00:54:06, 30-11-2018 00:54:35 
E,353,3, N3,10560,10589, 30-11-2018 00:54:36, 30-11-2018 00:55:05 
E,354,3, N3,10590,10619, 30-11-2018 00:55:06, 30-11-2018 00:55:35 
E,355,3, N3,10620,10649, 30-11-2018 00:55:36, 30-11-2018 00:56:05 
E,356,3, N3,10650,10679, 30-11-2018 00:56:06, 30-11-2018 00:56:35 
E,357,3, N3,10680,10709, 30-11-2018 00:56:36, 30-11-2018 00:57:05 
E,358,3, N3,10710,10739, 30-11-2018 00:57:06, 30-11-2018 00:57:35 
E,359,3, N3,10740,10769, 30-11-2018 00:57:36, 30-11-2018 00:58:05 
E,360,3, N3,10770,10799, 30-11-2018 00:58:06, 30-11-2018 00:58:35 
E,361,U,U,10800,10829, 30-11-2018 00:58:36, 30-11-2018 00:59:05 
E,362,3, N3,10830,10859, 30-11-2018 00:59:06, 30-11-2018 00:59:35 
E,363,3, N3,10860,10889, 30-11-2018 00:59:36, 30-11-2018 01:00:05 
E,364,U,U,10890,10919, 30-11-2018 01:00:06, 30-11-2018 01:00:35 
E,365,3, N3,10920,10949, 30-11-2018 01:00:36, 30-11-2018 01:01:05 
E,366,3, N3,10950,10979, 30-11-2018 01:01:06, 30-11-2018 01:01:35 
E,367,3, N3,10980,11009, 30-11-2018 01:01:36, 30-11-2018 01:02:05 
E,368,3, N3,11010,11039, 30-11-2018 01:02:06, 30-11-2018 01:02:35 
E,369,3, N3,11040,11069, 30-11-2018 01:02:36, 30-11-2018 01:03:05 
E,370,3, N3,11070,11099, 30-11-2018 01:03:06, 30-11-2018 01:03:35 
E,371,3, N3,11100,11129, 30-11-2018 01:03:36, 30-11-2018 01:04:05 
E,372,3, N3,11130,11159, 30-11-2018 01:04:06, 30-11-2018 01:04:35 
E,373,5, W,11160,11189, 30-11-2018 01:04:36, 30-11-2018 01:05:05 
E,374,5, W,11190,11219, 30-11-2018 01:05:06, 30-11-2018 01:05:35 
E,375,2, N2,11220,11249, 30-11-2018 01:05:36, 30-11-2018 01:06:05 
E,376,2, N2,11250,11279, 30-11-2018 01:06:06, 30-11-2018 01:06:35 
E,377,2, N2,11280,11309, 30-11-2018 01:06:36, 30-11-2018 01:07:05 
E,378,2, N2,11310,11339, 30-11-2018 01:07:06, 30-11-2018 01:07:35 
E,379,2, N2,11340,11369, 30-11-2018 01:07:36, 30-11-2018 01:08:05 
E,380,2, N2,11370,11399, 30-11-2018 01:08:06, 30-11-2018 01:08:35 
E,381,2, N2,11400,11429, 30-11-2018 01:08:36, 30-11-2018 01:09:05 
E,382,2, N2,11430,11459, 30-11-2018 01:09:06, 30-11-2018 01:09:35 
E,383,2, N2,11460,11489, 30-11-2018 01:09:36, 30-11-2018 01:10:05 
E,384,2, N2,11490,11519, 30-11-2018 01:10:06, 30-11-2018 01:10:35 
E,385,2, N2,11520,11549, 30-11-2018 01:10:36, 30-11-2018 01:11:05 
E,386,5, W,11550,11579, 30-11-2018 01:11:06, 30-11-2018 01:11:35 
E,387,U,U,11580,11609, 30-11-2018 01:11:36, 30-11-2018 01:12:05 
E,388,U,U,11610,11639, 30-11-2018 01:12:06, 30-11-2018 01:12:35 
E,389,2, N2,11640,11669, 30-11-2018 01:12:36, 30-11-2018 01:13:05 
E,390,2, N2,11670,11699, 30-11-2018 01:13:06, 30-11-2018 01:13:35 
E,391,2, N2,11700,11729, 30-11-2018 01:13:36, 30-11-2018 01:14:05 
E,392,2, N2,11730,11759, 30-11-2018 01:14:06, 30-11-2018 01:14:35 
E,393,2, N2,11760,11789, 30-11-2018 01:14:36, 30-11-2018 01:15:05 
E,394,2, N2,11790,11819, 30-11-2018 01:15:06, 30-11-2018 01:15:35 
E,395,2, N2,11820,11849, 30-11-2018 01:15:36, 30-11-2018 01:16:05 
E,396,5, W,11850,11879, 30-11-2018 01:16:06, 30-11-2018 01:16:35 
E,397,5, W,11880,11909, 30-11-2018 01:16:36, 30-11-2018 01:17:05 
E,398,2, N2,11910,11939, 30-11-2018 01:17:06, 30-11-2018 01:17:35 
E,399,2, N2,11940,11969, 30-11-2018 01:17:36, 30-11-2018 01:18:05 
E,400,2, N2,11970,11999, 30-11-2018 01:18:06, 30-11-2018 01:18:35 
E,401,2, N2,12000,12029, 30-11-2018 01:18:36, 30-11-2018 01:19:05 
E,402,2, N2,12030,12059, 30-11-2018 01:19:06, 30-11-2018 01:19:35 
E,403,2, N2,12060,12089, 30-11-2018 01:19:36, 30-11-2018 01:20:05 
E,404,2, N2,12090,12119, 30-11-2018 01:20:06, 30-11-2018 01:20:35 
E,405,2, N2,12120,12149, 30-11-2018 01:20:36, 30-11-2018 01:21:05 
E,406,2, N2,12150,12179, 30-11-2018 01:21:06, 30-11-2018 01:21:35 
E,407,2, N2,12180,12209, 30-11-2018 01:21:36, 30-11-2018 01:22:05 
E,408,5, W,12210,12239, 30-11-2018 01:22:06, 30-11-2018 01:22:35 
E,409,U,U,12240,12269, 30-11-2018 01:22:36, 30-11-2018 01:23:05 
E,410,U,U,12270,12299, 30-11-2018 01:23:06, 30-11-2018 01:23:35 
E,411,U,U,12300,12329, 30-11-2018 01:23:36, 30-11-2018 01:24:05 
E,412,U,U,12330,12359, 30-11-2018 01:24:06, 30-11-2018 01:24:35 
E,413,2, N2,12360,12389, 30-11-2018 01:24:36, 30-11-2018 01:25:05 
E,414,2, N2,12390,12419, 30-11-2018 01:25:06, 30-11-2018 01:25:35 
E,415,U,U,12420,12449, 30-11-2018 01:25:36, 30-11-2018 01:26:05 
E,416,5, W,12450,12479, 30-11-2018 01:26:06, 30-11-2018 01:26:35 
E,417,U,U,12480,12509, 30-11-2018 01:26:36, 30-11-2018 01:27:05 
E,418,2, N2,12510,12539, 30-11-2018 01:27:06, 30-11-2018 01:27:35 
E,419,2, N2,12540,12569, 30-11-2018 01:27:36, 30-11-2018 01:28:05 
E,420,2, N2,12570,12599, 30-11-2018 01:28:06, 30-11-2018 01:28:35 
E,421,5, W,12600,12629, 30-11-2018 01:28:36, 30-11-2018 01:29:05 
E,422,5, W,12630,12659, 30-11-2018 01:29:06, 30-11-2018 01:29:35 
E,423,U,U,12660,12689, 30-11-2018 01:29:36, 30-11-2018 01:30:05 
E,424,2, N2,12690,12719, 30-11-2018 01:30:06, 30-11-2018 01:30:35 
E,425,2, N2,12720,12749, 30-11-2018 01:30:36, 30-11-2018 01:31:05 
E,426,2, N2,12750,12779, 30-11-2018 01:31:06, 30-11-2018 01:31:35 
E,427,2, N2,12780,12809, 30-11-2018 01:31:36, 30-11-2018 01:32:05 
E,428,2, N2,12810,12839, 30-11-2018 01:32:06, 30-11-2018 01:32:35 
E,429,2, N2,12840,12869, 30-11-2018 01:32:36, 30-11-2018 01:33:05 
E,430,U,U,12870,12899, 30-11-2018 01:33:06, 30-11-2018 01:33:35 
E,431,U,U,12900,12929, 30-11-2018 01:33:36, 30-11-2018 01:34:05 
E,432,5, W,12930,12959, 30-11-2018 01:34:06, 30-11-2018 01:34:35 
E,433,U,U,12960,12989, 30-11-2018 01:34:36, 30-11-2018 01:35:05 
E,434,U,U,12990,13019, 30-11-2018 01:35:06, 30-11-2018 01:35:35 
E,435,2, N2,13020,13049, 30-11-2018 01:35:36, 30-11-2018 01:36:05 
E,436,2, N2,13050,13079, 30-11-2018 01:36:06, 30-11-2018 01:36:35 
E,437,2, N2,13080,13109, 30-11-2018 01:36:36, 30-11-2018 01:37:05 
E,438,2, N2,13110,13139, 30-11-2018 01:37:06, 30-11-2018 01:37:35 
E,439,2, N2,13140,13169, 30-11-2018 01:37:36, 30-11-2018 01:38:05 
E,440,2, N2,13170,13199, 30-11-2018 01:38:06, 30-11-2018 01:38:35 
E,441,2, N2,13200,13229, 30-11-2018 01:38:36, 30-11-2018 01:39:05 
E,442,2, N2,13230,13259, 30-11-2018 01:39:06, 30-11-2018 01:39:35 
E,443,2, N2,13260,13289, 30-11-2018 01:39:36, 30-11-2018 01:40:05 
E,444,2, N2,13290,13319, 30-11-2018 01:40:06, 30-11-2018 01:40:35 
E,445,2, N2,13320,13349, 30-11-2018 01:40:36, 30-11-2018 01:41:05 
E,446,2, N2,13350,13379, 30-11-2018 01:41:06, 30-11-2018 01:41:35 
E,447,2, N2,13380,13409, 30-11-2018 01:41:36, 30-11-2018 01:42:05 
E,448,2, N2,13410,13439, 30-11-2018 01:42:06, 30-11-2018 01:42:35 
E,449,2, N2,13440,13469, 30-11-2018 01:42:36, 30-11-2018 01:43:05 
E,450,2, N2,13470,13499, 30-11-2018 01:43:06, 30-11-2018 01:43:35 
E,451,2, N2,13500,13529, 30-11-2018 01:43:36, 30-11-2018 01:44:05 
E,452,2, N2,13530,13559, 30-11-2018 01:44:06, 30-11-2018 01:44:35 
E,453,2, N2,13560,13589, 30-11-2018 01:44:36, 30-11-2018 01:45:05 
E,454,5, W,13590,13619, 30-11-2018 01:45:06, 30-11-2018 01:45:35 
E,455,2, N2,13620,13649, 30-11-2018 01:45:36, 30-11-2018 01:46:05 
E,456,2, N2,13650,13679, 30-11-2018 01:46:06, 30-11-2018 01:46:35 
E,457,2, N2,13680,13709, 30-11-2018 01:46:36, 30-11-2018 01:47:05 
E,458,2, N2,13710,13739, 30-11-2018 01:47:06, 30-11-2018 01:47:35 
E,459,2, N2,13740,13769, 30-11-2018 01:47:36, 30-11-2018 01:48:05 
E,460,2, N2,13770,13799, 30-11-2018 01:48:06, 30-11-2018 01:48:35 
E,461,2, N2,13800,13829, 30-11-2018 01:48:36, 30-11-2018 01:49:05 
E,462,2, N2,13830,13859, 30-11-2018 01:49:06, 30-11-2018 01:49:35 
E,463,2, N2,13860,13889, 30-11-2018 01:49:36, 30-11-2018 01:50:05 
E,464,2, N2,13890,13919, 30-11-2018 01:50:06, 30-11-2018 01:50:35 
E,465,2, N2,13920,13949, 30-11-2018 01:50:36, 30-11-2018 01:51:05 
E,466,2, N2,13950,13979, 30-11-2018 01:51:06, 30-11-2018 01:51:35 
E,467,2, N2,13980,14009, 30-11-2018 01:51:36, 30-11-2018 01:52:05 
E,468,2, N2,14010,14039, 30-11-2018 01:52:06, 30-11-2018 01:52:35 
E,469,2, N2,14040,14069, 30-11-2018 01:52:36, 30-11-2018 01:53:05 
E,470,2, N2,14070,14099, 30-11-2018 01:53:06, 30-11-2018 01:53:35 
E,471,5, W,14100,14129, 30-11-2018 01:53:36, 30-11-2018 01:54:05 
E,472,U,U,14130,14159, 30-11-2018 01:54:06, 30-11-2018 01:54:35 
E,473,2, N2,14160,14189, 30-11-2018 01:54:36, 30-11-2018 01:55:05 
E,474,2, N2,14190,14219, 30-11-2018 01:55:06, 30-11-2018 01:55:35 
E,475,2, N2,14220,14249, 30-11-2018 01:55:36, 30-11-2018 01:56:05 
E,476,2, N2,14250,14279, 30-11-2018 01:56:06, 30-11-2018 01:56:35 
E,477,2, N2,14280,14309, 30-11-2018 01:56:36, 30-11-2018 01:57:05 
E,478,2, N2,14310,14339, 30-11-2018 01:57:06, 30-11-2018 01:57:35 
E,479,5, W,14340,14369, 30-11-2018 01:57:36, 30-11-2018 01:58:05 
E,480,5, W,14370,14399, 30-11-2018 01:58:06, 30-11-2018 01:58:35 
E,481,2, N2,14400,14429, 30-11-2018 01:58:36, 30-11-2018 01:59:05 
E,482,2, N2,14430,14459, 30-11-2018 01:59:06, 30-11-2018 01:59:35 
E,483,2, N2,14460,14489, 30-11-2018 01:59:36, 30-11-2018 02:00:05 
E,484,2, N2,14490,14519, 30-11-2018 02:00:06, 30-11-2018 02:00:35 
E,485,2, N2,14520,14549, 30-11-2018 02:00:36, 30-11-2018 02:01:05 
E,486,U,U,14550,14579, 30-11-2018 02:01:06, 30-11-2018 02:01:35 
E,487,U,U,14580,14609, 30-11-2018 02:01:36, 30-11-2018 02:02:05 
E,488,5, W,14610,14639, 30-11-2018 02:02:06, 30-11-2018 02:02:35 
E,489,U,U,14640,14669, 30-11-2018 02:02:36, 30-11-2018 02:03:05 
E,490,U,U,14670,14699, 30-11-2018 02:03:06, 30-11-2018 02:03:35 
E,491,4, R,14700,14729, 30-11-2018 02:03:36, 30-11-2018 02:04:05 
E,492,4, R,14730,14759, 30-11-2018 02:04:06, 30-11-2018 02:04:35 
E,493,4, R,14760,14789, 30-11-2018 02:04:36, 30-11-2018 02:05:05 
E,494,4, R,14790,14819, 30-11-2018 02:05:06, 30-11-2018 02:05:35 
E,495,4, R,14820,14849, 30-11-2018 02:05:36, 30-11-2018 02:06:05 
E,496,4, R,14850,14879, 30-11-2018 02:06:06, 30-11-2018 02:06:35 
E,497,4, R,14880,14909, 30-11-2018 02:06:36, 30-11-2018 02:07:05 
E,498,4, R,14910,14939, 30-11-2018 02:07:06, 30-11-2018 02:07:35 
E,499,4, R,14940,14969, 30-11-2018 02:07:36, 30-11-2018 02:08:05 
E,500,4, R,14970,14999, 30-11-2018 02:08:06, 30-11-2018 02:08:35 
E,501,4, R,15000,15029, 30-11-2018 02:08:36, 30-11-2018 02:09:05 
E,502,4, R,15030,15059, 30-11-2018 02:09:06, 30-11-2018 02:09:35 
E,503,4, R,15060,15089, 30-11-2018 02:09:36, 30-11-2018 02:10:05 
E,504,4, R,15090,15119, 30-11-2018 02:10:06, 30-11-2018 02:10:35 
E,505,4, R,15120,15149, 30-11-2018 02:10:36, 30-11-2018 02:11:05 
E,506,4, R,15150,15179, 30-11-2018 02:11:06, 30-11-2018 02:11:35 
E,507,4, R,15180,15209, 30-11-2018 02:11:36, 30-11-2018 02:12:05 
E,508,4, R,15210,15239, 30-11-2018 02:12:06, 30-11-2018 02:12:35 
E,509,4, R,15240,15269, 30-11-2018 02:12:36, 30-11-2018 02:13:05 
E,510,U,U,15270,15299, 30-11-2018 02:13:06, 30-11-2018 02:13:35 
E,511,5, W,15300,15329, 30-11-2018 02:13:36, 30-11-2018 02:14:05 
E,512,U,U,15330,15359, 30-11-2018 02:14:06, 30-11-2018 02:14:35 
E,513,U,U,15360,15389, 30-11-2018 02:14:36, 30-11-2018 02:15:05 
E,514,U,U,15390,15419, 30-11-2018 02:15:06, 30-11-2018 02:15:35 
E,515,4, R,15420,15449, 30-11-2018 02:15:36, 30-11-2018 02:16:05 
E,516,4, R,15450,15479, 30-11-2018 02:16:06, 30-11-2018 02:16:35 
E,517,4, R,15480,15509, 30-11-2018 02:16:36, 30-11-2018 02:17:05 
E,518,4, R,15510,15539, 30-11-2018 02:17:06, 30-11-2018 02:17:35 
E,519,4, R,15540,15569, 30-11-2018 02:17:36, 30-11-2018 02:18:05 
E,520,4, R,15570,15599, 30-11-2018 02:18:06, 30-11-2018 02:18:35 
E,521,4, R,15600,15629, 30-11-2018 02:18:36, 30-11-2018 02:19:05 
E,522,4, R,15630,15659, 30-11-2018 02:19:06, 30-11-2018 02:19:35 
E,523,5, W,15660,15689, 30-11-2018 02:19:36, 30-11-2018 02:20:05 
E,524,U,U,15690,15719, 30-11-2018 02:20:06, 30-11-2018 02:20:35 
E,525,U,U,15720,15749, 30-11-2018 02:20:36, 30-11-2018 02:21:05 
E,526,5, W,15750,15779, 30-11-2018 02:21:06, 30-11-2018 02:21:35 
E,527,U,U,15780,15809, 30-11-2018 02:21:36, 30-11-2018 02:22:05 
E,528,U,U,15810,15839, 30-11-2018 02:22:06, 30-11-2018 02:22:35 
E,529,U,U,15840,15869, 30-11-2018 02:22:36, 30-11-2018 02:23:05 
E,530,U,U,15870,15899, 30-11-2018 02:23:06, 30-11-2018 02:23:35 
E,531,U,U,15900,15929, 30-11-2018 02:23:36, 30-11-2018 02:24:05 
E,532,U,U,15930,15959, 30-11-2018 02:24:06, 30-11-2018 02:24:35 
E,533,U,U,15960,15989, 30-11-2018 02:24:36, 30-11-2018 02:25:05 
E,534,U,U,15990,16019, 30-11-2018 02:25:06, 30-11-2018 02:25:35 
E,535,U,U,16020,16049, 30-11-2018 02:25:36, 30-11-2018 02:26:05 
E,536,U,U,16050,16079, 30-11-2018 02:26:06, 30-11-2018 02:26:35 
E,537,U,U,16080,16109, 30-11-2018 02:26:36, 30-11-2018 02:27:05 
E,538,U,U,16110,16139, 30-11-2018 02:27:06, 30-11-2018 02:27:35 
E,539,U,U,16140,16169, 30-11-2018 02:27:36, 30-11-2018 02:28:05 
E,540,U,U,16170,16199, 30-11-2018 02:28:06, 30-11-2018 02:28:35 
E,541,U,U,16200,16229, 30-11-2018 02:28:36, 30-11-2018 02:29:05 
E,542,U,U,16230,16259, 30-11-2018 02:29:06, 30-11-2018 02:29:35 
E,543,U,U,16260,16289, 30-11-2018 02:29:36, 30-11-2018 02:30:05 
E,544,U,U,16290,16319, 30-11-2018 02:30:06, 30-11-2018 02:30:35 
E,545,U,U,16320,16349, 30-11-2018 02:30:36, 30-11-2018 02:31:05 
E,546,U,U,16350,16379, 30-11-2018 02:31:06, 30-11-2018 02:31:35 
E,547,U,U,16380,16409, 30-11-2018 02:31:36, 30-11-2018 02:32:05 
E,548,U,U,16410,16439, 30-11-2018 02:32:06, 30-11-2018 02:32:35 
E,549,U,U,16440,16469, 30-11-2018 02:32:36, 30-11-2018 02:33:05 
E,550,5, W,16470,16499, 30-11-2018 02:33:06, 30-11-2018 02:33:35 
E,551,2, N2,16500,16529, 30-11-2018 02:33:36, 30-11-2018 02:34:05 
E,552,2, N2,16530,16559, 30-11-2018 02:34:06, 30-11-2018 02:34:35 
E,553,2, N2,16560,16589, 30-11-2018 02:34:36, 30-11-2018 02:35:05 
E,554,2, N2,16590,16619, 30-11-2018 02:35:06, 30-11-2018 02:35:35 
E,555,2, N2,16620,16649, 30-11-2018 02:35:36, 30-11-2018 02:36:05 
E,556,2, N2,16650,16679, 30-11-2018 02:36:06, 30-11-2018 02:36:35 
E,557,2, N2,16680,16709, 30-11-2018 02:36:36, 30-11-2018 02:37:05 
E,558,2, N2,16710,16739, 30-11-2018 02:37:06, 30-11-2018 02:37:35 
E,559,2, N2,16740,16769, 30-11-2018 02:37:36, 30-11-2018 02:38:05 
E,560,2, N2,16770,16799, 30-11-2018 02:38:06, 30-11-2018 02:38:35 
E,561,2, N2,16800,16829, 30-11-2018 02:38:36, 30-11-2018 02:39:05 
E,562,2, N2,16830,16859, 30-11-2018 02:39:06, 30-11-2018 02:39:35 
E,563,2, N2,16860,16889, 30-11-2018 02:39:36, 30-11-2018 02:40:05 
E,564,2, N2,16890,16919, 30-11-2018 02:40:06, 30-11-2018 02:40:35 
E,565,U,U,16920,16949, 30-11-2018 02:40:36, 30-11-2018 02:41:05 
E,566,2, N2,16950,16979, 30-11-2018 02:41:06, 30-11-2018 02:41:35 
E,567,5, W,16980,17009, 30-11-2018 02:41:36, 30-11-2018 02:42:05 
E,568,2, N2,17010,17039, 30-11-2018 02:42:06, 30-11-2018 02:42:35 
E,569,2, N2,17040,17069, 30-11-2018 02:42:36, 30-11-2018 02:43:05 
E,570,2, N2,17070,17099, 30-11-2018 02:43:06, 30-11-2018 02:43:35 
E,571,2, N2,17100,17129, 30-11-2018 02:43:36, 30-11-2018 02:44:05 
E,572,2, N2,17130,17159, 30-11-2018 02:44:06, 30-11-2018 02:44:35 
E,573,2, N2,17160,17189, 30-11-2018 02:44:36, 30-11-2018 02:45:05 
E,574,2, N2,17190,17219, 30-11-2018 02:45:06, 30-11-2018 02:45:35 
E,575,2, N2,17220,17249, 30-11-2018 02:45:36, 30-11-2018 02:46:05 
E,576,5, W,17250,17279, 30-11-2018 02:46:06, 30-11-2018 02:46:35 
E,577,U,U,17280,17309, 30-11-2018 02:46:36, 30-11-2018 02:47:05 
E,578,2, N2,17310,17339, 30-11-2018 02:47:06, 30-11-2018 02:47:35 
E,579,2, N2,17340,17369, 30-11-2018 02:47:36, 30-11-2018 02:48:05 
E,580,2, N2,17370,17399, 30-11-2018 02:48:06, 30-11-2018 02:48:35 
E,581,2, N2,17400,17429, 30-11-2018 02:48:36, 30-11-2018 02:49:05 
E,582,2, N2,17430,17459, 30-11-2018 02:49:06, 30-11-2018 02:49:35 
E,583,2, N2,17460,17489, 30-11-2018 02:49:36, 30-11-2018 02:50:05 
E,584,2, N2,17490,17519, 30-11-2018 02:50:06, 30-11-2018 02:50:35 
E,585,U,U,17520,17549, 30-11-2018 02:50:36, 30-11-2018 02:51:05 
E,586,2, N2,17550,17579, 30-11-2018 02:51:06, 30-11-2018 02:51:35 
E,587,2, N2,17580,17609, 30-11-2018 02:51:36, 30-11-2018 02:52:05 
E,588,2, N2,17610,17639, 30-11-2018 02:52:06, 30-11-2018 02:52:35 
E,589,2, N2,17640,17669, 30-11-2018 02:52:36, 30-11-2018 02:53:05 
E,590,2, N2,17670,17699, 30-11-2018 02:53:06, 30-11-2018 02:53:35 
E,591,2, N2,17700,17729, 30-11-2018 02:53:36, 30-11-2018 02:54:05 
E,592,2, N2,17730,17759, 30-11-2018 02:54:06, 30-11-2018 02:54:35 
E,593,2, N2,17760,17789, 30-11-2018 02:54:36, 30-11-2018 02:55:05 
E,594,2, N2,17790,17819, 30-11-2018 02:55:06, 30-11-2018 02:55:35 
E,595,2, N2,17820,17849, 30-11-2018 02:55:36, 30-11-2018 02:56:05 
E,596,2, N2,17850,17879, 30-11-2018 02:56:06, 30-11-2018 02:56:35 
E,597,2, N2,17880,17909, 30-11-2018 02:56:36, 30-11-2018 02:57:05 
E,598,2, N2,17910,17939, 30-11-2018 02:57:06, 30-11-2018 02:57:35 
E,599,2, N2,17940,17969, 30-11-2018 02:57:36, 30-11-2018 02:58:05 
E,600,2, N2,17970,17999, 30-11-2018 02:58:06, 30-11-2018 02:58:35 
E,601,2, N2,18000,18029, 30-11-2018 02:58:36, 30-11-2018 02:59:05 
E,602,U,U,18030,18059, 30-11-2018 02:59:06, 30-11-2018 02:59:35 
E,603,5, W,18060,18089, 30-11-2018 02:59:36, 30-11-2018 03:00:05 
E,604,5, W,18090,18119, 30-11-2018 03:00:06, 30-11-2018 03:00:35 
E,605,2, N2,18120,18149, 30-11-2018 03:00:36, 30-11-2018 03:01:05 
E,606,2, N2,18150,18179, 30-11-2018 03:01:06, 30-11-2018 03:01:35 
E,607,2, N2,18180,18209, 30-11-2018 03:01:36, 30-11-2018 03:02:05 
E,608,2, N2,18210,18239, 30-11-2018 03:02:06, 30-11-2018 03:02:35 
E,609,2, N2,18240,18269, 30-11-2018 03:02:36, 30-11-2018 03:03:05 
E,610,2, N2,18270,18299, 30-11-2018 03:03:06, 30-11-2018 03:03:35 
E,611,2, N2,18300,18329, 30-11-2018 03:03:36, 30-11-2018 03:04:05 
E,612,2, N2,18330,18359, 30-11-2018 03:04:06, 30-11-2018 03:04:35 
E,613,2, N2,18360,18389, 30-11-2018 03:04:36, 30-11-2018 03:05:05 
E,614,2, N2,18390,18419, 30-11-2018 03:05:06, 30-11-2018 03:05:35 
E,615,2, N2,18420,18449, 30-11-2018 03:05:36, 30-11-2018 03:06:05 
E,616,2, N2,18450,18479, 30-11-2018 03:06:06, 30-11-2018 03:06:35 
E,617,2, N2,18480,18509, 30-11-2018 03:06:36, 30-11-2018 03:07:05 
E,618,2, N2,18510,18539, 30-11-2018 03:07:06, 30-11-2018 03:07:35 
E,619,2, N2,18540,18569, 30-11-2018 03:07:36, 30-11-2018 03:08:05 
E,620,2, N2,18570,18599, 30-11-2018 03:08:06, 30-11-2018 03:08:35 
E,621,2, N2,18600,18629, 30-11-2018 03:08:36, 30-11-2018 03:09:05 
E,622,5, W,18630,18659, 30-11-2018 03:09:06, 30-11-2018 03:09:35 
E,623,2, N2,18660,18689, 30-11-2018 03:09:36, 30-11-2018 03:10:05 
E,624,2, N2,18690,18719, 30-11-2018 03:10:06, 30-11-2018 03:10:35 
E,625,2, N2,18720,18749, 30-11-2018 03:10:36, 30-11-2018 03:11:05 
E,626,2, N2,18750,18779, 30-11-2018 03:11:06, 30-11-2018 03:11:35 
E,627,2, N2,18780,18809, 30-11-2018 03:11:36, 30-11-2018 03:12:05 
E,628,2, N2,18810,18839, 30-11-2018 03:12:06, 30-11-2018 03:12:35 
E,629,2, N2,18840,18869, 30-11-2018 03:12:36, 30-11-2018 03:13:05 
E,630,2, N2,18870,18899, 30-11-2018 03:13:06, 30-11-2018 03:13:35 
E,631,2, N2,18900,18929, 30-11-2018 03:13:36, 30-11-2018 03:14:05 
E,632,2, N2,18930,18959, 30-11-2018 03:14:06, 30-11-2018 03:14:35 
E,633,2, N2,18960,18989, 30-11-2018 03:14:36, 30-11-2018 03:15:05 
E,634,2, N2,18990,19019, 30-11-2018 03:15:06, 30-11-2018 03:15:35 
E,635,2, N2,19020,19049, 30-11-2018 03:15:36, 30-11-2018 03:16:05 
E,636,2, N2,19050,19079, 30-11-2018 03:16:06, 30-11-2018 03:16:35 
E,637,2, N2,19080,19109, 30-11-2018 03:16:36, 30-11-2018 03:17:05 
E,638,2, N2,19110,19139, 30-11-2018 03:17:06, 30-11-2018 03:17:35 
E,639,2, N2,19140,19169, 30-11-2018 03:17:36, 30-11-2018 03:18:05 
E,640,2, N2,19170,19199, 30-11-2018 03:18:06, 30-11-2018 03:18:35 
E,641,2, N2,19200,19229, 30-11-2018 03:18:36, 30-11-2018 03:19:05 
E,642,2, N2,19230,19259, 30-11-2018 03:19:06, 30-11-2018 03:19:35 
E,643,2, N2,19260,19289, 30-11-2018 03:19:36, 30-11-2018 03:20:05 
E,644,2, N2,19290,19319, 30-11-2018 03:20:06, 30-11-2018 03:20:35 
E,645,2, N2,19320,19349, 30-11-2018 03:20:36, 30-11-2018 03:21:05 
E,646,5, W,19350,19379, 30-11-2018 03:21:06, 30-11-2018 03:21:35 
E,647,U,U,19380,19409, 30-11-2018 03:21:36, 30-11-2018 03:22:05 
E,648,2, N2,19410,19439, 30-11-2018 03:22:06, 30-11-2018 03:22:35 
E,649,2, N2,19440,19469, 30-11-2018 03:22:36, 30-11-2018 03:23:05 
E,650,2, N2,19470,19499, 30-11-2018 03:23:06, 30-11-2018 03:23:35 
E,651,U,U,19500,19529, 30-11-2018 03:23:36, 30-11-2018 03:24:05 
E,652,U,U,19530,19559, 30-11-2018 03:24:06, 30-11-2018 03:24:35 
E,653,2, N2,19560,19589, 30-11-2018 03:24:36, 30-11-2018 03:25:05 
E,654,2, N2,19590,19619, 30-11-2018 03:25:06, 30-11-2018 03:25:35 
E,655,2, N2,19620,19649, 30-11-2018 03:25:36, 30-11-2018 03:26:05 
E,656,2, N2,19650,19679, 30-11-2018 03:26:06, 30-11-2018 03:26:35 
E,657,2, N2,19680,19709, 30-11-2018 03:26:36, 30-11-2018 03:27:05 
E,658,2, N2,19710,19739, 30-11-2018 03:27:06, 30-11-2018 03:27:35 
E,659,2, N2,19740,19769, 30-11-2018 03:27:36, 30-11-2018 03:28:05 
E,660,2, N2,19770,19799, 30-11-2018 03:28:06, 30-11-2018 03:28:35 
E,661,2, N2,19800,19829, 30-11-2018 03:28:36, 30-11-2018 03:29:05 
E,662,2, N2,19830,19859, 30-11-2018 03:29:06, 30-11-2018 03:29:35 
E,663,2, N2,19860,19889, 30-11-2018 03:29:36, 30-11-2018 03:30:05 
E,664,2, N2,19890,19919, 30-11-2018 03:30:06, 30-11-2018 03:30:35 
E,665,2, N2,19920,19949, 30-11-2018 03:30:36, 30-11-2018 03:31:05 
E,666,2, N2,19950,19979, 30-11-2018 03:31:06, 30-11-2018 03:31:35 
E,667,2, N2,19980,20009, 30-11-2018 03:31:36, 30-11-2018 03:32:05 
E,668,2, N2,20010,20039, 30-11-2018 03:32:06, 30-11-2018 03:32:35 
E,669,2, N2,20040,20069, 30-11-2018 03:32:36, 30-11-2018 03:33:05 
E,670,2, N2,20070,20099, 30-11-2018 03:33:06, 30-11-2018 03:33:35 
E,671,5, W,20100,20129, 30-11-2018 03:33:36, 30-11-2018 03:34:05 
E,672,5, W,20130,20159, 30-11-2018 03:34:06, 30-11-2018 03:34:35 
E,673,2, N2,20160,20189, 30-11-2018 03:34:36, 30-11-2018 03:35:05 
E,674,2, N2,20190,20219, 30-11-2018 03:35:06, 30-11-2018 03:35:35 
E,675,2, N2,20220,20249, 30-11-2018 03:35:36, 30-11-2018 03:36:05 
E,676,2, N2,20250,20279, 30-11-2018 03:36:06, 30-11-2018 03:36:35 
E,677,2, N2,20280,20309, 30-11-2018 03:36:36, 30-11-2018 03:37:05 
E,678,5, W,20310,20339, 30-11-2018 03:37:06, 30-11-2018 03:37:35 
E,679,U,U,20340,20369, 30-11-2018 03:37:36, 30-11-2018 03:38:05 
E,680,2, N2,20370,20399, 30-11-2018 03:38:06, 30-11-2018 03:38:35 
E,681,2, N2,20400,20429, 30-11-2018 03:38:36, 30-11-2018 03:39:05 
E,682,2, N2,20430,20459, 30-11-2018 03:39:06, 30-11-2018 03:39:35 
E,683,2, N2,20460,20489, 30-11-2018 03:39:36, 30-11-2018 03:40:05 
E,684,2, N2,20490,20519, 30-11-2018 03:40:06, 30-11-2018 03:40:35 
E,685,2, N2,20520,20549, 30-11-2018 03:40:36, 30-11-2018 03:41:05 
E,686,2, N2,20550,20579, 30-11-2018 03:41:06, 30-11-2018 03:41:35 
E,687,2, N2,20580,20609, 30-11-2018 03:41:36, 30-11-2018 03:42:05 
E,688,2, N2,20610,20639, 30-11-2018 03:42:06, 30-11-2018 03:42:35 
E,689,5, W,20640,20669, 30-11-2018 03:42:36, 30-11-2018 03:43:05 
E,690,2, N2,20670,20699, 30-11-2018 03:43:06, 30-11-2018 03:43:35 
E,691,2, N2,20700,20729, 30-11-2018 03:43:36, 30-11-2018 03:44:05 
E,692,5, W,20730,20759, 30-11-2018 03:44:06, 30-11-2018 03:44:35 
E,693,2, N2,20760,20789, 30-11-2018 03:44:36, 30-11-2018 03:45:05 
E,694,2, N2,20790,20819, 30-11-2018 03:45:06, 30-11-2018 03:45:35 
E,695,2, N2,20820,20849, 30-11-2018 03:45:36, 30-11-2018 03:46:05 
E,696,2, N2,20850,20879, 30-11-2018 03:46:06, 30-11-2018 03:46:35 
E,697,2, N2,20880,20909, 30-11-2018 03:46:36, 30-11-2018 03:47:05 
E,698,2, N2,20910,20939, 30-11-2018 03:47:06, 30-11-2018 03:47:35 
E,699,2, N2,20940,20969, 30-11-2018 03:47:36, 30-11-2018 03:48:05 
E,700,2, N2,20970,20999, 30-11-2018 03:48:06, 30-11-2018 03:48:35 
E,701,2, N2,21000,21029, 30-11-2018 03:48:36, 30-11-2018 03:49:05 
E,702,2, N2,21030,21059, 30-11-2018 03:49:06, 30-11-2018 03:49:35 
E,703,5, W,21060,21089, 30-11-2018 03:49:36, 30-11-2018 03:50:05 
E,704,5, W,21090,21119, 30-11-2018 03:50:06, 30-11-2018 03:50:35 
E,705,U,U,21120,21149, 30-11-2018 03:50:36, 30-11-2018 03:51:05 
E,706,U,U,21150,21179, 30-11-2018 03:51:06, 30-11-2018 03:51:35 
E,707,2, N2,21180,21209, 30-11-2018 03:51:36, 30-11-2018 03:52:05 
E,708,2, N2,21210,21239, 30-11-2018 03:52:06, 30-11-2018 03:52:35 
E,709,2, N2,21240,21269, 30-11-2018 03:52:36, 30-11-2018 03:53:05 
E,710,2, N2,21270,21299, 30-11-2018 03:53:06, 30-11-2018 03:53:35 
E,711,2, N2,21300,21329, 30-11-2018 03:53:36, 30-11-2018 03:54:05 
E,712,2, N2,21330,21359, 30-11-2018 03:54:06, 30-11-2018 03:54:35 
E,713,2, N2,21360,21389, 30-11-2018 03:54:36, 30-11-2018 03:55:05 
E,714,2, N2,21390,21419, 30-11-2018 03:55:06, 30-11-2018 03:55:35 
E,715,2, N2,21420,21449, 30-11-2018 03:55:36, 30-11-2018 03:56:05 
E,716,2, N2,21450,21479, 30-11-2018 03:56:06, 30-11-2018 03:56:35 
E,717,2, N2,21480,21509, 30-11-2018 03:56:36, 30-11-2018 03:57:05 
E,718,2, N2,21510,21539, 30-11-2018 03:57:06, 30-11-2018 03:57:35 
E,719,2, N2,21540,21569, 30-11-2018 03:57:36, 30-11-2018 03:58:05 
E,720,5, W,21570,21599, 30-11-2018 03:58:06, 30-11-2018 03:58:35 
E,721,5, W,21600,21629, 30-11-2018 03:58:36, 30-11-2018 03:59:05 
E,722,2, N2,21630,21659, 30-11-2018 03:59:06, 30-11-2018 03:59:35 
E,723,2, N2,21660,21689, 30-11-2018 03:59:36, 30-11-2018 04:00:05 
E,724,2, N2,21690,21719, 30-11-2018 04:00:06, 30-11-2018 04:00:35 
E,725,2, N2,21720,21749, 30-11-2018 04:00:36, 30-11-2018 04:01:05 
E,726,2, N2,21750,21779, 30-11-2018 04:01:06, 30-11-2018 04:01:35 
E,727,2, N2,21780,21809, 30-11-2018 04:01:36, 30-11-2018 04:02:05 
E,728,2, N2,21810,21839, 30-11-2018 04:02:06, 30-11-2018 04:02:35 
E,729,2, N2,21840,21869, 30-11-2018 04:02:36, 30-11-2018 04:03:05 
E,730,2, N2,21870,21899, 30-11-2018 04:03:06, 30-11-2018 04:03:35 
E,731,2, N2,21900,21929, 30-11-2018 04:03:36, 30-11-2018 04:04:05 
E,732,2, N2,21930,21959, 30-11-2018 04:04:06, 30-11-2018 04:04:35 
E,733,2, N2,21960,21989, 30-11-2018 04:04:36, 30-11-2018 04:05:05 
E,734,2, N2,21990,22019, 30-11-2018 04:05:06, 30-11-2018 04:05:35 
E,735,2, N2,22020,22049, 30-11-2018 04:05:36, 30-11-2018 04:06:05 
E,736,2, N2,22050,22079, 30-11-2018 04:06:06, 30-11-2018 04:06:35 
E,737,2, N2,22080,22109, 30-11-2018 04:06:36, 30-11-2018 04:07:05 
E,738,2, N2,22110,22139, 30-11-2018 04:07:06, 30-11-2018 04:07:35 
E,739,2, N2,22140,22169, 30-11-2018 04:07:36, 30-11-2018 04:08:05 
E,740,2, N2,22170,22199, 30-11-2018 04:08:06, 30-11-2018 04:08:35 
E,741,2, N2,22200,22229, 30-11-2018 04:08:36, 30-11-2018 04:09:05 
E,742,2, N2,22230,22259, 30-11-2018 04:09:06, 30-11-2018 04:09:35 
E,743,2, N2,22260,22289, 30-11-2018 04:09:36, 30-11-2018 04:10:05 
E,744,2, N2,22290,22319, 30-11-2018 04:10:06, 30-11-2018 04:10:35 
E,745,2, N2,22320,22349, 30-11-2018 04:10:36, 30-11-2018 04:11:05 
E,746,U,U,22350,22379, 30-11-2018 04:11:06, 30-11-2018 04:11:35 
E,747,5, W,22380,22409, 30-11-2018 04:11:36, 30-11-2018 04:12:05 
E,748,2, N2,22410,22439, 30-11-2018 04:12:06, 30-11-2018 04:12:35 
E,749,2, N2,22440,22469, 30-11-2018 04:12:36, 30-11-2018 04:13:05 
E,750,2, N2,22470,22499, 30-11-2018 04:13:06, 30-11-2018 04:13:35 
E,751,2, N2,22500,22529, 30-11-2018 04:13:36, 30-11-2018 04:14:05 
E,752,2, N2,22530,22559, 30-11-2018 04:14:06, 30-11-2018 04:14:35 
E,753,2, N2,22560,22589, 30-11-2018 04:14:36, 30-11-2018 04:15:05 
E,754,2, N2,22590,22619, 30-11-2018 04:15:06, 30-11-2018 04:15:35 
E,755,2, N2,22620,22649, 30-11-2018 04:15:36, 30-11-2018 04:16:05 
E,756,2, N2,22650,22679, 30-11-2018 04:16:06, 30-11-2018 04:16:35 
E,757,2, N2,22680,22709, 30-11-2018 04:16:36, 30-11-2018 04:17:05 
E,758,2, N2,22710,22739, 30-11-2018 04:17:06, 30-11-2018 04:17:35 
E,759,2, N2,22740,22769, 30-11-2018 04:17:36, 30-11-2018 04:18:05 
E,760,2, N2,22770,22799, 30-11-2018 04:18:06, 30-11-2018 04:18:35 
E,761,2, N2,22800,22829, 30-11-2018 04:18:36, 30-11-2018 04:19:05 
E,762,2, N2,22830,22859, 30-11-2018 04:19:06, 30-11-2018 04:19:35 
E,763,2, N2,22860,22889, 30-11-2018 04:19:36, 30-11-2018 04:20:05 
E,764,2, N2,22890,22919, 30-11-2018 04:20:06, 30-11-2018 04:20:35 
E,765,2, N2,22920,22949, 30-11-2018 04:20:36, 30-11-2018 04:21:05 
E,766,2, N2,22950,22979, 30-11-2018 04:21:06, 30-11-2018 04:21:35 
E,767,2, N2,22980,23009, 30-11-2018 04:21:36, 30-11-2018 04:22:05 
E,768,2, N2,23010,23039, 30-11-2018 04:22:06, 30-11-2018 04:22:35 
E,769,2, N2,23040,23069, 30-11-2018 04:22:36, 30-11-2018 04:23:05 
E,770,2, N2,23070,23099, 30-11-2018 04:23:06, 30-11-2018 04:23:35 
E,771,5, W,23100,23129, 30-11-2018 04:23:36, 30-11-2018 04:24:05 
E,772,U,U,23130,23159, 30-11-2018 04:24:06, 30-11-2018 04:24:35 
E,773,U,U,23160,23189, 30-11-2018 04:24:36, 30-11-2018 04:25:05 
E,774,2, N2,23190,23219, 30-11-2018 04:25:06, 30-11-2018 04:25:35 
E,775,2, N2,23220,23249, 30-11-2018 04:25:36, 30-11-2018 04:26:05 
E,776,U,U,23250,23279, 30-11-2018 04:26:06, 30-11-2018 04:26:35 
E,777,U,U,23280,23309, 30-11-2018 04:26:36, 30-11-2018 04:27:05 
E,778,5, W,23310,23339, 30-11-2018 04:27:06, 30-11-2018 04:27:35 
E,779,U,U,23340,23369, 30-11-2018 04:27:36, 30-11-2018 04:28:05 
E,780,2, N2,23370,23399, 30-11-2018 04:28:06, 30-11-2018 04:28:35 
E,781,2, N2,23400,23429, 30-11-2018 04:28:36, 30-11-2018 04:29:05 
E,782,5, W,23430,23459, 30-11-2018 04:29:06, 30-11-2018 04:29:35 
E,783,U,U,23460,23489, 30-11-2018 04:29:36, 30-11-2018 04:30:05 
E,784,4, R,23490,23519, 30-11-2018 04:30:06, 30-11-2018 04:30:35 
E,785,4, R,23520,23549, 30-11-2018 04:30:36, 30-11-2018 04:31:05 
E,786,U,U,23550,23579, 30-11-2018 04:31:06, 30-11-2018 04:31:35 
E,787,4, R,23580,23609, 30-11-2018 04:31:36, 30-11-2018 04:32:05 
E,788,4, R,23610,23639, 30-11-2018 04:32:06, 30-11-2018 04:32:35 
E,789,4, R,23640,23669, 30-11-2018 04:32:36, 30-11-2018 04:33:05 
E,790,4, R,23670,23699, 30-11-2018 04:33:06, 30-11-2018 04:33:35 
E,791,4, R,23700,23729, 30-11-2018 04:33:36, 30-11-2018 04:34:05 
E,792,U,U,23730,23759, 30-11-2018 04:34:06, 30-11-2018 04:34:35 
E,793,4, R,23760,23789, 30-11-2018 04:34:36, 30-11-2018 04:35:05 
E,794,4, R,23790,23819, 30-11-2018 04:35:06, 30-11-2018 04:35:35 
E,795,4, R,23820,23849, 30-11-2018 04:35:36, 30-11-2018 04:36:05 
E,796,4, R,23850,23879, 30-11-2018 04:36:06, 30-11-2018 04:36:35 
E,797,4, R,23880,23909, 30-11-2018 04:36:36, 30-11-2018 04:37:05 
E,798,4, R,23910,23939, 30-11-2018 04:37:06, 30-11-2018 04:37:35 
E,799,4, R,23940,23969, 30-11-2018 04:37:36, 30-11-2018 04:38:05 
E,800,4, R,23970,23999, 30-11-2018 04:38:06, 30-11-2018 04:38:35 
E,801,4, R,24000,24029, 30-11-2018 04:38:36, 30-11-2018 04:39:05 
E,802,4, R,24030,24059, 30-11-2018 04:39:06, 30-11-2018 04:39:35 
E,803,4, R,24060,24089, 30-11-2018 04:39:36, 30-11-2018 04:40:05 
E,804,4, R,24090,24119, 30-11-2018 04:40:06, 30-11-2018 04:40:35 
E,805,4, R,24120,24149, 30-11-2018 04:40:36, 30-11-2018 04:41:05 
E,806,4, R,24150,24179, 30-11-2018 04:41:06, 30-11-2018 04:41:35 
E,807,5, W,24180,24209, 30-11-2018 04:41:36, 30-11-2018 04:42:05 
E,808,5, W,24210,24239, 30-11-2018 04:42:06, 30-11-2018 04:42:35 
E,809,5, W,24240,24269, 30-11-2018 04:42:36, 30-11-2018 04:43:05 
E,810,5, W,24270,24299, 30-11-2018 04:43:06, 30-11-2018 04:43:35 
E,811,5, W,24300,24329, 30-11-2018 04:43:36, 30-11-2018 04:44:05 
E,812,5, W,24330,24359, 30-11-2018 04:44:06, 30-11-2018 04:44:35 
E,813,5, W,24360,24389, 30-11-2018 04:44:36, 30-11-2018 04:45:05 
E,814,5, W,24390,24419, 30-11-2018 04:45:06, 30-11-2018 04:45:35 
E,815,5, W,24420,24449, 30-11-2018 04:45:36, 30-11-2018 04:46:05 
E,816,U,U,24450,24479, 30-11-2018 04:46:06, 30-11-2018 04:46:35 
E,817,U,U,24480,24509, 30-11-2018 04:46:36, 30-11-2018 04:47:05 
E,818,U,U,24510,24539, 30-11-2018 04:47:06, 30-11-2018 04:47:35 
E,819,U,U,24540,24569, 30-11-2018 04:47:36, 30-11-2018 04:48:05 
E,820,U,U,24570,24599, 30-11-2018 04:48:06, 30-11-2018 04:48:35 
E,821,U,U,24600,24629, 30-11-2018 04:48:36, 30-11-2018 04:49:05 
E,822,U,U,24630,24659, 30-11-2018 04:49:06, 30-11-2018 04:49:35 
E,823,U,U,24660,24689, 30-11-2018 04:49:36, 30-11-2018 04:50:05 
E,824,U,U,24690,24719, 30-11-2018 04:50:06, 30-11-2018 04:50:35 
E,825,U,U,24720,24749, 30-11-2018 04:50:36, 30-11-2018 04:51:05 
E,826,U,U,24750,24779, 30-11-2018 04:51:06, 30-11-2018 04:51:35 
E,827,U,U,24780,24809, 30-11-2018 04:51:36, 30-11-2018 04:52:05 
E,828,U,U,24810,24839, 30-11-2018 04:52:06, 30-11-2018 04:52:35 
E,829,U,U,24840,24869, 30-11-2018 04:52:36, 30-11-2018 04:53:05 
E,830,U,U,24870,24899, 30-11-2018 04:53:06, 30-11-2018 04:53:35 
E,831,U,U,24900,24929, 30-11-2018 04:53:36, 30-11-2018 04:54:05 
E,832,U,U,24930,24959, 30-11-2018 04:54:06, 30-11-2018 04:54:35 
E,833,U,U,24960,24989, 30-11-2018 04:54:36, 30-11-2018 04:55:05 
E,834,U,U,24990,25019, 30-11-2018 04:55:06, 30-11-2018 04:55:35 
E,835,U,U,25020,25049, 30-11-2018 04:55:36, 30-11-2018 04:56:05 
E,836,U,U,25050,25079, 30-11-2018 04:56:06, 30-11-2018 04:56:35 
E,837,U,U,25080,25109, 30-11-2018 04:56:36, 30-11-2018 04:57:05 
E,838,U,U,25110,25139, 30-11-2018 04:57:06, 30-11-2018 04:57:35 
E,839,U,U,25140,25169, 30-11-2018 04:57:36, 30-11-2018 04:58:05 
E,840,U,U,25170,25199, 30-11-2018 04:58:06, 30-11-2018 04:58:35 
E,841,U,U,25200,25229, 30-11-2018 04:58:36, 30-11-2018 04:59:05 
E,842,5, W,25230,25259, 30-11-2018 04:59:06, 30-11-2018 04:59:35 
E,843,U,U,25260,25289, 30-11-2018 04:59:36, 30-11-2018 05:00:05 
E,844,U,U,25290,25319, 30-11-2018 05:00:06, 30-11-2018 05:00:35 
E,845,U,U,25320,25349, 30-11-2018 05:00:36, 30-11-2018 05:01:05 
E,846,U,U,25350,25379, 30-11-2018 05:01:06, 30-11-2018 05:01:35 
E,847,U,U,25380,25409, 30-11-2018 05:01:36, 30-11-2018 05:02:05 
E,848,U,U,25410,25439, 30-11-2018 05:02:06, 30-11-2018 05:02:35 
E,849,U,U,25440,25469, 30-11-2018 05:02:36, 30-11-2018 05:03:05 
E,850,U,U,25470,25499, 30-11-2018 05:03:06, 30-11-2018 05:03:35 
E,851,U,U,25500,25529, 30-11-2018 05:03:36, 30-11-2018 05:04:05 
E,852,U,U,25530,25559, 30-11-2018 05:04:06, 30-11-2018 05:04:35 
E,853,U,U,25560,25589, 30-11-2018 05:04:36, 30-11-2018 05:05:05 
E,854,5, W,25590,25619, 30-11-2018 05:05:06, 30-11-2018 05:05:35 
E,855,U,U,25620,25649, 30-11-2018 05:05:36, 30-11-2018 05:06:05 
E,856,U,U,25650,25679, 30-11-2018 05:06:06, 30-11-2018 05:06:35 
E,857,U,U,25680,25709, 30-11-2018 05:06:36, 30-11-2018 05:07:05 
E,858,U,U,25710,25739, 30-11-2018 05:07:06, 30-11-2018 05:07:35 
E,859,U,U,25740,25769, 30-11-2018 05:07:36, 30-11-2018 05:08:05 
E,860,U,U,25770,25799, 30-11-2018 05:08:06, 30-11-2018 05:08:35 
E,861,U,U,25800,25829, 30-11-2018 05:08:36, 30-11-2018 05:09:05 
E,862,U,U,25830,25859, 30-11-2018 05:09:06, 30-11-2018 05:09:35 
E,863,U,U,25860,25889, 30-11-2018 05:09:36, 30-11-2018 05:10:05 
E,864,U,U,25890,25919, 30-11-2018 05:10:06, 30-11-2018 05:10:35 
E,865,U,U,25920,25949, 30-11-2018 05:10:36, 30-11-2018 05:11:05 
E,866,U,U,25950,25979, 30-11-2018 05:11:06, 30-11-2018 05:11:35 
E,867,U,U,25980,26009, 30-11-2018 05:11:36, 30-11-2018 05:12:05 
E,868,U,U,26010,26039, 30-11-2018 05:12:06, 30-11-2018 05:12:35 
E,869,U,U,26040,26069, 30-11-2018 05:12:36, 30-11-2018 05:13:05 
E,870,U,U,26070,26099, 30-11-2018 05:13:06, 30-11-2018 05:13:35 
E,871,U,U,26100,26129, 30-11-2018 05:13:36, 30-11-2018 05:14:05 
E,872,U,U,26130,26159, 30-11-2018 05:14:06, 30-11-2018 05:14:35 
E,873,U,U,26160,26189, 30-11-2018 05:14:36, 30-11-2018 05:15:05 
E,874,U,U,26190,26219, 30-11-2018 05:15:06, 30-11-2018 05:15:35 
E,875,U,U,26220,26249, 30-11-2018 05:15:36, 30-11-2018 05:16:05 
E,876,U,U,26250,26279, 30-11-2018 05:16:06, 30-11-2018 05:16:35 
E,877,U,U,26280,26309, 30-11-2018 05:16:36, 30-11-2018 05:17:05 
E,878,2, N2,26310,26339, 30-11-2018 05:17:06, 30-11-2018 05:17:35 
E,879,2, N2,26340,26369, 30-11-2018 05:17:36, 30-11-2018 05:18:05 
E,880,2, N2,26370,26399, 30-11-2018 05:18:06, 30-11-2018 05:18:35 
E,881,2, N2,26400,26429, 30-11-2018 05:18:36, 30-11-2018 05:19:05 
E,882,2, N2,26430,26459, 30-11-2018 05:19:06, 30-11-2018 05:19:35 
E,883,2, N2,26460,26489, 30-11-2018 05:19:36, 30-11-2018 05:20:05 
E,884,2, N2,26490,26519, 30-11-2018 05:20:06, 30-11-2018 05:20:35 
E,885,2, N2,26520,26549, 30-11-2018 05:20:36, 30-11-2018 05:21:05 
E,886,2, N2,26550,26579, 30-11-2018 05:21:06, 30-11-2018 05:21:35 
E,887,2, N2,26580,26609, 30-11-2018 05:21:36, 30-11-2018 05:22:05 
E,888,2, N2,26610,26639, 30-11-2018 05:22:06, 30-11-2018 05:22:35 
E,889,2, N2,26640,26669, 30-11-2018 05:22:36, 30-11-2018 05:23:05 
E,890,2, N2,26670,26699, 30-11-2018 05:23:06, 30-11-2018 05:23:35 
E,891,2, N2,26700,26729, 30-11-2018 05:23:36, 30-11-2018 05:24:05 
E,892,2, N2,26730,26759, 30-11-2018 05:24:06, 30-11-2018 05:24:35 
E,893,2, N2,26760,26789, 30-11-2018 05:24:36, 30-11-2018 05:25:05 
E,894,2, N2,26790,26819, 30-11-2018 05:25:06, 30-11-2018 05:25:35 
E,895,2, N2,26820,26849, 30-11-2018 05:25:36, 30-11-2018 05:26:05 
E,896,2, N2,26850,26879, 30-11-2018 05:26:06, 30-11-2018 05:26:35 
E,897,2, N2,26880,26909, 30-11-2018 05:26:36, 30-11-2018 05:27:05 
E,898,2, N2,26910,26939, 30-11-2018 05:27:06, 30-11-2018 05:27:35 
E,899,2, N2,26940,26969, 30-11-2018 05:27:36, 30-11-2018 05:28:05 
E,900,2, N2,26970,26999, 30-11-2018 05:28:06, 30-11-2018 05:28:35 
E,901,2, N2,27000,27029, 30-11-2018 05:28:36, 30-11-2018 05:29:05 
E,902,2, N2,27030,27059, 30-11-2018 05:29:06, 30-11-2018 05:29:35 
E,903,2, N2,27060,27089, 30-11-2018 05:29:36, 30-11-2018 05:30:05 
E,904,2, N2,27090,27119, 30-11-2018 05:30:06, 30-11-2018 05:30:35 
E,905,2, N2,27120,27149, 30-11-2018 05:30:36, 30-11-2018 05:31:05 
E,906,2, N2,27150,27179, 30-11-2018 05:31:06, 30-11-2018 05:31:35 
E,907,2, N2,27180,27209, 30-11-2018 05:31:36, 30-11-2018 05:32:05 
E,908,2, N2,27210,27239, 30-11-2018 05:32:06, 30-11-2018 05:32:35 
E,909,2, N2,27240,27269, 30-11-2018 05:32:36, 30-11-2018 05:33:05 
E,910,2, N2,27270,27299, 30-11-2018 05:33:06, 30-11-2018 05:33:35 
E,911,2, N2,27300,27329, 30-11-2018 05:33:36, 30-11-2018 05:34:05 
E,912,2, N2,27330,27359, 30-11-2018 05:34:06, 30-11-2018 05:34:35 
E,913,2, N2,27360,27389, 30-11-2018 05:34:36, 30-11-2018 05:35:05 
E,914,2, N2,27390,27419, 30-11-2018 05:35:06, 30-11-2018 05:35:35 
E,915,2, N2,27420,27449, 30-11-2018 05:35:36, 30-11-2018 05:36:05 
E,916,2, N2,27450,27479, 30-11-2018 05:36:06, 30-11-2018 05:36:35 
E,917,2, N2,27480,27509, 30-11-2018 05:36:36, 30-11-2018 05:37:05 
E,918,2, N2,27510,27539, 30-11-2018 05:37:06, 30-11-2018 05:37:35 
E,919,2, N2,27540,27569, 30-11-2018 05:37:36, 30-11-2018 05:38:05 
E,920,2, N2,27570,27599, 30-11-2018 05:38:06, 30-11-2018 05:38:35 
E,921,2, N2,27600,27629, 30-11-2018 05:38:36, 30-11-2018 05:39:05 
E,922,2, N2,27630,27659, 30-11-2018 05:39:06, 30-11-2018 05:39:35 
E,923,U,U,27660,27689, 30-11-2018 05:39:36, 30-11-2018 05:40:05 
E,924,U,U,27690,27719, 30-11-2018 05:40:06, 30-11-2018 05:40:35 
E,925,2, N2,27720,27749, 30-11-2018 05:40:36, 30-11-2018 05:41:05 
E,926,2, N2,27750,27779, 30-11-2018 05:41:06, 30-11-2018 05:41:35 
E,927,2, N2,27780,27809, 30-11-2018 05:41:36, 30-11-2018 05:42:05 
E,928,U,U,27810,27839, 30-11-2018 05:42:06, 30-11-2018 05:42:35 
E,929,2, N2,27840,27869, 30-11-2018 05:42:36, 30-11-2018 05:43:05 
E,930,2, N2,27870,27899, 30-11-2018 05:43:06, 30-11-2018 05:43:35 
E,931,2, N2,27900,27929, 30-11-2018 05:43:36, 30-11-2018 05:44:05 
E,932,U,U,27930,27959, 30-11-2018 05:44:06, 30-11-2018 05:44:35 
E,933,2, N2,27960,27989, 30-11-2018 05:44:36, 30-11-2018 05:45:05 
E,934,U,U,27990,28019, 30-11-2018 05:45:06, 30-11-2018 05:45:35 
E,935,2, N2,28020,28049, 30-11-2018 05:45:36, 30-11-2018 05:46:05 
E,936,2, N2,28050,28079, 30-11-2018 05:46:06, 30-11-2018 05:46:35 
E,937,U,U,28080,28109, 30-11-2018 05:46:36, 30-11-2018 05:47:05 
E,938,2, N2,28110,28139, 30-11-2018 05:47:06, 30-11-2018 05:47:35 
E,939,2, N2,28140,28169, 30-11-2018 05:47:36, 30-11-2018 05:48:05 
E,940,2, N2,28170,28199, 30-11-2018 05:48:06, 30-11-2018 05:48:35 
E,941,2, N2,28200,28229, 30-11-2018 05:48:36, 30-11-2018 05:49:05 
E,942,U,U,28230,28259, 30-11-2018 05:49:06, 30-11-2018 05:49:35 
E,943,U,U,28260,28289, 30-11-2018 05:49:36, 30-11-2018 05:50:05 
E,944,2, N2,28290,28319, 30-11-2018 05:50:06, 30-11-2018 05:50:35 
E,945,2, N2,28320,28349, 30-11-2018 05:50:36, 30-11-2018 05:51:05 
E,946,2, N2,28350,28379, 30-11-2018 05:51:06, 30-11-2018 05:51:35 
E,947,2, N2,28380,28409, 30-11-2018 05:51:36, 30-11-2018 05:52:05 
E,948,U,U,28410,28439, 30-11-2018 05:52:06, 30-11-2018 05:52:35 
E,949,U,U,28440,28469, 30-11-2018 05:52:36, 30-11-2018 05:53:05 
E,950,U,U,28470,28499, 30-11-2018 05:53:06, 30-11-2018 05:53:35 
E,951,U,U,28500,28529, 30-11-2018 05:53:36, 30-11-2018 05:54:05 
E,952,3, N3,28530,28559, 30-11-2018 05:54:06, 30-11-2018 05:54:35 
E,953,U,U,28560,28589, 30-11-2018 05:54:36, 30-11-2018 05:55:05 
E,954,3, N3,28590,28619, 30-11-2018 05:55:06, 30-11-2018 05:55:35 
E,955,U,U,28620,28649, 30-11-2018 05:55:36, 30-11-2018 05:56:05 
E,956,3, N3,28650,28679, 30-11-2018 05:56:06, 30-11-2018 05:56:35 
E,957,2, N2,28680,28709, 30-11-2018 05:56:36, 30-11-2018 05:57:05 
E,958,2, N2,28710,28739, 30-11-2018 05:57:06, 30-11-2018 05:57:35 
E,959,2, N2,28740,28769, 30-11-2018 05:57:36, 30-11-2018 05:58:05 
E,960,2, N2,28770,28799, 30-11-2018 05:58:06, 30-11-2018 05:58:35 
E,961,U,U,28800,28829, 30-11-2018 05:58:36, 30-11-2018 05:59:05 
E,962,2, N2,28830,28859, 30-11-2018 05:59:06, 30-11-2018 05:59:35 
E,963,U,U,28860,28889, 30-11-2018 05:59:36, 30-11-2018 06:00:05 
E,964,2, N2,28890,28919, 30-11-2018 06:00:06, 30-11-2018 06:00:35 
E,965,2, N2,28920,28949, 30-11-2018 06:00:36, 30-11-2018 06:01:05 
E,966,U,U,28950,28979, 30-11-2018 06:01:06, 30-11-2018 06:01:35 
E,967,2, N2,28980,29009, 30-11-2018 06:01:36, 30-11-2018 06:02:05 
E,968,2, N2,29010,29039, 30-11-2018 06:02:06, 30-11-2018 06:02:35 
E,969,2, N2,29040,29069, 30-11-2018 06:02:36, 30-11-2018 06:03:05 
E,970,U,U,29070,29099, 30-11-2018 06:03:06, 30-11-2018 06:03:35 
E,971,U,U,29100,29129, 30-11-2018 06:03:36, 30-11-2018 06:04:05 
E,972,U,U,29130,29159, 30-11-2018 06:04:06, 30-11-2018 06:04:35 
E,973,2, N2,29160,29189, 30-11-2018 06:04:36, 30-11-2018 06:05:05 
E,974,U,U,29190,29219, 30-11-2018 06:05:06, 30-11-2018 06:05:35 
E,975,U,U,29220,29249, 30-11-2018 06:05:36, 30-11-2018 06:06:05 
E,976,U,U,29250,29279, 30-11-2018 06:06:06, 30-11-2018 06:06:35 
E,977,U,U,29280,29309, 30-11-2018 06:06:36, 30-11-2018 06:07:05 
E,978,U,U,29310,29339, 30-11-2018 06:07:06, 30-11-2018 06:07:35 
E,979,5, W,29340,29369, 30-11-2018 06:07:36, 30-11-2018 06:08:05 
E,980,5, W,29370,29399, 30-11-2018 06:08:06, 30-11-2018 06:08:35 
E,981,5, W,29400,29429, 30-11-2018 06:08:36, 30-11-2018 06:09:05 
E,982,5, W,29430,29459, 30-11-2018 06:09:06, 30-11-2018 06:09:35 
E,983,5, W,29460,29489, 30-11-2018 06:09:36, 30-11-2018 06:10:05 
E,984,5, W,29490,29519, 30-11-2018 06:10:06, 30-11-2018 06:10:35 
E,985,5, W,29520,29549, 30-11-2018 06:10:36, 30-11-2018 06:11:05 
E,986,U,U,29550,29579, 30-11-2018 06:11:06, 30-11-2018 06:11:35 
E,987,U,U,29580,29609, 30-11-2018 06:11:36, 30-11-2018 06:12:05 
E,988,U,U,29610,29639, 30-11-2018 06:12:06, 30-11-2018 06:12:35 
E,989,U,U,29640,29669, 30-11-2018 06:12:36, 30-11-2018 06:13:05 
E,990,U,U,29670,29699, 30-11-2018 06:13:06, 30-11-2018 06:13:35 
E,991,U,U,29700,29729, 30-11-2018 06:13:36, 30-11-2018 06:14:05 
E,992,U,U,29730,29759, 30-11-2018 06:14:06, 30-11-2018 06:14:35 
E,993,U,U,29760,29789, 30-11-2018 06:14:36, 30-11-2018 06:15:05 
E,994,U,U,29790,29819, 30-11-2018 06:15:06, 30-11-2018 06:15:35 
E,995,U,U,29820,29849, 30-11-2018 06:15:36, 30-11-2018 06:16:05 
E,996,U,U,29850,29879, 30-11-2018 06:16:06, 30-11-2018 06:16:35 
E,997,U,U,29880,29909, 30-11-2018 06:16:36, 30-11-2018 06:17:05 
E,998,U,U,29910,29939, 30-11-2018 06:17:06, 30-11-2018 06:17:35 
E,999,U,U,29940,29969, 30-11-2018 06:17:36, 30-11-2018 06:18:05 
E,1000,U,U,29970,29999, 30-11-2018 06:18:06, 30-11-2018 06:18:35 
E,1001,U,U,30000,30029, 30-11-2018 06:18:36, 30-11-2018 06:19:05 
E,1002,U,U,30030,30059, 30-11-2018 06:19:06, 30-11-2018 06:19:35 
E,1003,U,U,30060,30089, 30-11-2018 06:19:36, 30-11-2018 06:20:05 
E,1004,U,U,30090,30119, 30-11-2018 06:20:06, 30-11-2018 06:20:35 
E,1005,U,U,30120,30149, 30-11-2018 06:20:36, 30-11-2018 06:21:05 
E,1006,U,U,30150,30179, 30-11-2018 06:21:06, 30-11-2018 06:21:35 
E,1007,U,U,30180,30209, 30-11-2018 06:21:36, 30-11-2018 06:22:05 
E,1008,U,U,30210,30239, 30-11-2018 06:22:06, 30-11-2018 06:22:35 
E,1009,U,U,30240,30269, 30-11-2018 06:22:36, 30-11-2018 06:23:05 
E,1010,U,U,30270,30299, 30-11-2018 06:23:06, 30-11-2018 06:23:35 
E,1011,U,U,30300,30329, 30-11-2018 06:23:36, 30-11-2018 06:24:05 
E,1012,U,U,30330,30359, 30-11-2018 06:24:06, 30-11-2018 06:24:35 
E,1013,U,U,30360,30389, 30-11-2018 06:24:36, 30-11-2018 06:25:05 
E,1014,U,U,30390,30419, 30-11-2018 06:25:06, 30-11-2018 06:25:35 
E,1015,U,U,30420,30449, 30-11-2018 06:25:36, 30-11-2018 06:26:05 
E,1016,U,U,30450,30479, 30-11-2018 06:26:06, 30-11-2018 06:26:35 
E,1017,U,U,30480,30509, 30-11-2018 06:26:36, 30-11-2018 06:27:05 
E,1018,U,U,30510,30539, 30-11-2018 06:27:06, 30-11-2018 06:27:35 
E,1019,U,U,30540,30569, 30-11-2018 06:27:36, 30-11-2018 06:28:05 
E,1020,U,U,30570,30599, 30-11-2018 06:28:06, 30-11-2018 06:28:35 
E,1021,U,U,30600,30629, 30-11-2018 06:28:36, 30-11-2018 06:29:05 
E,1022,U,U,30630,30659, 30-11-2018 06:29:06, 30-11-2018 06:29:35 
E,1023,U,U,30660,30689, 30-11-2018 06:29:36, 30-11-2018 06:30:05 
E,1024,U,U,30690,30719, 30-11-2018 06:30:06, 30-11-2018 06:30:35 
E,1025,U,U,30720,30749, 30-11-2018 06:30:36, 30-11-2018 06:31:05 
E,1026,U,U,30750,30779, 30-11-2018 06:31:06, 30-11-2018 06:31:35 
E,1027,U,U,30780,30809, 30-11-2018 06:31:36, 30-11-2018 06:32:05 
E,1028,U,U,30810,30839, 30-11-2018 06:32:06, 30-11-2018 06:32:35 
E,1029,5, W,30840,30869, 30-11-2018 06:32:36, 30-11-2018 06:33:05 
E,1030,U,U,30870,30899, 30-11-2018 06:33:06, 30-11-2018 06:33:35 
E,1031,U,U,30900,30929, 30-11-2018 06:33:36, 30-11-2018 06:34:05 
E,1032,U,U,30930,30959, 30-11-2018 06:34:06, 30-11-2018 06:34:35 
E,1033,U,U,30960,30989, 30-11-2018 06:34:36, 30-11-2018 06:35:05 
E,1034,U,U,30990,31019, 30-11-2018 06:35:06, 30-11-2018 06:35:35 
E,1035,U,U,31020,31049, 30-11-2018 06:35:36, 30-11-2018 06:36:05 
E,1036,U,U,31050,31079, 30-11-2018 06:36:06, 30-11-2018 06:36:35 
LOUT,1,,,,,,
LON,1035,,,,,,
