E,1,5,W,0,29, 12/17/2018 11:18:39, 12/17/2018 11:19:08 ,,
E,2,5, W,30,59, 12/17/2018 11:19:09, 12/17/2018 11:19:38 ,,
E,3,5, W,60,89, 12/17/2018 11:19:39, 12/17/2018 11:20:08 ,,
E,4,5, W,90,119, 12/17/2018 11:20:09, 12/17/2018 11:20:38 ,,
E,5,5, W,120,149, 12/17/2018 11:20:39, 12/17/2018 11:21:08 ,,
E,6,5, W,150,179, 12/17/2018 11:21:09, 12/17/2018 11:21:38 ,,
E,7,5, W,180,209, 12/17/2018 11:21:39, 12/17/2018 11:22:08 ,,
E,8,5, W,210,239, 12/17/2018 11:22:09, 12/17/2018 11:22:38 ,,
E,9,5, W,240,269, 12/17/2018 11:22:39, 12/17/2018 11:23:08 ,,
E,10,5, W,270,299, 12/17/2018 11:23:09, 12/17/2018 11:23:38 ,,
E,11,5, W,300,329, 12/17/2018 11:23:39, 12/17/2018 11:24:08 ,,
E,12,5, W,330,359, 12/17/2018 11:24:09, 12/17/2018 11:24:38 ,,
E,13,5, W,360,389, 12/17/2018 11:24:39, 12/17/2018 11:25:08 ,,
E,14,5, W,390,419, 12/17/2018 11:25:09, 12/17/2018 11:25:38 ,,
E,15,5, W,420,449, 12/17/2018 11:25:39, 12/17/2018 11:26:08 ,,
E,16,5, W,450,479, 12/17/2018 11:26:09, 12/17/2018 11:26:38 ,,
E,17,5, W,480,509, 12/17/2018 11:26:39, 12/17/2018 11:27:08 ,,
E,18,U,U,510,539, 12/17/2018 11:27:09, 12/17/2018 11:27:38 ,,
E,19,U,U,540,569, 12/17/2018 11:27:39, 12/17/2018 11:28:08 ,,
E,20,U,U,570,599, 12/17/2018 11:28:09, 12/17/2018 11:28:38 ,,
E,21,U,U,600,629, 12/17/2018 11:28:39, 12/17/2018 11:29:08 ,,
E,22,U,U,630,659, 12/17/2018 11:29:09, 12/17/2018 11:29:38 ,,
E,23,U,U,660,689, 12/17/2018 11:29:39, 12/17/2018 11:30:08 ,,
E,24,U,U,690,719, 12/17/2018 11:30:09, 12/17/2018 11:30:38 ,,
E,25,U,U,720,749, 12/17/2018 11:30:39, 12/17/2018 11:31:08 ,,
E,26,U,U,750,779, 12/17/2018 11:31:09, 12/17/2018 11:31:38 ,,
E,27,U,U,780,809, 12/17/2018 11:31:39, 12/17/2018 11:32:08 ,,
E,28,5, W,810,839, 12/17/2018 11:32:09, 12/17/2018 11:32:38 ,,
E,29,1, N1,840,869, 12/17/2018 11:32:39, 12/17/2018 11:33:08 ,,
E,30,1, N1,870,899, 12/17/2018 11:33:09, 12/17/2018 11:33:38 ,,
E,31,5, W,900,929, 12/17/2018 11:33:39, 12/17/2018 11:34:08 ,,
E,32,5, W,930,959, 12/17/2018 11:34:09, 12/17/2018 11:34:38 ,,
E,33,U,U,960,989, 12/17/2018 11:34:39, 12/17/2018 11:35:08 ,,
E,34,U,U,990,1019, 12/17/2018 11:35:09, 12/17/2018 11:35:38 ,,
E,35,U,U,1020,1049, 12/17/2018 11:35:39, 12/17/2018 11:36:08 ,,
E,36,U,U,1050,1079, 12/17/2018 11:36:09, 12/17/2018 11:36:38 ,,
E,37,U,U,1080,1109, 12/17/2018 11:36:39, 12/17/2018 11:37:08 ,,
E,38,U,U,1110,1139, 12/17/2018 11:37:09, 12/17/2018 11:37:38 ,,
E,39,U,U,1140,1169, 12/17/2018 11:37:39, 12/17/2018 11:38:08 ,,
E,40,U,U,1170,1199, 12/17/2018 11:38:09, 12/17/2018 11:38:38 ,,
E,41,U,U,1200,1229, 12/17/2018 11:38:39, 12/17/2018 11:39:08 ,,
E,42,2, N2,1230,1259, 12/17/2018 11:39:09, 12/17/2018 11:39:38 ,,
E,43,2, N2,1260,1289, 12/17/2018 11:39:39, 12/17/2018 11:40:08 ,,
E,44,2, N2,1290,1319, 12/17/2018 11:40:09, 12/17/2018 11:40:38 ,,
E,45,2, N2,1320,1349, 12/17/2018 11:40:39, 12/17/2018 11:41:08 ,,
E,46,2, N2,1350,1379, 12/17/2018 11:41:09, 12/17/2018 11:41:38 ,,
E,47,2, N2,1380,1409, 12/17/2018 11:41:39, 12/17/2018 11:42:08 ,,
E,48,2, N2,1410,1439, 12/17/2018 11:42:09, 12/17/2018 11:42:38 ,,
E,49,2, N2,1440,1469, 12/17/2018 11:42:39, 12/17/2018 11:43:08 ,,
E,50,2, N2,1470,1499, 12/17/2018 11:43:09, 12/17/2018 11:43:38 ,,
E,51,2, N2,1500,1529, 12/17/2018 11:43:39, 12/17/2018 11:44:08 ,,
E,52,2, N2,1530,1559, 12/17/2018 11:44:09, 12/17/2018 11:44:38 ,,
E,53,2, N2,1560,1589, 12/17/2018 11:44:39, 12/17/2018 11:45:08 ,,
E,54,2, N2,1590,1619, 12/17/2018 11:45:09, 12/17/2018 11:45:38 ,,
E,55,2, N2,1620,1649, 12/17/2018 11:45:39, 12/17/2018 11:46:08 ,,
E,56,2, N2,1650,1679, 12/17/2018 11:46:09, 12/17/2018 11:46:38 ,,
E,57,2, N2,1680,1709, 12/17/2018 11:46:39, 12/17/2018 11:47:08 ,,
E,58,2, N2,1710,1739, 12/17/2018 11:47:09, 12/17/2018 11:47:38 ,,
E,59,2, N2,1740,1769, 12/17/2018 11:47:39, 12/17/2018 11:48:08 ,,
E,60,2, N2,1770,1799, 12/17/2018 11:48:09, 12/17/2018 11:48:38 ,,
E,61,U,U,1800,1829, 12/17/2018 11:48:39, 12/17/2018 11:49:08 ,,
E,62,5, W,1830,1859, 12/17/2018 11:49:09, 12/17/2018 11:49:38 ,,
E,63,2, N2,1860,1889, 12/17/2018 11:49:39, 12/17/2018 11:50:08 ,,
E,64,2, N2,1890,1919, 12/17/2018 11:50:09, 12/17/2018 11:50:38 ,,
E,65,2, N2,1920,1949, 12/17/2018 11:50:39, 12/17/2018 11:51:08 ,,
E,66,2, N2,1950,1979, 12/17/2018 11:51:09, 12/17/2018 11:51:38 ,,
E,67,U,U,1980,2009, 12/17/2018 11:51:39, 12/17/2018 11:52:08 ,,
E,68,U,U,2010,2039, 12/17/2018 11:52:09, 12/17/2018 11:52:38 ,,
E,69,U,U,2040,2069, 12/17/2018 11:52:39, 12/17/2018 11:53:08 ,,
E,70,2, N2,2070,2099, 12/17/2018 11:53:09, 12/17/2018 11:53:38 ,,
E,71,U,U,2100,2129, 12/17/2018 11:53:39, 12/17/2018 11:54:08 ,,
E,72,U,U,2130,2159, 12/17/2018 11:54:09, 12/17/2018 11:54:38 ,,
E,73,U,U,2160,2189, 12/17/2018 11:54:39, 12/17/2018 11:55:08 ,,
E,74,U,U,2190,2219, 12/17/2018 11:55:09, 12/17/2018 11:55:38 ,,
E,75,U,U,2220,2249, 12/17/2018 11:55:39, 12/17/2018 11:56:08 ,,
E,76,U,U,2250,2279, 12/17/2018 11:56:09, 12/17/2018 11:56:38 ,,
E,77,U,U,2280,2309, 12/17/2018 11:56:39, 12/17/2018 11:57:08 ,,
E,78,U,U,2310,2339, 12/17/2018 11:57:09, 12/17/2018 11:57:38 ,,
E,79,U,U,2340,2369, 12/17/2018 11:57:39, 12/17/2018 11:58:08 ,,
E,80,U,U,2370,2399, 12/17/2018 11:58:09, 12/17/2018 11:58:38 ,,
E,81,U,U,2400,2429, 12/17/2018 11:58:39, 12/17/2018 11:59:08 ,,
E,82,3, N3,2430,2459, 12/17/2018 11:59:09, 12/17/2018 11:59:38 ,,
E,83,3, N3,2460,2489, 12/17/2018 11:59:39, 12/17/2018 12:00:08 ,,
E,84,3, N3,2490,2519, 12/17/2018 12:00:09, 12/17/2018 12:00:38 ,,
E,85,3, N3,2520,2549, 12/17/2018 12:00:39, 12/17/2018 12:01:08 ,,
E,86,U,U,2550,2579, 12/17/2018 12:01:09, 12/17/2018 12:01:38 ,,
E,87,3, N3,2580,2609, 12/17/2018 12:01:39, 12/17/2018 12:02:08 ,,
E,88,U,U,2610,2639, 12/17/2018 12:02:09, 12/17/2018 12:02:38 ,,
E,89,U,U,2640,2669, 12/17/2018 12:02:39, 12/17/2018 12:03:08 ,,
E,90,U,U,2670,2699, 12/17/2018 12:03:09, 12/17/2018 12:03:38 ,,
E,91,U,U,2700,2729, 12/17/2018 12:03:39, 12/17/2018 12:04:08 ,,
E,92,U,U,2730,2759, 12/17/2018 12:04:09, 12/17/2018 12:04:38 ,,
E,93,U,U,2760,2789, 12/17/2018 12:04:39, 12/17/2018 12:05:08 ,,
E,94,U,U,2790,2819, 12/17/2018 12:05:09, 12/17/2018 12:05:38 ,,
E,95,U,U,2820,2849, 12/17/2018 12:05:39, 12/17/2018 12:06:08 ,,
E,96,U,U,2850,2879, 12/17/2018 12:06:09, 12/17/2018 12:06:38 ,,
E,97,3, N3,2880,2909, 12/17/2018 12:06:39, 12/17/2018 12:07:08 ,,
E,98,3, N3,2910,2939, 12/17/2018 12:07:09, 12/17/2018 12:07:38 ,,
E,99,3, N3,2940,2969, 12/17/2018 12:07:39, 12/17/2018 12:08:08 ,,
E,100,3, N3,2970,2999, 12/17/2018 12:08:09, 12/17/2018 12:08:38 ,,
E,101,3, N3,3000,3029, 12/17/2018 12:08:39, 12/17/2018 12:09:08 ,,
E,102,3, N3,3030,3059, 12/17/2018 12:09:09, 12/17/2018 12:09:38 ,,
E,103,3, N3,3060,3089, 12/17/2018 12:09:39, 12/17/2018 12:10:08 ,,
E,104,U,U,3090,3119, 12/17/2018 12:10:09, 12/17/2018 12:10:38 ,,
E,105,3, N3,3120,3149, 12/17/2018 12:10:39, 12/17/2018 12:11:08 ,,
E,106,U,U,3150,3179, 12/17/2018 12:11:09, 12/17/2018 12:11:38 ,,
E,107,3, N3,3180,3209, 12/17/2018 12:11:39, 12/17/2018 12:12:08 ,,
E,108,3, N3,3210,3239, 12/17/2018 12:12:09, 12/17/2018 12:12:38 ,,
E,109,U,U,3240,3269, 12/17/2018 12:12:39, 12/17/2018 12:13:08 ,,
E,110,3, N3,3270,3299, 12/17/2018 12:13:09, 12/17/2018 12:13:38 ,,
E,111,3, N3,3300,3329, 12/17/2018 12:13:39, 12/17/2018 12:14:08 ,,
E,112,3, N3,3330,3359, 12/17/2018 12:14:09, 12/17/2018 12:14:38 ,,
E,113,3, N3,3360,3389, 12/17/2018 12:14:39, 12/17/2018 12:15:08 ,,
E,114,3, N3,3390,3419, 12/17/2018 12:15:09, 12/17/2018 12:15:38 ,,
E,115,3, N3,3420,3449, 12/17/2018 12:15:39, 12/17/2018 12:16:08 ,,
E,116,3, N3,3450,3479, 12/17/2018 12:16:09, 12/17/2018 12:16:38 ,,
E,117,3, N3,3480,3509, 12/17/2018 12:16:39, 12/17/2018 12:17:08 ,,
E,118,3, N3,3510,3539, 12/17/2018 12:17:09, 12/17/2018 12:17:38 ,,
E,119,3, N3,3540,3569, 12/17/2018 12:17:39, 12/17/2018 12:18:08 ,,
E,120,3, N3,3570,3599, 12/17/2018 12:18:09, 12/17/2018 12:18:38 ,,
E,121,3, N3,3600,3629, 12/17/2018 12:18:39, 12/17/2018 12:19:08 ,,
E,122,3, N3,3630,3659, 12/17/2018 12:19:09, 12/17/2018 12:19:38 ,,
E,123,3, N3,3660,3689, 12/17/2018 12:19:39, 12/17/2018 12:20:08 ,,
E,124,3, N3,3690,3719, 12/17/2018 12:20:09, 12/17/2018 12:20:38 ,,
E,125,3, N3,3720,3749, 12/17/2018 12:20:39, 12/17/2018 12:21:08 ,,
E,126,3, N3,3750,3779, 12/17/2018 12:21:09, 12/17/2018 12:21:38 ,,
E,127,3, N3,3780,3809, 12/17/2018 12:21:39, 12/17/2018 12:22:08 ,,
E,128,3, N3,3810,3839, 12/17/2018 12:22:09, 12/17/2018 12:22:38 ,,
E,129,3, N3,3840,3869, 12/17/2018 12:22:39, 12/17/2018 12:23:08 ,,
E,130,U,U,3870,3899, 12/17/2018 12:23:09, 12/17/2018 12:23:38 ,,
E,131,U,U,3900,3929, 12/17/2018 12:23:39, 12/17/2018 12:24:08 ,,
E,132,U,U,3930,3959, 12/17/2018 12:24:09, 12/17/2018 12:24:38 ,,
E,133,U,U,3960,3989, 12/17/2018 12:24:39, 12/17/2018 12:25:08 ,,
E,134,U,U,3990,4019, 12/17/2018 12:25:09, 12/17/2018 12:25:38 ,,
E,135,4, R,4020,4049, 12/17/2018 12:25:39, 12/17/2018 12:26:08 ,,
E,136,5, W,4050,4079, 12/17/2018 12:26:09, 12/17/2018 12:26:38 ,,
E,137,5, W,4080,4109, 12/17/2018 12:26:39, 12/17/2018 12:27:08 ,,
E,138,U,U,4110,4139, 12/17/2018 12:27:09, 12/17/2018 12:27:38 ,,
E,139,U,U,4140,4169, 12/17/2018 12:27:39, 12/17/2018 12:28:08 ,,
E,140,U,U,4170,4199, 12/17/2018 12:28:09, 12/17/2018 12:28:38 ,,
E,141,U,U,4200,4229, 12/17/2018 12:28:39, 12/17/2018 12:29:08 ,,
E,142,U,U,4230,4259, 12/17/2018 12:29:09, 12/17/2018 12:29:38 ,,
E,143,U,U,4260,4289, 12/17/2018 12:29:39, 12/17/2018 12:30:08 ,,
E,144,U,U,4290,4319, 12/17/2018 12:30:09, 12/17/2018 12:30:38 ,,
E,145,U,U,4320,4349, 12/17/2018 12:30:39, 12/17/2018 12:31:08 ,,
E,146,U,U,4350,4379, 12/17/2018 12:31:09, 12/17/2018 12:31:38 ,,
E,147,U,U,4380,4409, 12/17/2018 12:31:39, 12/17/2018 12:32:08 ,,
E,148,5, W,4410,4439, 12/17/2018 12:32:09, 12/17/2018 12:32:38 ,,
E,149,U,U,4440,4469, 12/17/2018 12:32:39, 12/17/2018 12:33:08 ,,
E,150,U,U,4470,4499, 12/17/2018 12:33:09, 12/17/2018 12:33:38 ,,
E,151,U,U,4500,4529, 12/17/2018 12:33:39, 12/17/2018 12:34:08 ,,
E,152,5, W,4530,4559, 12/17/2018 12:34:09, 12/17/2018 12:34:38 ,,
E,153,U,U,4560,4589, 12/17/2018 12:34:39, 12/17/2018 12:35:08 ,,
E,154,U,U,4590,4619, 12/17/2018 12:35:09, 12/17/2018 12:35:38 ,,
E,155,U,U,4620,4649, 12/17/2018 12:35:39, 12/17/2018 12:36:08 ,,
E,156,U,U,4650,4679, 12/17/2018 12:36:09, 12/17/2018 12:36:38 ,,
E,157,5, W,4680,4709, 12/17/2018 12:36:39, 12/17/2018 12:37:08 ,,
E,158,5, W,4710,4739, 12/17/2018 12:37:09, 12/17/2018 12:37:38 ,,
E,159,U,U,4740,4769, 12/17/2018 12:37:39, 12/17/2018 12:38:08 ,,
E,160,5, W,4770,4799, 12/17/2018 12:38:09, 12/17/2018 12:38:38 ,,
E,161,U,U,4800,4829, 12/17/2018 12:38:39, 12/17/2018 12:39:08 ,,
E,162,U,U,4830,4859, 12/17/2018 12:39:09, 12/17/2018 12:39:38 ,,
E,163,U,U,4860,4889, 12/17/2018 12:39:39, 12/17/2018 12:40:08 ,,
E,164,5, W,4890,4919, 12/17/2018 12:40:09, 12/17/2018 12:40:38 ,,
E,165,U,U,4920,4949, 12/17/2018 12:40:39, 12/17/2018 12:41:08 ,,
E,166,U,U,4950,4979, 12/17/2018 12:41:09, 12/17/2018 12:41:38 ,,
E,167,5, W,4980,5009, 12/17/2018 12:41:39, 12/17/2018 12:42:08 ,,
E,168,U,U,5010,5039, 12/17/2018 12:42:09, 12/17/2018 12:42:38 ,,
E,169,U,U,5040,5069, 12/17/2018 12:42:39, 12/17/2018 12:43:08 ,,
E,170,U,U,5070,5099, 12/17/2018 12:43:09, 12/17/2018 12:43:38 ,,
E,171,U,U,5100,5129, 12/17/2018 12:43:39, 12/17/2018 12:44:08 ,,
E,172,U,U,5130,5159, 12/17/2018 12:44:09, 12/17/2018 12:44:38 ,,
E,173,U,U,5160,5189, 12/17/2018 12:44:39, 12/17/2018 12:45:08 ,,
E,174,U,U,5190,5219, 12/17/2018 12:45:09, 12/17/2018 12:45:38 ,,
E,175,U,U,5220,5249, 12/17/2018 12:45:39, 12/17/2018 12:46:08 ,,
E,176,5, W,5250,5279, 12/17/2018 12:46:09, 12/17/2018 12:46:38 ,,
E,177,5, W,5280,5309, 12/17/2018 12:46:39, 12/17/2018 12:47:08 ,,
E,178,U,U,5310,5339, 12/17/2018 12:47:09, 12/17/2018 12:47:38 ,,
E,179,U,U,5340,5369, 12/17/2018 12:47:39, 12/17/2018 12:48:08 ,,
E,180,2, N2,5370,5399, 12/17/2018 12:48:09, 12/17/2018 12:48:38 ,,
E,181,2, N2,5400,5429, 12/17/2018 12:48:39, 12/17/2018 12:49:08 ,,
E,182,2, N2,5430,5459, 12/17/2018 12:49:09, 12/17/2018 12:49:38 ,,
E,183,2, N2,5460,5489, 12/17/2018 12:49:39, 12/17/2018 12:50:08 ,,
E,184,2, N2,5490,5519, 12/17/2018 12:50:09, 12/17/2018 12:50:38 ,,
E,185,2, N2,5520,5549, 12/17/2018 12:50:39, 12/17/2018 12:51:08 ,,
E,186,2, N2,5550,5579, 12/17/2018 12:51:09, 12/17/2018 12:51:38 ,,
E,187,2, N2,5580,5609, 12/17/2018 12:51:39, 12/17/2018 12:52:08 ,,
E,188,U,U,5610,5639, 12/17/2018 12:52:09, 12/17/2018 12:52:38 ,,
E,189,2, N2,5640,5669, 12/17/2018 12:52:39, 12/17/2018 12:53:08 ,,
E,190,2, N2,5670,5699, 12/17/2018 12:53:09, 12/17/2018 12:53:38 ,,
E,191,U,U,5700,5729, 12/17/2018 12:53:39, 12/17/2018 12:54:08 ,,
E,192,2, N2,5730,5759, 12/17/2018 12:54:09, 12/17/2018 12:54:38 ,,
E,193,U,U,5760,5789, 12/17/2018 12:54:39, 12/17/2018 12:55:08 ,,
E,194,U,U,5790,5819, 12/17/2018 12:55:09, 12/17/2018 12:55:38 ,,
E,195,U,U,5820,5849, 12/17/2018 12:55:39, 12/17/2018 12:56:08 ,,
E,196,2, N2,5850,5879, 12/17/2018 12:56:09, 12/17/2018 12:56:38 ,,
E,197,U,U,5880,5909, 12/17/2018 12:56:39, 12/17/2018 12:57:08 ,,
E,198,2, N2,5910,5939, 12/17/2018 12:57:09, 12/17/2018 12:57:38 ,,
E,199,2, N2,5940,5969, 12/17/2018 12:57:39, 12/17/2018 12:58:08 ,,
E,200,2, N2,5970,5999, 12/17/2018 12:58:09, 12/17/2018 12:58:38 ,,
E,201,2, N2,6000,6029, 12/17/2018 12:58:39, 12/17/2018 12:59:08 ,,
E,202,2, N2,6030,6059, 12/17/2018 12:59:09, 12/17/2018 12:59:38 ,,
E,203,2, N2,6060,6089, 12/17/2018 12:59:39, 12/17/2018 13:00:08 ,,
E,204,U,U,6090,6119, 12/17/2018 13:00:09, 12/17/2018 13:00:38 ,,
E,205,2, N2,6120,6149, 12/17/2018 13:00:39, 12/17/2018 13:01:08 ,,
E,206,2, N2,6150,6179, 12/17/2018 13:01:09, 12/17/2018 13:01:38 ,,
E,207,2, N2,6180,6209, 12/17/2018 13:01:39, 12/17/2018 13:02:08 ,,
E,208,U,U,6210,6239, 12/17/2018 13:02:09, 12/17/2018 13:02:38 ,,
E,209,2, N2,6240,6269, 12/17/2018 13:02:39, 12/17/2018 13:03:08 ,,
E,210,U,U,6270,6299, 12/17/2018 13:03:09, 12/17/2018 13:03:38 ,,
E,211,U,U,6300,6329, 12/17/2018 13:03:39, 12/17/2018 13:04:08 ,,
E,212,2, N2,6330,6359, 12/17/2018 13:04:09, 12/17/2018 13:04:38 ,,
E,213,2, N2,6360,6389, 12/17/2018 13:04:39, 12/17/2018 13:05:08 ,,
E,214,2, N2,6390,6419, 12/17/2018 13:05:09, 12/17/2018 13:05:38 ,,
E,215,U,U,6420,6449, 12/17/2018 13:05:39, 12/17/2018 13:06:08 ,,
E,216,U,U,6450,6479, 12/17/2018 13:06:09, 12/17/2018 13:06:38 ,,
E,217,U,U,6480,6509, 12/17/2018 13:06:39, 12/17/2018 13:07:08 ,,
E,218,U,U,6510,6539, 12/17/2018 13:07:09, 12/17/2018 13:07:38 ,,
E,219,U,U,6540,6569, 12/17/2018 13:07:39, 12/17/2018 13:08:08 ,,
E,220,U,U,6570,6599, 12/17/2018 13:08:09, 12/17/2018 13:08:38 ,,
E,221,U,U,6600,6629, 12/17/2018 13:08:39, 12/17/2018 13:09:08 ,,
E,222,U,U,6630,6659, 12/17/2018 13:09:09, 12/17/2018 13:09:38 ,,
E,223,U,U,6660,6689, 12/17/2018 13:09:39, 12/17/2018 13:10:08 ,,
E,224,U,U,6690,6719, 12/17/2018 13:10:09, 12/17/2018 13:10:38 ,,
E,225,U,U,6720,6749, 12/17/2018 13:10:39, 12/17/2018 13:11:08 ,,
E,226,U,U,6750,6779, 12/17/2018 13:11:09, 12/17/2018 13:11:38 ,,
E,227,U,U,6780,6809, 12/17/2018 13:11:39, 12/17/2018 13:12:08 ,,
E,228,U,U,6810,6839, 12/17/2018 13:12:09, 12/17/2018 13:12:38 ,,
E,229,U,U,6840,6869, 12/17/2018 13:12:39, 12/17/2018 13:13:08 ,,
E,230,U,U,6870,6899, 12/17/2018 13:13:09, 12/17/2018 13:13:38 ,,
E,231,U,U,6900,6929, 12/17/2018 13:13:39, 12/17/2018 13:14:08 ,,
E,232,U,U,6930,6959, 12/17/2018 13:14:09, 12/17/2018 13:14:38 ,,
E,233,3, N3,6960,6989, 12/17/2018 13:14:39, 12/17/2018 13:15:08 ,,
E,234,3, N3,6990,7019, 12/17/2018 13:15:09, 12/17/2018 13:15:38 ,,
E,235,U,U,7020,7049, 12/17/2018 13:15:39, 12/17/2018 13:16:08 ,,
E,236,U,U,7050,7079, 12/17/2018 13:16:09, 12/17/2018 13:16:38 ,,
E,237,U,U,7080,7109, 12/17/2018 13:16:39, 12/17/2018 13:17:08 ,,
E,238,U,U,7110,7139, 12/17/2018 13:17:09, 12/17/2018 13:17:38 ,,
E,239,U,U,7140,7169, 12/17/2018 13:17:39, 12/17/2018 13:18:08 ,,
E,240,U,U,7170,7199, 12/17/2018 13:18:09, 12/17/2018 13:18:38 ,,
E,241,U,U,7200,7229, 12/17/2018 13:18:39, 12/17/2018 13:19:08 ,,
E,242,U,U,7230,7259, 12/17/2018 13:19:09, 12/17/2018 13:19:38 ,,
E,243,U,U,7260,7289, 12/17/2018 13:19:39, 12/17/2018 13:20:08 ,,
E,244,U,U,7290,7319, 12/17/2018 13:20:09, 12/17/2018 13:20:38 ,,
E,245,U,U,7320,7349, 12/17/2018 13:20:39, 12/17/2018 13:21:08 ,,
E,246,U,U,7350,7379, 12/17/2018 13:21:09, 12/17/2018 13:21:38 ,,
E,247,U,U,7380,7409, 12/17/2018 13:21:39, 12/17/2018 13:22:08 ,,
E,248,3, N3,7410,7439, 12/17/2018 13:22:09, 12/17/2018 13:22:38 ,,
E,249,U,U,7440,7469, 12/17/2018 13:22:39, 12/17/2018 13:23:08 ,,
E,250,U,U,7470,7499, 12/17/2018 13:23:09, 12/17/2018 13:23:38 ,,
E,251,U,U,7500,7529, 12/17/2018 13:23:39, 12/17/2018 13:24:08 ,,
E,252,U,U,7530,7559, 12/17/2018 13:24:09, 12/17/2018 13:24:38 ,,
E,253,3, N3,7560,7589, 12/17/2018 13:24:39, 12/17/2018 13:25:08 ,,
E,254,U,U,7590,7619, 12/17/2018 13:25:09, 12/17/2018 13:25:38 ,,
E,255,U,U,7620,7649, 12/17/2018 13:25:39, 12/17/2018 13:26:08 ,,
E,256,U,U,7650,7679, 12/17/2018 13:26:09, 12/17/2018 13:26:38 ,,
E,257,U,U,7680,7709, 12/17/2018 13:26:39, 12/17/2018 13:27:08 ,,
E,258,3, N3,7710,7739, 12/17/2018 13:27:09, 12/17/2018 13:27:38 ,,
E,259,U,U,7740,7769, 12/17/2018 13:27:39, 12/17/2018 13:28:08 ,,
E,260,3, N3,7770,7799, 12/17/2018 13:28:09, 12/17/2018 13:28:38 ,,
E,261,3, N3,7800,7829, 12/17/2018 13:28:39, 12/17/2018 13:29:08 ,,
E,262,3, N3,7830,7859, 12/17/2018 13:29:09, 12/17/2018 13:29:38 ,,
E,263,3, N3,7860,7889, 12/17/2018 13:29:39, 12/17/2018 13:30:08 ,,
E,264,3, N3,7890,7919, 12/17/2018 13:30:09, 12/17/2018 13:30:38 ,,
E,265,U,U,7920,7949, 12/17/2018 13:30:39, 12/17/2018 13:31:08 ,,
E,266,U,U,7950,7979, 12/17/2018 13:31:09, 12/17/2018 13:31:38 ,,
E,267,3, N3,7980,8009, 12/17/2018 13:31:39, 12/17/2018 13:32:08 ,,
E,268,3, N3,8010,8039, 12/17/2018 13:32:09, 12/17/2018 13:32:38 ,,
E,269,3, N3,8040,8069, 12/17/2018 13:32:39, 12/17/2018 13:33:08 ,,
E,270,3, N3,8070,8099, 12/17/2018 13:33:09, 12/17/2018 13:33:38 ,,
E,271,3, N3,8100,8129, 12/17/2018 13:33:39, 12/17/2018 13:34:08 ,,
E,272,U,U,8130,8159, 12/17/2018 13:34:09, 12/17/2018 13:34:38 ,,
E,273,U,U,8160,8189, 12/17/2018 13:34:39, 12/17/2018 13:35:08 ,,
E,274,U,U,8190,8219, 12/17/2018 13:35:09, 12/17/2018 13:35:38 ,,
E,275,U,U,8220,8249, 12/17/2018 13:35:39, 12/17/2018 13:36:08 ,,
E,276,3, N3,8250,8279, 12/17/2018 13:36:09, 12/17/2018 13:36:38 ,,
E,277,3, N3,8280,8309, 12/17/2018 13:36:39, 12/17/2018 13:37:08 ,,
E,278,3, N3,8310,8339, 12/17/2018 13:37:09, 12/17/2018 13:37:38 ,,
E,279,3, N3,8340,8369, 12/17/2018 13:37:39, 12/17/2018 13:38:08 ,,
E,280,3, N3,8370,8399, 12/17/2018 13:38:09, 12/17/2018 13:38:38 ,,
E,281,3, N3,8400,8429, 12/17/2018 13:38:39, 12/17/2018 13:39:08 ,,
E,282,3, N3,8430,8459, 12/17/2018 13:39:09, 12/17/2018 13:39:38 ,,
E,283,3, N3,8460,8489, 12/17/2018 13:39:39, 12/17/2018 13:40:08 ,,
E,284,U,U,8490,8519, 12/17/2018 13:40:09, 12/17/2018 13:40:38 ,,
E,285,U,U,8520,8549, 12/17/2018 13:40:39, 12/17/2018 13:41:08 ,,
E,286,U,U,8550,8579, 12/17/2018 13:41:09, 12/17/2018 13:41:38 ,,
E,287,U,U,8580,8609, 12/17/2018 13:41:39, 12/17/2018 13:42:08 ,,
E,288,U,U,8610,8639, 12/17/2018 13:42:09, 12/17/2018 13:42:38 ,,
E,289,3, N3,8640,8669, 12/17/2018 13:42:39, 12/17/2018 13:43:08 ,,
E,290,3, N3,8670,8699, 12/17/2018 13:43:09, 12/17/2018 13:43:38 ,,
E,291,3, N3,8700,8729, 12/17/2018 13:43:39, 12/17/2018 13:44:08 ,,
E,292,4, R,8730,8759, 12/17/2018 13:44:09, 12/17/2018 13:44:38 ,,
E,293,U,U,8760,8789, 12/17/2018 13:44:39, 12/17/2018 13:45:08 ,,
E,294,5, W,8790,8819, 12/17/2018 13:45:09, 12/17/2018 13:45:38 ,,
E,295,5, W,8820,8849, 12/17/2018 13:45:39, 12/17/2018 13:46:08 ,,
E,296,U,U,8850,8879, 12/17/2018 13:46:09, 12/17/2018 13:46:38 ,,
E,297,5, W,8880,8909, 12/17/2018 13:46:39, 12/17/2018 13:47:08 ,,
E,298,U,U,8910,8939, 12/17/2018 13:47:09, 12/17/2018 13:47:38 ,,
E,299,4, R,8940,8969, 12/17/2018 13:47:39, 12/17/2018 13:48:08 ,,
E,300,U,U,8970,8999, 12/17/2018 13:48:09, 12/17/2018 13:48:38 ,,
E,301,U,U,9000,9029, 12/17/2018 13:48:39, 12/17/2018 13:49:08 ,,
E,302,4, R,9030,9059, 12/17/2018 13:49:09, 12/17/2018 13:49:38 ,,
E,303,4, R,9060,9089, 12/17/2018 13:49:39, 12/17/2018 13:50:08 ,,
E,304,U,U,9090,9119, 12/17/2018 13:50:09, 12/17/2018 13:50:38 ,,
E,305,4, R,9120,9149, 12/17/2018 13:50:39, 12/17/2018 13:51:08 ,,
E,306,5, W,9150,9179, 12/17/2018 13:51:09, 12/17/2018 13:51:38 ,,
E,307,U,U,9180,9209, 12/17/2018 13:51:39, 12/17/2018 13:52:08 ,,
E,308,4, R,9210,9239, 12/17/2018 13:52:09, 12/17/2018 13:52:38 ,,
E,309,4, R,9240,9269, 12/17/2018 13:52:39, 12/17/2018 13:53:08 ,,
E,310,4, R,9270,9299, 12/17/2018 13:53:09, 12/17/2018 13:53:38 ,,
E,311,4, R,9300,9329, 12/17/2018 13:53:39, 12/17/2018 13:54:08 ,,
E,312,U,U,9330,9359, 12/17/2018 13:54:09, 12/17/2018 13:54:38 ,,
E,313,4, R,9360,9389, 12/17/2018 13:54:39, 12/17/2018 13:55:08 ,,
E,314,4, R,9390,9419, 12/17/2018 13:55:09, 12/17/2018 13:55:38 ,,
E,315,4, R,9420,9449, 12/17/2018 13:55:39, 12/17/2018 13:56:08 ,,
E,316,U,U,9450,9479, 12/17/2018 13:56:09, 12/17/2018 13:56:38 ,,
E,317,4, R,9480,9509, 12/17/2018 13:56:39, 12/17/2018 13:57:08 ,,
E,318,4, R,9510,9539, 12/17/2018 13:57:09, 12/17/2018 13:57:38 ,,
E,319,4, R,9540,9569, 12/17/2018 13:57:39, 12/17/2018 13:58:08 ,,
E,320,4, R,9570,9599, 12/17/2018 13:58:09, 12/17/2018 13:58:38 ,,
E,321,U,U,9600,9629, 12/17/2018 13:58:39, 12/17/2018 13:59:08 ,,
E,322,4, R,9630,9659, 12/17/2018 13:59:09, 12/17/2018 13:59:38 ,,
E,323,U,U,9660,9689, 12/17/2018 13:59:39, 12/17/2018 14:00:08 ,,
E,324,4, R,9690,9719, 12/17/2018 14:00:09, 12/17/2018 14:00:38 ,,
E,325,U,U,9720,9749, 12/17/2018 14:00:39, 12/17/2018 14:01:08 ,,
E,326,5, W,9750,9779, 12/17/2018 14:01:09, 12/17/2018 14:01:38 ,,
E,327,U,U,9780,9809, 12/17/2018 14:01:39, 12/17/2018 14:02:08 ,,
E,328,U,U,9810,9839, 12/17/2018 14:02:09, 12/17/2018 14:02:38 ,,
E,329,U,U,9840,9869, 12/17/2018 14:02:39, 12/17/2018 14:03:08 ,,
E,330,U,U,9870,9899, 12/17/2018 14:03:09, 12/17/2018 14:03:38 ,,
E,331,5, W,9900,9929, 12/17/2018 14:03:39, 12/17/2018 14:04:08 ,,
E,332,U,U,9930,9959, 12/17/2018 14:04:09, 12/17/2018 14:04:38 ,,
E,333,U,U,9960,9989, 12/17/2018 14:04:39, 12/17/2018 14:05:08 ,,
E,334,U,U,9990,10019, 12/17/2018 14:05:09, 12/17/2018 14:05:38 ,,
E,335,U,U,10020,10049, 12/17/2018 14:05:39, 12/17/2018 14:06:08 ,,
E,336,U,U,10050,10079, 12/17/2018 14:06:09, 12/17/2018 14:06:38 ,,
E,337,U,U,10080,10109, 12/17/2018 14:06:39, 12/17/2018 14:07:08 ,,
E,338,U,U,10110,10139, 12/17/2018 14:07:09, 12/17/2018 14:07:38 ,,
E,339,U,U,10140,10169, 12/17/2018 14:07:39, 12/17/2018 14:08:08 ,,
E,340,U,U,10170,10199, 12/17/2018 14:08:09, 12/17/2018 14:08:38 ,,
E,341,5, W,10200,10229, 12/17/2018 14:08:39, 12/17/2018 14:09:08 ,,
E,342,5, W,10230,10259, 12/17/2018 14:09:09, 12/17/2018 14:09:38 ,,
E,343,5, W,10260,10289, 12/17/2018 14:09:39, 12/17/2018 14:10:08 ,,
E,344,U,U,10290,10319, 12/17/2018 14:10:09, 12/17/2018 14:10:38 ,,
E,345,2, N2,10320,10349, 12/17/2018 14:10:39, 12/17/2018 14:11:08 ,,
E,346,2, N2,10350,10379, 12/17/2018 14:11:09, 12/17/2018 14:11:38 ,,
E,347,2, N2,10380,10409, 12/17/2018 14:11:39, 12/17/2018 14:12:08 ,,
E,348,U,U,10410,10439, 12/17/2018 14:12:09, 12/17/2018 14:12:38 ,,
E,349,U,U,10440,10469, 12/17/2018 14:12:39, 12/17/2018 14:13:08 ,,
E,350,U,U,10470,10499, 12/17/2018 14:13:09, 12/17/2018 14:13:38 ,,
E,351,U,U,10500,10529, 12/17/2018 14:13:39, 12/17/2018 14:14:08 ,,
E,352,U,U,10530,10559, 12/17/2018 14:14:09, 12/17/2018 14:14:38 ,,
E,353,5, W,10560,10589, 12/17/2018 14:14:39, 12/17/2018 14:15:08 ,,
E,354,U,U,10590,10619, 12/17/2018 14:15:09, 12/17/2018 14:15:38 ,,
E,355,2, N2,10620,10649, 12/17/2018 14:15:39, 12/17/2018 14:16:08 ,,
E,356,2, N2,10650,10679, 12/17/2018 14:16:09, 12/17/2018 14:16:38 ,,
E,357,2, N2,10680,10709, 12/17/2018 14:16:39, 12/17/2018 14:17:08 ,,
E,358,2, N2,10710,10739, 12/17/2018 14:17:09, 12/17/2018 14:17:38 ,,
E,359,2, N2,10740,10769, 12/17/2018 14:17:39, 12/17/2018 14:18:08 ,,
E,360,2, N2,10770,10799, 12/17/2018 14:18:09, 12/17/2018 14:18:38 ,,
E,361,2, N2,10800,10829, 12/17/2018 14:18:39, 12/17/2018 14:19:08 ,,
E,362,2, N2,10830,10859, 12/17/2018 14:19:09, 12/17/2018 14:19:38 ,,
E,363,2, N2,10860,10889, 12/17/2018 14:19:39, 12/17/2018 14:20:08 ,,
E,364,2, N2,10890,10919, 12/17/2018 14:20:09, 12/17/2018 14:20:38 ,,
E,365,2, N2,10920,10949, 12/17/2018 14:20:39, 12/17/2018 14:21:08 ,,
E,366,2, N2,10950,10979, 12/17/2018 14:21:09, 12/17/2018 14:21:38 ,,
E,367,2, N2,10980,11009, 12/17/2018 14:21:39, 12/17/2018 14:22:08 ,,
E,368,2, N2,11010,11039, 12/17/2018 14:22:09, 12/17/2018 14:22:38 ,,
E,369,2, N2,11040,11069, 12/17/2018 14:22:39, 12/17/2018 14:23:08 ,,
E,370,2, N2,11070,11099, 12/17/2018 14:23:09, 12/17/2018 14:23:38 ,,
E,371,2, N2,11100,11129, 12/17/2018 14:23:39, 12/17/2018 14:24:08 ,,
E,372,2, N2,11130,11159, 12/17/2018 14:24:09, 12/17/2018 14:24:38 ,,
E,373,2, N2,11160,11189, 12/17/2018 14:24:39, 12/17/2018 14:25:08 ,,
E,374,2, N2,11190,11219, 12/17/2018 14:25:09, 12/17/2018 14:25:38 ,,
E,375,2, N2,11220,11249, 12/17/2018 14:25:39, 12/17/2018 14:26:08 ,,
E,376,2, N2,11250,11279, 12/17/2018 14:26:09, 12/17/2018 14:26:38 ,,
E,377,2, N2,11280,11309, 12/17/2018 14:26:39, 12/17/2018 14:27:08 ,,
E,378,2, N2,11310,11339, 12/17/2018 14:27:09, 12/17/2018 14:27:38 ,,
E,379,2, N2,11340,11369, 12/17/2018 14:27:39, 12/17/2018 14:28:08 ,,
E,380,2, N2,11370,11399, 12/17/2018 14:28:09, 12/17/2018 14:28:38 ,,
E,381,2, N2,11400,11429, 12/17/2018 14:28:39, 12/17/2018 14:29:08 ,,
E,382,2, N2,11430,11459, 12/17/2018 14:29:09, 12/17/2018 14:29:38 ,,
E,383,2, N2,11460,11489, 12/17/2018 14:29:39, 12/17/2018 14:30:08 ,,
E,384,2, N2,11490,11519, 12/17/2018 14:30:09, 12/17/2018 14:30:38 ,,
E,385,2, N2,11520,11549, 12/17/2018 14:30:39, 12/17/2018 14:31:08 ,,
E,386,2, N2,11550,11579, 12/17/2018 14:31:09, 12/17/2018 14:31:38 ,,
E,387,2, N2,11580,11609, 12/17/2018 14:31:39, 12/17/2018 14:32:08 ,,
E,388,2, N2,11610,11639, 12/17/2018 14:32:09, 12/17/2018 14:32:38 ,,
E,389,2, N2,11640,11669, 12/17/2018 14:32:39, 12/17/2018 14:33:08 ,,
E,390,2, N2,11670,11699, 12/17/2018 14:33:09, 12/17/2018 14:33:38 ,,
E,391,2, N2,11700,11729, 12/17/2018 14:33:39, 12/17/2018 14:34:08 ,,
E,392,2, N2,11730,11759, 12/17/2018 14:34:09, 12/17/2018 14:34:38 ,,
E,393,2, N2,11760,11789, 12/17/2018 14:34:39, 12/17/2018 14:35:08 ,,
E,394,2, N2,11790,11819, 12/17/2018 14:35:09, 12/17/2018 14:35:38 ,,
E,395,2, N2,11820,11849, 12/17/2018 14:35:39, 12/17/2018 14:36:08 ,,
E,396,2, N2,11850,11879, 12/17/2018 14:36:09, 12/17/2018 14:36:38 ,,
E,397,U,U,11880,11909, 12/17/2018 14:36:39, 12/17/2018 14:37:08 ,,
E,398,2, N2,11910,11939, 12/17/2018 14:37:09, 12/17/2018 14:37:38 ,,
E,399,U,U,11940,11969, 12/17/2018 14:37:39, 12/17/2018 14:38:08 ,,
E,400,2, N2,11970,11999, 12/17/2018 14:38:09, 12/17/2018 14:38:38 ,,
E,401,2, N2,12000,12029, 12/17/2018 14:38:39, 12/17/2018 14:39:08 ,,
E,402,2, N2,12030,12059, 12/17/2018 14:39:09, 12/17/2018 14:39:38 ,,
E,403,2, N2,12060,12089, 12/17/2018 14:39:39, 12/17/2018 14:40:08 ,,
E,404,2, N2,12090,12119, 12/17/2018 14:40:09, 12/17/2018 14:40:38 ,,
E,405,2, N2,12120,12149, 12/17/2018 14:40:39, 12/17/2018 14:41:08 ,,
E,406,2, N2,12150,12179, 12/17/2018 14:41:09, 12/17/2018 14:41:38 ,,
E,407,2, N2,12180,12209, 12/17/2018 14:41:39, 12/17/2018 14:42:08 ,,
E,408,2, N2,12210,12239, 12/17/2018 14:42:09, 12/17/2018 14:42:38 ,,
E,409,2, N2,12240,12269, 12/17/2018 14:42:39, 12/17/2018 14:43:08 ,,
E,410,2, N2,12270,12299, 12/17/2018 14:43:09, 12/17/2018 14:43:38 ,,
E,411,2, N2,12300,12329, 12/17/2018 14:43:39, 12/17/2018 14:44:08 ,,
E,412,2, N2,12330,12359, 12/17/2018 14:44:09, 12/17/2018 14:44:38 ,,
E,413,2, N2,12360,12389, 12/17/2018 14:44:39, 12/17/2018 14:45:08 ,,
E,414,2, N2,12390,12419, 12/17/2018 14:45:09, 12/17/2018 14:45:38 ,,
E,415,2, N2,12420,12449, 12/17/2018 14:45:39, 12/17/2018 14:46:08 ,,
E,416,2, N2,12450,12479, 12/17/2018 14:46:09, 12/17/2018 14:46:38 ,,
E,417,2, N2,12480,12509, 12/17/2018 14:46:39, 12/17/2018 14:47:08 ,,
E,418,2, N2,12510,12539, 12/17/2018 14:47:09, 12/17/2018 14:47:38 ,,
E,419,2, N2,12540,12569, 12/17/2018 14:47:39, 12/17/2018 14:48:08 ,,
E,420,2, N2,12570,12599, 12/17/2018 14:48:09, 12/17/2018 14:48:38 ,,
E,421,2, N2,12600,12629, 12/17/2018 14:48:39, 12/17/2018 14:49:08 ,,
E,422,2, N2,12630,12659, 12/17/2018 14:49:09, 12/17/2018 14:49:38 ,,
E,423,2, N2,12660,12689, 12/17/2018 14:49:39, 12/17/2018 14:50:08 ,,
E,424,2, N2,12690,12719, 12/17/2018 14:50:09, 12/17/2018 14:50:38 ,,
E,425,2, N2,12720,12749, 12/17/2018 14:50:39, 12/17/2018 14:51:08 ,,
E,426,2, N2,12750,12779, 12/17/2018 14:51:09, 12/17/2018 14:51:38 ,,
E,427,2, N2,12780,12809, 12/17/2018 14:51:39, 12/17/2018 14:52:08 ,,
E,428,2, N2,12810,12839, 12/17/2018 14:52:09, 12/17/2018 14:52:38 ,,
E,429,2, N2,12840,12869, 12/17/2018 14:52:39, 12/17/2018 14:53:08 ,,
E,430,2, N2,12870,12899, 12/17/2018 14:53:09, 12/17/2018 14:53:38 ,,
E,431,U,U,12900,12929, 12/17/2018 14:53:39, 12/17/2018 14:54:08 ,,
E,432,U,U,12930,12959, 12/17/2018 14:54:09, 12/17/2018 14:54:38 ,,
E,433,U,U,12960,12989, 12/17/2018 14:54:39, 12/17/2018 14:55:08 ,,
E,434,U,U,12990,13019, 12/17/2018 14:55:09, 12/17/2018 14:55:38 ,,
E,435,U,U,13020,13049, 12/17/2018 14:55:39, 12/17/2018 14:56:08 ,,
E,436,U,U,13050,13079, 12/17/2018 14:56:09, 12/17/2018 14:56:38 ,,
E,437,U,U,13080,13109, 12/17/2018 14:56:39, 12/17/2018 14:57:08 ,,
E,438,U,U,13110,13139, 12/17/2018 14:57:09, 12/17/2018 14:57:38 ,,
E,439,U,U,13140,13169, 12/17/2018 14:57:39, 12/17/2018 14:58:08 ,,
E,440,U,U,13170,13199, 12/17/2018 14:58:09, 12/17/2018 14:58:38 ,,
E,441,U,U,13200,13229, 12/17/2018 14:58:39, 12/17/2018 14:59:08 ,,
E,442,5, W,13230,13259, 12/17/2018 14:59:09, 12/17/2018 14:59:38 ,,
E,443,U,U,13260,13289, 12/17/2018 14:59:39, 12/17/2018 15:00:08 ,,
E,444,U,U,13290,13319, 12/17/2018 15:00:09, 12/17/2018 15:00:38 ,,
E,445,U,U,13320,13349, 12/17/2018 15:00:39, 12/17/2018 15:01:08 ,,
E,446,U,U,13350,13379, 12/17/2018 15:01:09, 12/17/2018 15:01:38 ,,
E,447,2, N2,13380,13409, 12/17/2018 15:01:39, 12/17/2018 15:02:08 ,,
E,448,2, N2,13410,13439, 12/17/2018 15:02:09, 12/17/2018 15:02:38 ,,
E,449,2, N2,13440,13469, 12/17/2018 15:02:39, 12/17/2018 15:03:08 ,,
E,450,2, N2,13470,13499, 12/17/2018 15:03:09, 12/17/2018 15:03:38 ,,
E,451,2, N2,13500,13529, 12/17/2018 15:03:39, 12/17/2018 15:04:08 ,,
E,452,2, N2,13530,13559, 12/17/2018 15:04:09, 12/17/2018 15:04:38 ,,
E,453,2, N2,13560,13589, 12/17/2018 15:04:39, 12/17/2018 15:05:08 ,,
E,454,2, N2,13590,13619, 12/17/2018 15:05:09, 12/17/2018 15:05:38 ,,
E,455,2, N2,13620,13649, 12/17/2018 15:05:39, 12/17/2018 15:06:08 ,,
E,456,2, N2,13650,13679, 12/17/2018 15:06:09, 12/17/2018 15:06:38 ,,
E,457,2, N2,13680,13709, 12/17/2018 15:06:39, 12/17/2018 15:07:08 ,,
E,458,2, N2,13710,13739, 12/17/2018 15:07:09, 12/17/2018 15:07:38 ,,
E,459,2, N2,13740,13769, 12/17/2018 15:07:39, 12/17/2018 15:08:08 ,,
E,460,2, N2,13770,13799, 12/17/2018 15:08:09, 12/17/2018 15:08:38 ,,
E,461,2, N2,13800,13829, 12/17/2018 15:08:39, 12/17/2018 15:09:08 ,,
E,462,2, N2,13830,13859, 12/17/2018 15:09:09, 12/17/2018 15:09:38 ,,
E,463,2, N2,13860,13889, 12/17/2018 15:09:39, 12/17/2018 15:10:08 ,,
E,464,5, W,13890,13919, 12/17/2018 15:10:09, 12/17/2018 15:10:38 ,,
E,465,5, W,13920,13949, 12/17/2018 15:10:39, 12/17/2018 15:11:08 ,,
E,466,2, N2,13950,13979, 12/17/2018 15:11:09, 12/17/2018 15:11:38 ,,
E,467,2, N2,13980,14009, 12/17/2018 15:11:39, 12/17/2018 15:12:08 ,,
E,468,2, N2,14010,14039, 12/17/2018 15:12:09, 12/17/2018 15:12:38 ,,
E,469,2, N2,14040,14069, 12/17/2018 15:12:39, 12/17/2018 15:13:08 ,,
E,470,2, N2,14070,14099, 12/17/2018 15:13:09, 12/17/2018 15:13:38 ,,
E,471,2, N2,14100,14129, 12/17/2018 15:13:39, 12/17/2018 15:14:08 ,,
E,472,2, N2,14130,14159, 12/17/2018 15:14:09, 12/17/2018 15:14:38 ,,
E,473,2, N2,14160,14189, 12/17/2018 15:14:39, 12/17/2018 15:15:08 ,,
E,474,2, N2,14190,14219, 12/17/2018 15:15:09, 12/17/2018 15:15:38 ,,
E,475,2, N2,14220,14249, 12/17/2018 15:15:39, 12/17/2018 15:16:08 ,,
E,476,2, N2,14250,14279, 12/17/2018 15:16:09, 12/17/2018 15:16:38 ,,
E,477,2, N2,14280,14309, 12/17/2018 15:16:39, 12/17/2018 15:17:08 ,,
E,478,2, N2,14310,14339, 12/17/2018 15:17:09, 12/17/2018 15:17:38 ,,
E,479,2, N2,14340,14369, 12/17/2018 15:17:39, 12/17/2018 15:18:08 ,,
E,480,2, N2,14370,14399, 12/17/2018 15:18:09, 12/17/2018 15:18:38 ,,
E,481,2, N2,14400,14429, 12/17/2018 15:18:39, 12/17/2018 15:19:08 ,,
E,482,U,U,14430,14459, 12/17/2018 15:19:09, 12/17/2018 15:19:38 ,,
E,483,U,U,14460,14489, 12/17/2018 15:19:39, 12/17/2018 15:20:08 ,,
E,484,5, W,14490,14519, 12/17/2018 15:20:09, 12/17/2018 15:20:38 ,,
E,485,5, W,14520,14549, 12/17/2018 15:20:39, 12/17/2018 15:21:08 ,,
E,486,U,U,14550,14579, 12/17/2018 15:21:09, 12/17/2018 15:21:38 ,,
E,487,U,U,14580,14609, 12/17/2018 15:21:39, 12/17/2018 15:22:08 ,,
E,488,U,U,14610,14639, 12/17/2018 15:22:09, 12/17/2018 15:22:38 ,,
E,489,U,U,14640,14669, 12/17/2018 15:22:39, 12/17/2018 15:23:08 ,,
E,490,U,U,14670,14699, 12/17/2018 15:23:09, 12/17/2018 15:23:38 ,,
E,491,U,U,14700,14729, 12/17/2018 15:23:39, 12/17/2018 15:24:08 ,,
E,492,U,U,14730,14759, 12/17/2018 15:24:09, 12/17/2018 15:24:38 ,,
E,493,U,U,14760,14789, 12/17/2018 15:24:39, 12/17/2018 15:25:08 ,,
E,494,5, W,14790,14819, 12/17/2018 15:25:09, 12/17/2018 15:25:38 ,,
E,495,5, W,14820,14849, 12/17/2018 15:25:39, 12/17/2018 15:26:08 ,,
E,496,U,U,14850,14879, 12/17/2018 15:26:09, 12/17/2018 15:26:38 ,,
E,497,U,U,14880,14909, 12/17/2018 15:26:39, 12/17/2018 15:27:08 ,,
E,498,U,U,14910,14939, 12/17/2018 15:27:09, 12/17/2018 15:27:38 ,,
E,499,U,U,14940,14969, 12/17/2018 15:27:39, 12/17/2018 15:28:08 ,,
E,500,U,U,14970,14999, 12/17/2018 15:28:09, 12/17/2018 15:28:38 ,,
E,501,U,U,15000,15029, 12/17/2018 15:28:39, 12/17/2018 15:29:08 ,,
E,502,U,U,15030,15059, 12/17/2018 15:29:09, 12/17/2018 15:29:38 ,,
E,503,U,U,15060,15089, 12/17/2018 15:29:39, 12/17/2018 15:30:08 ,,
E,504,U,U,15090,15119, 12/17/2018 15:30:09, 12/17/2018 15:30:38 ,,
E,505,U,U,15120,15149, 12/17/2018 15:30:39, 12/17/2018 15:31:08 ,,
E,506,U,U,15150,15179, 12/17/2018 15:31:09, 12/17/2018 15:31:38 ,,
E,507,U,U,15180,15209, 12/17/2018 15:31:39, 12/17/2018 15:32:08 ,,
E,508,U,U,15210,15239, 12/17/2018 15:32:09, 12/17/2018 15:32:38 ,,
E,509,U,U,15240,15269, 12/17/2018 15:32:39, 12/17/2018 15:33:08 ,,
E,510,U,U,15270,15299, 12/17/2018 15:33:09, 12/17/2018 15:33:38 ,,
E,511,U,U,15300,15329, 12/17/2018 15:33:39, 12/17/2018 15:34:08 ,,
E,512,U,U,15330,15359, 12/17/2018 15:34:09, 12/17/2018 15:34:38 ,,
E,513,U,U,15360,15389, 12/17/2018 15:34:39, 12/17/2018 15:35:08 ,,
E,514,5, W,15390,15419, 12/17/2018 15:35:09, 12/17/2018 15:35:38 ,,
E,515,U,U,15420,15449, 12/17/2018 15:35:39, 12/17/2018 15:36:08 ,,
E,516,U,U,15450,15479, 12/17/2018 15:36:09, 12/17/2018 15:36:38 ,,
E,517,U,U,15480,15509, 12/17/2018 15:36:39, 12/17/2018 15:37:08 ,,
E,518,U,U,15510,15539, 12/17/2018 15:37:09, 12/17/2018 15:37:38 ,,
E,519,5, W,15540,15569, 12/17/2018 15:37:39, 12/17/2018 15:38:08 ,,
E,520,U,U,15570,15599, 12/17/2018 15:38:09, 12/17/2018 15:38:38 ,,
E,521,5, W,15600,15629, 12/17/2018 15:38:39, 12/17/2018 15:39:08 ,,
E,522,U,U,15630,15659, 12/17/2018 15:39:09, 12/17/2018 15:39:38 ,,
E,523,U,U,15660,15689, 12/17/2018 15:39:39, 12/17/2018 15:40:08 ,,
E,524,U,U,15690,15719, 12/17/2018 15:40:09, 12/17/2018 15:40:38 ,,
E,525,U,U,15720,15749, 12/17/2018 15:40:39, 12/17/2018 15:41:08 ,,
E,526,U,U,15750,15779, 12/17/2018 15:41:09, 12/17/2018 15:41:38 ,,
E,527,U,U,15780,15809, 12/17/2018 15:41:39, 12/17/2018 15:42:08 ,,
E,528,U,U,15810,15839, 12/17/2018 15:42:09, 12/17/2018 15:42:38 ,,
E,529,U,U,15840,15869, 12/17/2018 15:42:39, 12/17/2018 15:43:08 ,,
E,530,U,U,15870,15899, 12/17/2018 15:43:09, 12/17/2018 15:43:38 ,,
E,531,5, W,15900,15929, 12/17/2018 15:43:39, 12/17/2018 15:44:08 ,,
E,532,U,U,15930,15959, 12/17/2018 15:44:09, 12/17/2018 15:44:38 ,,
E,533,U,U,15960,15989, 12/17/2018 15:44:39, 12/17/2018 15:45:08 ,,
E,534,U,U,15990,16019, 12/17/2018 15:45:09, 12/17/2018 15:45:38 ,,
E,535,U,U,16020,16049, 12/17/2018 15:45:39, 12/17/2018 15:46:08 ,,
E,536,5, W,16050,16079, 12/17/2018 15:46:09, 12/17/2018 15:46:38 ,,
E,537,U,U,16080,16109, 12/17/2018 15:46:39, 12/17/2018 15:47:08 ,,
E,538,U,U,16110,16139, 12/17/2018 15:47:09, 12/17/2018 15:47:38 ,,
E,539,U,U,16140,16169, 12/17/2018 15:47:39, 12/17/2018 15:48:08 ,,
E,540,U,U,16170,16199, 12/17/2018 15:48:09, 12/17/2018 15:48:38 ,,
E,541,5, W,16200,16229, 12/17/2018 15:48:39, 12/17/2018 15:49:08 ,,
E,542,U,U,16230,16259, 12/17/2018 15:49:09, 12/17/2018 15:49:38 ,,
E,543,5, W,16260,16289, 12/17/2018 15:49:39, 12/17/2018 15:50:08 ,,
E,544,U,U,16290,16319, 12/17/2018 15:50:09, 12/17/2018 15:50:38 ,,
E,545,U,U,16320,16349, 12/17/2018 15:50:39, 12/17/2018 15:51:08 ,,
E,546,U,U,16350,16379, 12/17/2018 15:51:09, 12/17/2018 15:51:38 ,,
E,547,U,U,16380,16409, 12/17/2018 15:51:39, 12/17/2018 15:52:08 ,,
E,548,5, W,16410,16439, 12/17/2018 15:52:09, 12/17/2018 15:52:38 ,,
E,549,5, W,16440,16469, 12/17/2018 15:52:39, 12/17/2018 15:53:08 ,,
E,550,U,U,16470,16499, 12/17/2018 15:53:09, 12/17/2018 15:53:38 ,,
E,551,U,U,16500,16529, 12/17/2018 15:53:39, 12/17/2018 15:54:08 ,,
E,552,U,U,16530,16559, 12/17/2018 15:54:09, 12/17/2018 15:54:38 ,,
E,553,U,U,16560,16589, 12/17/2018 15:54:39, 12/17/2018 15:55:08 ,,
E,554,U,U,16590,16619, 12/17/2018 15:55:09, 12/17/2018 15:55:38 ,,
E,555,U,U,16620,16649, 12/17/2018 15:55:39, 12/17/2018 15:56:08 ,,
E,556,U,U,16650,16679, 12/17/2018 15:56:09, 12/17/2018 15:56:38 ,,
E,557,U,U,16680,16709, 12/17/2018 15:56:39, 12/17/2018 15:57:08 ,,
E,558,U,U,16710,16739, 12/17/2018 15:57:09, 12/17/2018 15:57:38 ,,
E,559,U,U,16740,16769, 12/17/2018 15:57:39, 12/17/2018 15:58:08 ,,
E,560,U,U,16770,16799, 12/17/2018 15:58:09, 12/17/2018 15:58:38 ,,
E,561,U,U,16800,16829, 12/17/2018 15:58:39, 12/17/2018 15:59:08 ,,
E,562,U,U,16830,16859, 12/17/2018 15:59:09, 12/17/2018 15:59:38 ,,
E,563,U,U,16860,16889, 12/17/2018 15:59:39, 12/17/2018 16:00:08 ,,
E,564,U,U,16890,16919, 12/17/2018 16:00:09, 12/17/2018 16:00:38 ,,
E,565,U,U,16920,16949, 12/17/2018 16:00:39, 12/17/2018 16:01:08 ,,
E,566,U,U,16950,16979, 12/17/2018 16:01:09, 12/17/2018 16:01:38 ,,
E,567,U,U,16980,17009, 12/17/2018 16:01:39, 12/17/2018 16:02:08 ,,
E,568,5, W,17010,17039, 12/17/2018 16:02:09, 12/17/2018 16:02:38 ,,
E,569,U,U,17040,17069, 12/17/2018 16:02:39, 12/17/2018 16:03:08 ,,
E,570,U,U,17070,17099, 12/17/2018 16:03:09, 12/17/2018 16:03:38 ,,
E,571,5, W,17100,17129, 12/17/2018 16:03:39, 12/17/2018 16:04:08 ,,
E,572,U,U,17130,17159, 12/17/2018 16:04:09, 12/17/2018 16:04:38 ,,
E,573,5, W,17160,17189, 12/17/2018 16:04:39, 12/17/2018 16:05:08 ,,
E,574,U,U,17190,17219, 12/17/2018 16:05:09, 12/17/2018 16:05:38 ,,
E,575,U,U,17220,17249, 12/17/2018 16:05:39, 12/17/2018 16:06:08 ,,
E,576,U,U,17250,17279, 12/17/2018 16:06:09, 12/17/2018 16:06:38 ,,
E,577,U,U,17280,17309, 12/17/2018 16:06:39, 12/17/2018 16:07:08 ,,
E,578,U,U,17310,17339, 12/17/2018 16:07:09, 12/17/2018 16:07:38 ,,
E,579,2, N2,17340,17369, 12/17/2018 16:07:39, 12/17/2018 16:08:08 ,,
E,580,2, N2,17370,17399, 12/17/2018 16:08:09, 12/17/2018 16:08:38 ,,
E,581,2, N2,17400,17429, 12/17/2018 16:08:39, 12/17/2018 16:09:08 ,,
E,582,2, N2,17430,17459, 12/17/2018 16:09:09, 12/17/2018 16:09:38 ,,
E,583,2, N2,17460,17489, 12/17/2018 16:09:39, 12/17/2018 16:10:08 ,,
E,584,2, N2,17490,17519, 12/17/2018 16:10:09, 12/17/2018 16:10:38 ,,
E,585,2, N2,17520,17549, 12/17/2018 16:10:39, 12/17/2018 16:11:08 ,,
E,586,2, N2,17550,17579, 12/17/2018 16:11:09, 12/17/2018 16:11:38 ,,
E,587,2, N2,17580,17609, 12/17/2018 16:11:39, 12/17/2018 16:12:08 ,,
E,588,2, N2,17610,17639, 12/17/2018 16:12:09, 12/17/2018 16:12:38 ,,
E,589,2, N2,17640,17669, 12/17/2018 16:12:39, 12/17/2018 16:13:08 ,,
E,590,2, N2,17670,17699, 12/17/2018 16:13:09, 12/17/2018 16:13:38 ,,
E,591,2, N2,17700,17729, 12/17/2018 16:13:39, 12/17/2018 16:14:08 ,,
E,592,2, N2,17730,17759, 12/17/2018 16:14:09, 12/17/2018 16:14:38 ,,
E,593,2, N2,17760,17789, 12/17/2018 16:14:39, 12/17/2018 16:15:08 ,,
E,594,2, N2,17790,17819, 12/17/2018 16:15:09, 12/17/2018 16:15:38 ,,
E,595,2, N2,17820,17849, 12/17/2018 16:15:39, 12/17/2018 16:16:08 ,,
E,596,2, N2,17850,17879, 12/17/2018 16:16:09, 12/17/2018 16:16:38 ,,
E,597,2, N2,17880,17909, 12/17/2018 16:16:39, 12/17/2018 16:17:08 ,,
E,598,2, N2,17910,17939, 12/17/2018 16:17:09, 12/17/2018 16:17:38 ,,
E,599,2, N2,17940,17969, 12/17/2018 16:17:39, 12/17/2018 16:18:08 ,,
E,600,2, N2,17970,17999, 12/17/2018 16:18:09, 12/17/2018 16:18:38 ,,
E,601,2, N2,18000,18029, 12/17/2018 16:18:39, 12/17/2018 16:19:08 ,,
E,602,2, N2,18030,18059, 12/17/2018 16:19:09, 12/17/2018 16:19:38 ,,
E,603,2, N2,18060,18089, 12/17/2018 16:19:39, 12/17/2018 16:20:08 ,,
E,604,2, N2,18090,18119, 12/17/2018 16:20:09, 12/17/2018 16:20:38 ,,
E,605,2, N2,18120,18149, 12/17/2018 16:20:39, 12/17/2018 16:21:08 ,,
E,606,2, N2,18150,18179, 12/17/2018 16:21:09, 12/17/2018 16:21:38 ,,
E,607,2, N2,18180,18209, 12/17/2018 16:21:39, 12/17/2018 16:22:08 ,,
E,608,2, N2,18210,18239, 12/17/2018 16:22:09, 12/17/2018 16:22:38 ,,
E,609,2, N2,18240,18269, 12/17/2018 16:22:39, 12/17/2018 16:23:08 ,,
E,610,2, N2,18270,18299, 12/17/2018 16:23:09, 12/17/2018 16:23:38 ,,
E,611,2, N2,18300,18329, 12/17/2018 16:23:39, 12/17/2018 16:24:08 ,,
E,612,2, N2,18330,18359, 12/17/2018 16:24:09, 12/17/2018 16:24:38 ,,
E,613,2, N2,18360,18389, 12/17/2018 16:24:39, 12/17/2018 16:25:08 ,,
E,614,2, N2,18390,18419, 12/17/2018 16:25:09, 12/17/2018 16:25:38 ,,
E,615,2, N2,18420,18449, 12/17/2018 16:25:39, 12/17/2018 16:26:08 ,,
E,616,2, N2,18450,18479, 12/17/2018 16:26:09, 12/17/2018 16:26:38 ,,
E,617,2, N2,18480,18509, 12/17/2018 16:26:39, 12/17/2018 16:27:08 ,,
E,618,2, N2,18510,18539, 12/17/2018 16:27:09, 12/17/2018 16:27:38 ,,
E,619,2, N2,18540,18569, 12/17/2018 16:27:39, 12/17/2018 16:28:08 ,,
E,620,2, N2,18570,18599, 12/17/2018 16:28:09, 12/17/2018 16:28:38 ,,
E,621,2, N2,18600,18629, 12/17/2018 16:28:39, 12/17/2018 16:29:08 ,,
E,622,2, N2,18630,18659, 12/17/2018 16:29:09, 12/17/2018 16:29:38 ,,
E,623,2, N2,18660,18689, 12/17/2018 16:29:39, 12/17/2018 16:30:08 ,,
E,624,2, N2,18690,18719, 12/17/2018 16:30:09, 12/17/2018 16:30:38 ,,
E,625,2, N2,18720,18749, 12/17/2018 16:30:39, 12/17/2018 16:31:08 ,,
E,626,2, N2,18750,18779, 12/17/2018 16:31:09, 12/17/2018 16:31:38 ,,
E,627,2, N2,18780,18809, 12/17/2018 16:31:39, 12/17/2018 16:32:08 ,,
E,628,5, W,18810,18839, 12/17/2018 16:32:09, 12/17/2018 16:32:38 ,,
E,629,U,U,18840,18869, 12/17/2018 16:32:39, 12/17/2018 16:33:08 ,,
E,630,2, N2,18870,18899, 12/17/2018 16:33:09, 12/17/2018 16:33:38 ,,
E,631,2, N2,18900,18929, 12/17/2018 16:33:39, 12/17/2018 16:34:08 ,,
E,632,2, N2,18930,18959, 12/17/2018 16:34:09, 12/17/2018 16:34:38 ,,
E,633,2, N2,18960,18989, 12/17/2018 16:34:39, 12/17/2018 16:35:08 ,,
E,634,2, N2,18990,19019, 12/17/2018 16:35:09, 12/17/2018 16:35:38 ,,
E,635,2, N2,19020,19049, 12/17/2018 16:35:39, 12/17/2018 16:36:08 ,,
E,636,2, N2,19050,19079, 12/17/2018 16:36:09, 12/17/2018 16:36:38 ,,
E,637,2, N2,19080,19109, 12/17/2018 16:36:39, 12/17/2018 16:37:08 ,,
E,638,2, N2,19110,19139, 12/17/2018 16:37:09, 12/17/2018 16:37:38 ,,
E,639,2, N2,19140,19169, 12/17/2018 16:37:39, 12/17/2018 16:38:08 ,,
E,640,2, N2,19170,19199, 12/17/2018 16:38:09, 12/17/2018 16:38:38 ,,
E,641,2, N2,19200,19229, 12/17/2018 16:38:39, 12/17/2018 16:39:08 ,,
E,642,2, N2,19230,19259, 12/17/2018 16:39:09, 12/17/2018 16:39:38 ,,
E,643,2, N2,19260,19289, 12/17/2018 16:39:39, 12/17/2018 16:40:08 ,,
E,644,2, N2,19290,19319, 12/17/2018 16:40:09, 12/17/2018 16:40:38 ,,
E,645,U,U,19320,19349, 12/17/2018 16:40:39, 12/17/2018 16:41:08 ,,
E,646,U,U,19350,19379, 12/17/2018 16:41:09, 12/17/2018 16:41:38 ,,
E,647,U,U,19380,19409, 12/17/2018 16:41:39, 12/17/2018 16:42:08 ,,
E,648,U,U,19410,19439, 12/17/2018 16:42:09, 12/17/2018 16:42:38 ,,
E,649,U,U,19440,19469, 12/17/2018 16:42:39, 12/17/2018 16:43:08 ,,
E,650,U,U,19470,19499, 12/17/2018 16:43:09, 12/17/2018 16:43:38 ,,
E,651,U,U,19500,19529, 12/17/2018 16:43:39, 12/17/2018 16:44:08 ,,
E,652,U,U,19530,19559, 12/17/2018 16:44:09, 12/17/2018 16:44:38 ,,
E,653,U,U,19560,19589, 12/17/2018 16:44:39, 12/17/2018 16:45:08 ,,
E,654,U,U,19590,19619, 12/17/2018 16:45:09, 12/17/2018 16:45:38 ,,
E,655,U,U,19620,19649, 12/17/2018 16:45:39, 12/17/2018 16:46:08 ,,
E,656,U,U,19650,19679, 12/17/2018 16:46:09, 12/17/2018 16:46:38 ,,
E,657,U,U,19680,19709, 12/17/2018 16:46:39, 12/17/2018 16:47:08 ,,
E,658,U,U,19710,19739, 12/17/2018 16:47:09, 12/17/2018 16:47:38 ,,
E,659,U,U,19740,19769, 12/17/2018 16:47:39, 12/17/2018 16:48:08 ,,
E,660,U,U,19770,19799, 12/17/2018 16:48:09, 12/17/2018 16:48:38 ,,
E,661,U,U,19800,19829, 12/17/2018 16:48:39, 12/17/2018 16:49:08 ,,
E,662,2, N2,19830,19859, 12/17/2018 16:49:09, 12/17/2018 16:49:38 ,,
E,663,2, N2,19860,19889, 12/17/2018 16:49:39, 12/17/2018 16:50:08 ,,
E,664,2, N2,19890,19919, 12/17/2018 16:50:09, 12/17/2018 16:50:38 ,,
E,665,2, N2,19920,19949, 12/17/2018 16:50:39, 12/17/2018 16:51:08 ,,
E,666,2, N2,19950,19979, 12/17/2018 16:51:09, 12/17/2018 16:51:38 ,,
E,667,2, N2,19980,20009, 12/17/2018 16:51:39, 12/17/2018 16:52:08 ,,
E,668,2, N2,20010,20039, 12/17/2018 16:52:09, 12/17/2018 16:52:38 ,,
E,669,2, N2,20040,20069, 12/17/2018 16:52:39, 12/17/2018 16:53:08 ,,
E,670,2, N2,20070,20099, 12/17/2018 16:53:09, 12/17/2018 16:53:38 ,,
E,671,2, N2,20100,20129, 12/17/2018 16:53:39, 12/17/2018 16:54:08 ,,
E,672,2, N2,20130,20159, 12/17/2018 16:54:09, 12/17/2018 16:54:38 ,,
E,673,U,U,20160,20189, 12/17/2018 16:54:39, 12/17/2018 16:55:08 ,,
E,674,5, W,20190,20219, 12/17/2018 16:55:09, 12/17/2018 16:55:38 ,,
E,675,U,U,20220,20249, 12/17/2018 16:55:39, 12/17/2018 16:56:08 ,,
E,676,U,U,20250,20279, 12/17/2018 16:56:09, 12/17/2018 16:56:38 ,,
E,677,U,U,20280,20309, 12/17/2018 16:56:39, 12/17/2018 16:57:08 ,,
E,678,U,U,20310,20339, 12/17/2018 16:57:09, 12/17/2018 16:57:38 ,,
E,679,5, W,20340,20369, 12/17/2018 16:57:39, 12/17/2018 16:58:08 ,,
E,680,U,U,20370,20399, 12/17/2018 16:58:09, 12/17/2018 16:58:38 ,,
E,681,5, W,20400,20429, 12/17/2018 16:58:39, 12/17/2018 16:59:08 ,,
E,682,U,U,20430,20459, 12/17/2018 16:59:09, 12/17/2018 16:59:38 ,,
E,683,U,U,20460,20489, 12/17/2018 16:59:39, 12/17/2018 17:00:08 ,,
E,684,5, W,20490,20519, 12/17/2018 17:00:09, 12/17/2018 17:00:38 ,,
E,685,5, W,20520,20549, 12/17/2018 17:00:39, 12/17/2018 17:01:08 ,,
E,686,U,U,20550,20579, 12/17/2018 17:01:09, 12/17/2018 17:01:38 ,,
E,687,U,U,20580,20609, 12/17/2018 17:01:39, 12/17/2018 17:02:08 ,,
E,688,U,U,20610,20639, 12/17/2018 17:02:09, 12/17/2018 17:02:38 ,,
E,689,U,U,20640,20669, 12/17/2018 17:02:39, 12/17/2018 17:03:08 ,,
E,690,U,U,20670,20699, 12/17/2018 17:03:09, 12/17/2018 17:03:38 ,,
E,691,U,U,20700,20729, 12/17/2018 17:03:39, 12/17/2018 17:04:08 ,,
E,692,U,U,20730,20759, 12/17/2018 17:04:09, 12/17/2018 17:04:38 ,,
E,693,U,U,20760,20789, 12/17/2018 17:04:39, 12/17/2018 17:05:08 ,,
E,694,5, W,20790,20819, 12/17/2018 17:05:09, 12/17/2018 17:05:38 ,,
E,695,U,U,20820,20849, 12/17/2018 17:05:39, 12/17/2018 17:06:08 ,,
E,696,U,U,20850,20879, 12/17/2018 17:06:09, 12/17/2018 17:06:38 ,,
E,697,U,U,20880,20909, 12/17/2018 17:06:39, 12/17/2018 17:07:08 ,,
E,698,U,U,20910,20939, 12/17/2018 17:07:09, 12/17/2018 17:07:38 ,,
E,699,U,U,20940,20969, 12/17/2018 17:07:39, 12/17/2018 17:08:08 ,,
E,700,5, W,20970,20999, 12/17/2018 17:08:09, 12/17/2018 17:08:38 ,,
E,701,5, W,21000,21029, 12/17/2018 17:08:39, 12/17/2018 17:09:08 ,,
E,702,5, W,21030,21059, 12/17/2018 17:09:09, 12/17/2018 17:09:38 ,,
E,703,5, W,21060,21089, 12/17/2018 17:09:39, 12/17/2018 17:10:08 ,,
E,704,U,U,21090,21119, 12/17/2018 17:10:09, 12/17/2018 17:10:38 ,,
E,705,U,U,21120,21149, 12/17/2018 17:10:39, 12/17/2018 17:11:08 ,,
E,706,U,U,21150,21179, 12/17/2018 17:11:09, 12/17/2018 17:11:38 ,,
E,707,U,U,21180,21209, 12/17/2018 17:11:39, 12/17/2018 17:12:08 ,,
E,708,U,U,21210,21239, 12/17/2018 17:12:09, 12/17/2018 17:12:38 ,,
E,709,U,U,21240,21269, 12/17/2018 17:12:39, 12/17/2018 17:13:08 ,,
E,710,U,U,21270,21299, 12/17/2018 17:13:09, 12/17/2018 17:13:38 ,,
E,711,U,U,21300,21329, 12/17/2018 17:13:39, 12/17/2018 17:14:08 ,,
E,712,U,U,21330,21359, 12/17/2018 17:14:09, 12/17/2018 17:14:38 ,,
E,713,U,U,21360,21389, 12/17/2018 17:14:39, 12/17/2018 17:15:08 ,,
E,714,U,U,21390,21419, 12/17/2018 17:15:09, 12/17/2018 17:15:38 ,,
E,715,5, W,21420,21449, 12/17/2018 17:15:39, 12/17/2018 17:16:08 ,,
E,716,5, W,21450,21479, 12/17/2018 17:16:09, 12/17/2018 17:16:38 ,,
E,717,U,U,21480,21509, 12/17/2018 17:16:39, 12/17/2018 17:17:08 ,,
E,718,U,U,21510,21539, 12/17/2018 17:17:09, 12/17/2018 17:17:38 ,,
E,719,U,U,21540,21569, 12/17/2018 17:17:39, 12/17/2018 17:18:08 ,,
E,720,U,U,21570,21599, 12/17/2018 17:18:09, 12/17/2018 17:18:38 ,,
E,721,U,U,21600,21629, 12/17/2018 17:18:39, 12/17/2018 17:19:08 ,,
E,722,U,U,21630,21659, 12/17/2018 17:19:09, 12/17/2018 17:19:38 ,,
E,723,U,U,21660,21689, 12/17/2018 17:19:39, 12/17/2018 17:20:08 ,,
E,724,U,U,21690,21719, 12/17/2018 17:20:09, 12/17/2018 17:20:38 ,,
E,725,U,U,21720,21749, 12/17/2018 17:20:39, 12/17/2018 17:21:08 ,,
E,726,U,U,21750,21779, 12/17/2018 17:21:09, 12/17/2018 17:21:38 ,,
E,727,5, W,21780,21809, 12/17/2018 17:21:39, 12/17/2018 17:22:08 ,,
E,728,U,U,21810,21839, 12/17/2018 17:22:09, 12/17/2018 17:22:38 ,,
E,729,U,U,21840,21869, 12/17/2018 17:22:39, 12/17/2018 17:23:08 ,,
E,730,U,U,21870,21899, 12/17/2018 17:23:09, 12/17/2018 17:23:38 ,,
E,731,U,U,21900,21929, 12/17/2018 17:23:39, 12/17/2018 17:24:08 ,,
E,732,U,U,21930,21959, 12/17/2018 17:24:09, 12/17/2018 17:24:38 ,,
E,733,U,U,21960,21989, 12/17/2018 17:24:39, 12/17/2018 17:25:08 ,,
E,734,U,U,21990,22019, 12/17/2018 17:25:09, 12/17/2018 17:25:38 ,,
E,735,U,U,22020,22049, 12/17/2018 17:25:39, 12/17/2018 17:26:08 ,,
E,736,5, W,22050,22079, 12/17/2018 17:26:09, 12/17/2018 17:26:38 ,,
E,737,5, W,22080,22109, 12/17/2018 17:26:39, 12/17/2018 17:27:08 ,,
E,738,U,U,22110,22139, 12/17/2018 17:27:09, 12/17/2018 17:27:38 ,,
E,739,U,U,22140,22169, 12/17/2018 17:27:39, 12/17/2018 17:28:08 ,,
E,740,U,U,22170,22199, 12/17/2018 17:28:09, 12/17/2018 17:28:38 ,,
E,741,U,U,22200,22229, 12/17/2018 17:28:39, 12/17/2018 17:29:08 ,,
E,742,U,U,22230,22259, 12/17/2018 17:29:09, 12/17/2018 17:29:38 ,,
E,743,5, W,22260,22289, 12/17/2018 17:29:39, 12/17/2018 17:30:08 ,,
E,744,U,U,22290,22319, 12/17/2018 17:30:09, 12/17/2018 17:30:38 ,,
E,745,U,U,22320,22349, 12/17/2018 17:30:39, 12/17/2018 17:31:08 ,,
E,746,U,U,22350,22379, 12/17/2018 17:31:09, 12/17/2018 17:31:38 ,,
E,747,U,U,22380,22409, 12/17/2018 17:31:39, 12/17/2018 17:32:08 ,,
E,748,5, W,22410,22439, 12/17/2018 17:32:09, 12/17/2018 17:32:38 ,,
E,749,5, W,22440,22469, 12/17/2018 17:32:39, 12/17/2018 17:33:08 ,,
E,750,5, W,22470,22499, 12/17/2018 17:33:09, 12/17/2018 17:33:38 ,,
E,751,U,U,22500,22529, 12/17/2018 17:33:39, 12/17/2018 17:34:08 ,,
E,752,U,U,22530,22559, 12/17/2018 17:34:09, 12/17/2018 17:34:38 ,,
E,753,U,U,22560,22589, 12/17/2018 17:34:39, 12/17/2018 17:35:08 ,,
E,754,U,U,22590,22619, 12/17/2018 17:35:09, 12/17/2018 17:35:38 ,,
E,755,U,U,22620,22649, 12/17/2018 17:35:39, 12/17/2018 17:36:08 ,,
E,756,U,U,22650,22679, 12/17/2018 17:36:09, 12/17/2018 17:36:38 ,,
E,757,U,U,22680,22709, 12/17/2018 17:36:39, 12/17/2018 17:37:08 ,,
E,758,U,U,22710,22739, 12/17/2018 17:37:09, 12/17/2018 17:37:38 ,,
E,759,U,U,22740,22769, 12/17/2018 17:37:39, 12/17/2018 17:38:08 ,,
E,760,U,U,22770,22799, 12/17/2018 17:38:09, 12/17/2018 17:38:38 ,,
E,761,U,U,22800,22829, 12/17/2018 17:38:39, 12/17/2018 17:39:08 ,,
E,762,U,U,22830,22859, 12/17/2018 17:39:09, 12/17/2018 17:39:38 ,,
E,763,U,U,22860,22889, 12/17/2018 17:39:39, 12/17/2018 17:40:08 ,,
E,764,5, W,22890,22919, 12/17/2018 17:40:09, 12/17/2018 17:40:38 ,,
E,765,U,U,22920,22949, 12/17/2018 17:40:39, 12/17/2018 17:41:08 ,,
E,766,U,U,22950,22979, 12/17/2018 17:41:09, 12/17/2018 17:41:38 ,,
E,767,U,U,22980,23009, 12/17/2018 17:41:39, 12/17/2018 17:42:08 ,,
E,768,U,U,23010,23039, 12/17/2018 17:42:09, 12/17/2018 17:42:38 ,,
E,769,U,U,23040,23069, 12/17/2018 17:42:39, 12/17/2018 17:43:08 ,,
E,770,U,U,23070,23099, 12/17/2018 17:43:09, 12/17/2018 17:43:38 ,,
E,771,U,U,23100,23129, 12/17/2018 17:43:39, 12/17/2018 17:44:08 ,,
E,772,U,U,23130,23159, 12/17/2018 17:44:09, 12/17/2018 17:44:38 ,,
E,773,5, W,23160,23189, 12/17/2018 17:44:39, 12/17/2018 17:45:08 ,,
E,774,U,U,23190,23219, 12/17/2018 17:45:09, 12/17/2018 17:45:38 ,,
E,775,U,U,23220,23249, 12/17/2018 17:45:39, 12/17/2018 17:46:08 ,,
E,776,U,U,23250,23279, 12/17/2018 17:46:09, 12/17/2018 17:46:38 ,,
E,777,U,U,23280,23309, 12/17/2018 17:46:39, 12/17/2018 17:47:08 ,,
E,778,U,U,23310,23339, 12/17/2018 17:47:09, 12/17/2018 17:47:38 ,,
E,779,U,U,23340,23369, 12/17/2018 17:47:39, 12/17/2018 17:48:08 ,,
E,780,2, N2,23370,23399, 12/17/2018 17:48:09, 12/17/2018 17:48:38 ,,
E,781,2, N2,23400,23429, 12/17/2018 17:48:39, 12/17/2018 17:49:08 ,,
E,782,2, N2,23430,23459, 12/17/2018 17:49:09, 12/17/2018 17:49:38 ,,
E,783,2, N2,23460,23489, 12/17/2018 17:49:39, 12/17/2018 17:50:08 ,,
E,784,2, N2,23490,23519, 12/17/2018 17:50:09, 12/17/2018 17:50:38 ,,
E,785,2, N2,23520,23549, 12/17/2018 17:50:39, 12/17/2018 17:51:08 ,,
E,786,2, N2,23550,23579, 12/17/2018 17:51:09, 12/17/2018 17:51:38 ,,
E,787,2, N2,23580,23609, 12/17/2018 17:51:39, 12/17/2018 17:52:08 ,,
E,788,2, N2,23610,23639, 12/17/2018 17:52:09, 12/17/2018 17:52:38 ,,
E,789,2, N2,23640,23669, 12/17/2018 17:52:39, 12/17/2018 17:53:08 ,,
E,790,2, N2,23670,23699, 12/17/2018 17:53:09, 12/17/2018 17:53:38 ,,
E,791,5, W,23700,23729, 12/17/2018 17:53:39, 12/17/2018 17:54:08 ,,
E,792,U,U,23730,23759, 12/17/2018 17:54:09, 12/17/2018 17:54:38 ,,
E,793,2, N2,23760,23789, 12/17/2018 17:54:39, 12/17/2018 17:55:08 ,,
E,794,2, N2,23790,23819, 12/17/2018 17:55:09, 12/17/2018 17:55:38 ,,
E,795,2, N2,23820,23849, 12/17/2018 17:55:39, 12/17/2018 17:56:08 ,,
E,796,2, N2,23850,23879, 12/17/2018 17:56:09, 12/17/2018 17:56:38 ,,
E,797,2, N2,23880,23909, 12/17/2018 17:56:39, 12/17/2018 17:57:08 ,,
E,798,2, N2,23910,23939, 12/17/2018 17:57:09, 12/17/2018 17:57:38 ,,
E,799,2, N2,23940,23969, 12/17/2018 17:57:39, 12/17/2018 17:58:08 ,,
E,800,2, N2,23970,23999, 12/17/2018 17:58:09, 12/17/2018 17:58:38 ,,
E,801,2, N2,24000,24029, 12/17/2018 17:58:39, 12/17/2018 17:59:08 ,,
E,802,2, N2,24030,24059, 12/17/2018 17:59:09, 12/17/2018 17:59:38 ,,
E,803,2, N2,24060,24089, 12/17/2018 17:59:39, 12/17/2018 18:00:08 ,,
E,804,2, N2,24090,24119, 12/17/2018 18:00:09, 12/17/2018 18:00:38 ,,
E,805,2, N2,24120,24149, 12/17/2018 18:00:39, 12/17/2018 18:01:08 ,,
E,806,2, N2,24150,24179, 12/17/2018 18:01:09, 12/17/2018 18:01:38 ,,
E,807,2, N2,24180,24209, 12/17/2018 18:01:39, 12/17/2018 18:02:08 ,,
E,808,U,U,24210,24239, 12/17/2018 18:02:09, 12/17/2018 18:02:38 ,,
E,809,2, N2,24240,24269, 12/17/2018 18:02:39, 12/17/2018 18:03:08 ,,
E,810,2, N2,24270,24299, 12/17/2018 18:03:09, 12/17/2018 18:03:38 ,,
E,811,2, N2,24300,24329, 12/17/2018 18:03:39, 12/17/2018 18:04:08 ,,
E,812,2, N2,24330,24359, 12/17/2018 18:04:09, 12/17/2018 18:04:38 ,,
E,813,2, N2,24360,24389, 12/17/2018 18:04:39, 12/17/2018 18:05:08 ,,
E,814,2, N2,24390,24419, 12/17/2018 18:05:09, 12/17/2018 18:05:38 ,,
E,815,2, N2,24420,24449, 12/17/2018 18:05:39, 12/17/2018 18:06:08 ,,
E,816,2, N2,24450,24479, 12/17/2018 18:06:09, 12/17/2018 18:06:38 ,,
E,817,2, N2,24480,24509, 12/17/2018 18:06:39, 12/17/2018 18:07:08 ,,
E,818,2, N2,24510,24539, 12/17/2018 18:07:09, 12/17/2018 18:07:38 ,,
E,819,2, N2,24540,24569, 12/17/2018 18:07:39, 12/17/2018 18:08:08 ,,
E,820,2, N2,24570,24599, 12/17/2018 18:08:09, 12/17/2018 18:08:38 ,,
E,821,2, N2,24600,24629, 12/17/2018 18:08:39, 12/17/2018 18:09:08 ,,
E,822,2, N2,24630,24659, 12/17/2018 18:09:09, 12/17/2018 18:09:38 ,,
E,823,2, N2,24660,24689, 12/17/2018 18:09:39, 12/17/2018 18:10:08 ,,
E,824,2, N2,24690,24719, 12/17/2018 18:10:09, 12/17/2018 18:10:38 ,,
E,825,U,U,24720,24749, 12/17/2018 18:10:39, 12/17/2018 18:11:08 ,,
E,826,5, W,24750,24779, 12/17/2018 18:11:09, 12/17/2018 18:11:38 ,,
E,827,U,U,24780,24809, 12/17/2018 18:11:39, 12/17/2018 18:12:08 ,,
E,828,U,U,24810,24839, 12/17/2018 18:12:09, 12/17/2018 18:12:38 ,,
E,829,2, N2,24840,24869, 12/17/2018 18:12:39, 12/17/2018 18:13:08 ,,
E,830,2, N2,24870,24899, 12/17/2018 18:13:09, 12/17/2018 18:13:38 ,,
E,831,2, N2,24900,24929, 12/17/2018 18:13:39, 12/17/2018 18:14:08 ,,
E,832,2, N2,24930,24959, 12/17/2018 18:14:09, 12/17/2018 18:14:38 ,,
E,833,2, N2,24960,24989, 12/17/2018 18:14:39, 12/17/2018 18:15:08 ,,
E,834,2, N2,24990,25019, 12/17/2018 18:15:09, 12/17/2018 18:15:38 ,,
E,835,2, N2,25020,25049, 12/17/2018 18:15:39, 12/17/2018 18:16:08 ,,
E,836,2, N2,25050,25079, 12/17/2018 18:16:09, 12/17/2018 18:16:38 ,,
E,837,5, W,25080,25109, 12/17/2018 18:16:39, 12/17/2018 18:17:08 ,,
E,838,5, W,25110,25139, 12/17/2018 18:17:09, 12/17/2018 18:17:38 ,,
E,839,U,U,25140,25169, 12/17/2018 18:17:39, 12/17/2018 18:18:08 ,,
E,840,U,U,25170,25199, 12/17/2018 18:18:09, 12/17/2018 18:18:38 ,,
E,841,U,U,25200,25229, 12/17/2018 18:18:39, 12/17/2018 18:19:08 ,,
E,842,U,U,25230,25259, 12/17/2018 18:19:09, 12/17/2018 18:19:38 ,,
E,843,U,U,25260,25289, 12/17/2018 18:19:39, 12/17/2018 18:20:08 ,,
E,844,5, W,25290,25319, 12/17/2018 18:20:09, 12/17/2018 18:20:38 ,,
E,845,U,U,25320,25349, 12/17/2018 18:20:39, 12/17/2018 18:21:08 ,,
E,846,U,U,25350,25379, 12/17/2018 18:21:09, 12/17/2018 18:21:38 ,,
E,847,U,U,25380,25409, 12/17/2018 18:21:39, 12/17/2018 18:22:08 ,,
E,848,U,U,25410,25439, 12/17/2018 18:22:09, 12/17/2018 18:22:38 ,,
E,849,U,U,25440,25469, 12/17/2018 18:22:39, 12/17/2018 18:23:08 ,,
E,850,U,U,25470,25499, 12/17/2018 18:23:09, 12/17/2018 18:23:38 ,,
E,851,U,U,25500,25529, 12/17/2018 18:23:39, 12/17/2018 18:24:08 ,,
E,852,5, W,25530,25559, 12/17/2018 18:24:09, 12/17/2018 18:24:38 ,,
E,853,U,U,25560,25589, 12/17/2018 18:24:39, 12/17/2018 18:25:08 ,,
E,854,U,U,25590,25619, 12/17/2018 18:25:09, 12/17/2018 18:25:38 ,,
E,855,U,U,25620,25649, 12/17/2018 18:25:39, 12/17/2018 18:26:08 ,,
E,856,U,U,25650,25679, 12/17/2018 18:26:09, 12/17/2018 18:26:38 ,,
E,857,U,U,25680,25709, 12/17/2018 18:26:39, 12/17/2018 18:27:08 ,,
E,858,U,U,25710,25739, 12/17/2018 18:27:09, 12/17/2018 18:27:38 ,,
E,859,U,U,25740,25769, 12/17/2018 18:27:39, 12/17/2018 18:28:08 ,,
E,860,5, W,25770,25799, 12/17/2018 18:28:09, 12/17/2018 18:28:38 ,,
E,861,U,U,25800,25829, 12/17/2018 18:28:39, 12/17/2018 18:29:08 ,,
E,862,5, W,25830,25859, 12/17/2018 18:29:09, 12/17/2018 18:29:38 ,,
E,863,U,U,25860,25889, 12/17/2018 18:29:39, 12/17/2018 18:30:08 ,,
E,864,U,U,25890,25919, 12/17/2018 18:30:09, 12/17/2018 18:30:38 ,,
E,865,U,U,25920,25949, 12/17/2018 18:30:39, 12/17/2018 18:31:08 ,,
E,866,U,U,25950,25979, 12/17/2018 18:31:09, 12/17/2018 18:31:38 ,,
E,867,U,U,25980,26009, 12/17/2018 18:31:39, 12/17/2018 18:32:08 ,,
E,868,U,U,26010,26039, 12/17/2018 18:32:09, 12/17/2018 18:32:38 ,,
E,869,U,U,26040,26069, 12/17/2018 18:32:39, 12/17/2018 18:33:08 ,,
E,870,U,U,26070,26099, 12/17/2018 18:33:09, 12/17/2018 18:33:38 ,,
E,871,U,U,26100,26129, 12/17/2018 18:33:39, 12/17/2018 18:34:08 ,,
E,872,U,U,26130,26159, 12/17/2018 18:34:09, 12/17/2018 18:34:38 ,,
E,873,U,U,26160,26189, 12/17/2018 18:34:39, 12/17/2018 18:35:08 ,,
E,874,U,U,26190,26219, 12/17/2018 18:35:09, 12/17/2018 18:35:38 ,,
E,875,U,U,26220,26249, 12/17/2018 18:35:39, 12/17/2018 18:36:08 ,,
E,876,U,U,26250,26279, 12/17/2018 18:36:09, 12/17/2018 18:36:38 ,,
E,877,U,U,26280,26309, 12/17/2018 18:36:39, 12/17/2018 18:37:08 ,,
E,878,U,U,26310,26339, 12/17/2018 18:37:09, 12/17/2018 18:37:38 ,,
E,879,U,U,26340,26369, 12/17/2018 18:37:39, 12/17/2018 18:38:08 ,,
E,880,U,U,26370,26399, 12/17/2018 18:38:09, 12/17/2018 18:38:38 ,,
E,881,U,U,26400,26429, 12/17/2018 18:38:39, 12/17/2018 18:39:08 ,,
E,882,U,U,26430,26459, 12/17/2018 18:39:09, 12/17/2018 18:39:38 ,,
E,883,U,U,26460,26489, 12/17/2018 18:39:39, 12/17/2018 18:40:08 ,,
E,884,U,U,26490,26519, 12/17/2018 18:40:09, 12/17/2018 18:40:38 ,,
E,885,U,U,26520,26549, 12/17/2018 18:40:39, 12/17/2018 18:41:08 ,,
E,886,U,U,26550,26579, 12/17/2018 18:41:09, 12/17/2018 18:41:38 ,,
E,887,U,U,26580,26609, 12/17/2018 18:41:39, 12/17/2018 18:42:08 ,,
E,888,U,U,26610,26639, 12/17/2018 18:42:09, 12/17/2018 18:42:38 ,,
E,889,5, W,26640,26669, 12/17/2018 18:42:39, 12/17/2018 18:43:08 ,,
E,890,U,U,26670,26699, 12/17/2018 18:43:09, 12/17/2018 18:43:38 ,,
E,891,U,U,26700,26729, 12/17/2018 18:43:39, 12/17/2018 18:44:08 ,,
E,892,U,U,26730,26759, 12/17/2018 18:44:09, 12/17/2018 18:44:38 ,,
E,893,U,U,26760,26789, 12/17/2018 18:44:39, 12/17/2018 18:45:08 ,,
E,894,U,U,26790,26819, 12/17/2018 18:45:09, 12/17/2018 18:45:38 ,,
E,895,5, W,26820,26849, 12/17/2018 18:45:39, 12/17/2018 18:46:08 ,,
E,896,5, W,26850,26879, 12/17/2018 18:46:09, 12/17/2018 18:46:38 ,,
E,897,U,U,26880,26909, 12/17/2018 18:46:39, 12/17/2018 18:47:08 ,,
E,898,U,U,26910,26939, 12/17/2018 18:47:09, 12/17/2018 18:47:38 ,,
E,899,5, W,26940,26969, 12/17/2018 18:47:39, 12/17/2018 18:48:08 ,,
E,900,5, W,26970,26999, 12/17/2018 18:48:09, 12/17/2018 18:48:38 ,,
E,901,U,U,27000,27029, 12/17/2018 18:48:39, 12/17/2018 18:49:08 ,,
E,902,U,U,27030,27059, 12/17/2018 18:49:09, 12/17/2018 18:49:38 ,,
E,903,U,U,27060,27089, 12/17/2018 18:49:39, 12/17/2018 18:50:08 ,,
E,904,U,U,27090,27119, 12/17/2018 18:50:09, 12/17/2018 18:50:38 ,,
E,905,U,U,27120,27149, 12/17/2018 18:50:39, 12/17/2018 18:51:08 ,,
E,906,U,U,27150,27179, 12/17/2018 18:51:09, 12/17/2018 18:51:38 ,,
E,907,U,U,27180,27209, 12/17/2018 18:51:39, 12/17/2018 18:52:08 ,,
E,908,U,U,27210,27239, 12/17/2018 18:52:09, 12/17/2018 18:52:38 ,,
E,909,U,U,27240,27269, 12/17/2018 18:52:39, 12/17/2018 18:53:08 ,,
E,910,U,U,27270,27299, 12/17/2018 18:53:09, 12/17/2018 18:53:38 ,,
E,911,U,U,27300,27329, 12/17/2018 18:53:39, 12/17/2018 18:54:08 ,,
E,912,U,U,27330,27359, 12/17/2018 18:54:09, 12/17/2018 18:54:38 ,,
E,913,U,U,27360,27389, 12/17/2018 18:54:39, 12/17/2018 18:55:08 ,,
E,914,U,U,27390,27419, 12/17/2018 18:55:09, 12/17/2018 18:55:38 ,,
E,915,U,U,27420,27449, 12/17/2018 18:55:39, 12/17/2018 18:56:08 ,,
E,916,U,U,27450,27479, 12/17/2018 18:56:09, 12/17/2018 18:56:38 ,,
E,917,5, W,27480,27509, 12/17/2018 18:56:39, 12/17/2018 18:57:08 ,,
E,918,U,U,27510,27539, 12/17/2018 18:57:09, 12/17/2018 18:57:38 ,,
E,919,U,U,27540,27569, 12/17/2018 18:57:39, 12/17/2018 18:58:08 ,,
E,920,U,U,27570,27599, 12/17/2018 18:58:09, 12/17/2018 18:58:38 ,,
E,921,U,U,27600,27629, 12/17/2018 18:58:39, 12/17/2018 18:59:08 ,,
E,922,5, W,27630,27659, 12/17/2018 18:59:09, 12/17/2018 18:59:38 ,,
E,923,U,U,27660,27689, 12/17/2018 18:59:39, 12/17/2018 19:00:08 ,,
E,924,U,U,27690,27719, 12/17/2018 19:00:09, 12/17/2018 19:00:38 ,,
E,925,U,U,27720,27749, 12/17/2018 19:00:39, 12/17/2018 19:01:08 ,,
E,926,U,U,27750,27779, 12/17/2018 19:01:09, 12/17/2018 19:01:38 ,,
E,927,5, W,27780,27809, 12/17/2018 19:01:39, 12/17/2018 19:02:08 ,,
E,928,U,U,27810,27839, 12/17/2018 19:02:09, 12/17/2018 19:02:38 ,,
E,929,U,U,27840,27869, 12/17/2018 19:02:39, 12/17/2018 19:03:08 ,,
E,930,U,U,27870,27899, 12/17/2018 19:03:09, 12/17/2018 19:03:38 ,,
E,931,U,U,27900,27929, 12/17/2018 19:03:39, 12/17/2018 19:04:08 ,,
E,932,U,U,27930,27959, 12/17/2018 19:04:09, 12/17/2018 19:04:38 ,,
E,933,U,U,27960,27989, 12/17/2018 19:04:39, 12/17/2018 19:05:08 ,,
LOUT,1,,,,,,,,
LON,932,,,,,,,,
,,,,,,,,,
,,,,,,,,,
,,,,,,,,,
,,,,,,,,,
,,,,,,,,,
,,,,,,,,,
,,,,,,,,,
,,,,,,,,,
,,,,,,,,,
,,,,,,,,,
,,,,,,,,,
,,,,,,,,,
,,,,,,,,,
,,,,,,,,,
,,,,,,,,,
